SubjectID,PPGfeature,fingertip_value,ring_value
NUS2001,PulseWidth_sec,0.864555556,0.86
NUS2001,PulseWidth_sec,0.811903226,0.812666667
NUS2001,PulseWidth_sec,0.790086957,0.800645161
NUS2001,PulseWidth_sec,0.716,0.710588235
NUS2001,PulseWidth_sec,0.848736842,0.864
NUS2001,PulseWidth_sec,0.860590909,0.888
NUS2001,PulseWidth_sec,0.983071429,0.971
NUS2001,PulseWidth_sec,1.006,1.011764706
NUS2001,PulseWidth_sec,0.861695652,0.843448276
NUS2001,PulseWidth_sec,0.996692308,1.002857143
NUS2001,PulseWidth_sec,0.968041667,0.964
NUS2001,PulseWidth_sec,1.02024,1.013333333
NUS2001,PulseWidth_sec,0.988681818,0.992
NUS2001,PulseWidth_sec,0.854392857,0.86173913
NUS2001,PulseWidth_sec,0.907692308,0.921333333
NUS2001,PulseWidth_sec,1.096333333,1.028421053
NUS2001,PulseWidth_sec,0.917695652,0.9125
NUS2001,PulseWidth_sec,1.011058824,1.02
NUS2001,PulseWidth_sec,0.902642857,0.9032
NUS2001,PulseWidth_sec,0.971105263,0.925
NUS2001,CT_sec,0.193058824,0.285517241
NUS2001,CT_sec,0.198478261,0.238571429
NUS2001,CT_sec,0.170571429,0.161818182
NUS2001,CT_sec,0.1768,0.276666667
NUS2001,CT_sec,0.178526316,0.261290323
NUS2001,CT_sec,0.185285714,0.252592593
NUS2001,CT_sec,0.192304348,0.253076923
NUS2001,CT_sec,0.182785714,0.200909091
NUS2001,CT_sec,0.216103448,0.269285714
NUS2001,CT_sec,0.2108,0.208571429
NUS2001,CT_sec,0.206266667,0.198333333
NUS2001,CT_sec,0.1974,0.31
NUS2001,CT_sec,0.207380952,0.229411765
NUS2001,CT_sec,0.207818182,0.206153846
NUS2001,CT_sec,0.2082,0.206666667
NUS2001,CT_sec,0.210789474,0.2
NUS2001,CT_sec,0.21075,0.215
NUS2001,CT_sec,0.213181818,0.227692308
NUS2001,CT_sec,0.2145,0.2696
NUS2001,CT_sec,0.180695652,0.1725
NUS2001,dT_sec,0.241823529,0.235862069
NUS2001,dT_sec,0.281,0.262222222
NUS2001,dT_sec,0.274619048,0.196296296
NUS2001,dT_sec,0.34525,0.2325
NUS2001,dT_sec,0.283214286,0.249230769
NUS2001,dT_sec,0.2608,0.246153846
NUS2001,dT_sec,0.312354839,0.246451613
NUS2001,dT_sec,0.286454545,0.318333333
NUS2001,dT_sec,0.266923077,0.308
NUS2001,dT_sec,0.366375,0.356923077
NUS2001,dT_sec,0.357421053,0.364
NUS2001,dT_sec,0.357846154,0.355555556
NUS2001,dT_sec,0.35964,0.343333333
NUS2001,dT_sec,0.346,0.36125
NUS2001,dT_sec,0.32,0.356
NUS2001,dT_sec,0.2990625,0.305555556
NUS2001,dT_sec,0.379,0.267368421
NUS2001,dT_sec,0.298130435,0.245
NUS2001,dT_sec,0.322111111,0.3325
NUS2001,dT_sec,0.299375,0.285333333
NUS2001,dT_samples,73.15625,55.9
NUS2001,dT_samples,60.82352941,65.6
NUS2001,dT_samples,35.47058824,57.04761905
NUS2001,dT_samples,72.32258065,60.25806452
NUS2001,dT_samples,64,63.35
NUS2001,dT_samples,43.8,56.45454545
NUS2001,dT_samples,72.23076923,70.11111111
NUS2001,dT_samples,70.17391304,64.66666667
NUS2001,dT_samples,70.8,65.28571429
NUS2001,dT_samples,42.66666667,66.625
NUS2001,dT_samples,51,59.5
NUS2001,dT_samples,62.125,63.66666667
NUS2001,dT_samples,60.66666667,57.58333333
NUS2001,dT_samples,52.66666667,46.375
NUS2001,dT_samples,60.21428571,62
NUS2001,dT_samples,46,58.64705882
NUS2001,dT_samples,68.19047619,71.77777778
NUS2001,dT_samples,69.375,63.86666667
NUS2001,dT_samples,68.9,66.90909091
NUS2001,dT_samples,67.83333333,62.21428571
NUS2001,CT_samples,46.84210526,69.21052632
NUS2001,CT_samples,51.32,72.14705882
NUS2001,CT_samples,48.63157895,63.94736842
NUS2001,CT_samples,50.76666667,68.40625
NUS2001,CT_samples,55.34482759,68.75862069
NUS2001,CT_samples,57.25806452,65.16666667
NUS2001,CT_samples,52.3,65.56
NUS2001,CT_samples,36.28571429,33.54545455
NUS2001,CT_samples,40.71428571,59.12
NUS2001,CT_samples,39.9,43.05
NUS2001,CT_samples,47.69230769,45.4
NUS2001,CT_samples,43.15384615,45.11764706
NUS2001,CT_samples,41.95238095,37.88888889
NUS2001,CT_samples,41.28571429,42.27272727
NUS2001,CT_samples,41.58823529,38.90909091
NUS2001,CT_samples,44.06666667,51.77777778
NUS2001,CT_samples,33.25,46.17647059
NUS2001,CT_samples,35.6,53.65
NUS2001,CT_samples,43.94736842,41.5
NUS2001,CT_samples,42.30769231,42.8125
NUS2001,RI_ratio,0.613197875,0.829477942
NUS2001,RI_ratio,0.665831206,0.887593736
NUS2001,RI_ratio,0.692120206,0.795297124
NUS2001,RI_ratio,0.640170229,0.889801092
NUS2001,RI_ratio,1.355747135,0.445158596
NUS2001,RI_ratio,0.223367713,0.413565837
NUS2001,RI_ratio,0.607923651,0.840677972
NUS2001,RI_ratio,0.592234128,0.843983328
NUS2001,RI_ratio,0.525068201,0.767983645
NUS2001,RI_ratio,0.395045515,0.569263245
NUS2001,RI_ratio,0.534752106,0.79220052
NUS2001,RI_ratio,0.443881092,0.653455681
NUS2001,RI_ratio,0.433439172,0.639775887
NUS2001,RI_ratio,0.49582605,0.693919351
NUS2001,RI_ratio,0.508670764,0.727838058
NUS2001,RI_ratio,0.517106772,0.720066895
NUS2001,RI_ratio,0.484477584,0.727725351
NUS2001,RI_ratio,0.521907753,0.78612298
NUS2001,RI_ratio,0.445105972,0.707332073
NUS2001,RI_ratio,0.732465204,0.833220208
NUS2002,PulseWidth_sec,0.9185,0.913636364
NUS2002,PulseWidth_sec,0.890181818,0.903333333
NUS2002,PulseWidth_sec,0.88375,0.891538462
NUS2002,PulseWidth_sec,0.902944444,0.926666667
NUS2002,PulseWidth_sec,0.863941176,0.853846154
NUS2002,PulseWidth_sec,0.890043478,0.885
NUS2002,PulseWidth_sec,0.87462069,0.876296296
NUS2002,PulseWidth_sec,0.867153846,0.863478261
NUS2002,PulseWidth_sec,0.89125,0.895862069
NUS2002,PulseWidth_sec,0.806666667,0.806
NUS2002,PulseWidth_sec,0.816366667,0.819166667
NUS2002,PulseWidth_sec,0.839392857,0.843870968
NUS2002,PulseWidth_sec,0.798107143,0.813636364
NUS2002,PulseWidth_sec,0.808071429,0.807058824
NUS2002,PulseWidth_sec,0.8336875,0.836923077
NUS2002,PulseWidth_sec,0.816913043,0.821538462
NUS2002,PulseWidth_sec,0.80828125,0.807857143
NUS2002,PulseWidth_sec,0.923,0.842142857
NUS2002,PulseWidth_sec,0.84021875,0.845
NUS2002,PulseWidth_sec,0.81853125,0.82
NUS2002,CT_sec,0.188892857,0.192
NUS2002,CT_sec,0.227045455,0.241666667
NUS2002,CT_sec,0.181533333,0.213043478
NUS2002,CT_sec,0.1953,0.186153846
NUS2002,CT_sec,0.198038462,0.183
NUS2002,CT_sec,0.188259259,0.186363636
NUS2002,CT_sec,0.177347826,0.178823529
NUS2002,CT_sec,0.183423077,0.1825
NUS2002,CT_sec,0.196222222,0.185
NUS2002,CT_sec,0.193827586,0.181111111
NUS2002,CT_sec,0.18952381,0.17875
NUS2002,CT_sec,0.17776,0.223636364
NUS2002,CT_sec,0.19930303,0.221538462
NUS2002,CT_sec,0.192925926,0.198888889
NUS2002,CT_sec,0.195296296,0.219285714
NUS2002,CT_sec,0.189961538,0.274166667
NUS2002,CT_sec,0.190857143,0.266666667
NUS2002,CT_sec,0.18525,0.185
NUS2002,CT_sec,0.172666667,0.275454545
NUS2002,CT_sec,0.18337037,0.202068966
NUS2002,dT_sec,0.319142857,0.34
NUS2002,dT_sec,0.33373913,0.344347826
NUS2002,dT_sec,0.327608696,0.3392
NUS2002,dT_sec,0.249857143,0.309473684
NUS2002,dT_sec,0.308833333,0.324444444
NUS2002,dT_sec,0.308310345,0.316296296
NUS2002,dT_sec,0.306846154,0.32
NUS2002,dT_sec,0.306464286,0.317241379
NUS2002,dT_sec,0.303172414,0.321428571
NUS2002,dT_sec,0.307322581,0.312142857
NUS2002,dT_sec,0.310625,0.329285714
NUS2002,dT_sec,0.308433333,0.311818182
NUS2002,dT_sec,0.307111111,0.273571429
NUS2002,dT_sec,0.312827586,0.326315789
NUS2002,dT_sec,0.3198125,0.262424242
NUS2002,dT_sec,0.305034483,0.312142857
NUS2002,dT_sec,0.30737037,0.333043478
NUS2002,dT_sec,0.301806452,0.295
NUS2002,dT_sec,0.241222222,0.292173913
NUS2002,dT_sec,0.281185185,0.252
NUS2002,dT_samples,67.38095238,74.23529412
NUS2002,dT_samples,72.36,68
NUS2002,dT_samples,72.4,69.15384615
NUS2002,dT_samples,73.48,65.42857143
NUS2002,dT_samples,68.875,61.5
NUS2002,dT_samples,64.72222222,49.66666667
NUS2002,dT_samples,75.0952381,43.5
NUS2002,dT_samples,70.5,73.41176471
NUS2002,dT_samples,76.14814815,72.06666667
NUS2002,dT_samples,74.82608696,77
NUS2002,dT_samples,69.67857143,69.04761905
NUS2002,dT_samples,68.5862069,69.92
NUS2002,dT_samples,70.51612903,70.28
NUS2002,dT_samples,72,76.42857143
NUS2002,dT_samples,73.3125,76.8
NUS2002,dT_samples,76.92307692,78.2
NUS2002,dT_samples,77.68421053,71.9
NUS2002,dT_samples,78.71875,78.65625
NUS2002,dT_samples,64.57142857,69.72727273
NUS2002,dT_samples,70.13333333,82.23076923
NUS2002,CT_samples,42.1,42.03846154
NUS2002,CT_samples,40.53571429,40.66666667
NUS2002,CT_samples,41.39285714,38.45454545
NUS2002,CT_samples,42.75,47.39130435
NUS2002,CT_samples,43.13333333,47
NUS2002,CT_samples,46.64,42.53846154
NUS2002,CT_samples,42.69230769,40.16666667
NUS2002,CT_samples,42.89473684,37.33333333
NUS2002,CT_samples,43.08333333,39.69565217
NUS2002,CT_samples,44.6,40.6
NUS2002,CT_samples,42.7037037,42.96
NUS2002,CT_samples,41,47.35714286
NUS2002,CT_samples,47.35483871,48.78571429
NUS2002,CT_samples,46.93333333,48.09677419
NUS2002,CT_samples,47.03703704,44.73333333
NUS2002,CT_samples,45.23333333,46.59090909
NUS2002,CT_samples,43.83870968,43.72222222
NUS2002,CT_samples,46.5,44.66666667
NUS2002,CT_samples,48.13043478,44.88461538
NUS2002,CT_samples,43.04166667,46.67857143
NUS2002,RI_ratio,0.621740476,0.731045769
NUS2002,RI_ratio,0.630085516,0.730362634
NUS2002,RI_ratio,0.745971598,0.882155357
NUS2002,RI_ratio,0.702266063,0.881717291
NUS2002,RI_ratio,0.535033037,0.84614025
NUS2002,RI_ratio,0.591135382,0.888413547
NUS2002,RI_ratio,0.695110024,0.625070584
NUS2002,RI_ratio,0.654284561,0.694797282
NUS2002,RI_ratio,0.634087456,0.818756049
NUS2002,RI_ratio,0.685045631,0.732609083
NUS2002,RI_ratio,0.605752361,0.664748153
NUS2002,RI_ratio,0.546001875,0.63581299
NUS2002,RI_ratio,0.610391824,0.641876295
NUS2002,RI_ratio,0.602148771,0.733173852
NUS2002,RI_ratio,0.488362494,0.568506601
NUS2002,RI_ratio,0.519719215,0.60260732
NUS2002,RI_ratio,0.518566754,0.575383572
NUS2002,RI_ratio,0.498393865,0.792670819
NUS2002,RI_ratio,0.446398078,0.628490602
NUS2002,RI_ratio,0.47852467,0.614830316
NUS2003,PulseWidth_sec,0.750689655,0.753684211
NUS2003,PulseWidth_sec,0.727153846,0.70375
NUS2003,PulseWidth_sec,0.984764706,0.976923077
NUS2003,PulseWidth_sec,0.961076923,0.965714286
NUS2003,PulseWidth_sec,0.924,0.932727273
NUS2003,PulseWidth_sec,0.991833333,0.97
NUS2003,PulseWidth_sec,0.967944444,0.942
NUS2003,PulseWidth_sec,0.871115385,0.885
NUS2003,PulseWidth_sec,0.901666667,0.885454545
NUS2003,PulseWidth_sec,1.242,0.781666667
NUS2003,PulseWidth_sec,1.060888889,0.981428571
NUS2003,PulseWidth_sec,1.00325,0.977777778
NUS2003,PulseWidth_sec,1.086333333,1.012
NUS2003,PulseWidth_sec,1.051428571,1.035
NUS2003,PulseWidth_sec,1.0113,0.96
NUS2003,PulseWidth_sec,1.06,0.922
NUS2003,PulseWidth_sec,0.8468125,0.851851852
NUS2003,PulseWidth_sec,0.877882353,0.875
NUS2003,PulseWidth_sec,1.188666667,0.910526316
NUS2003,PulseWidth_sec,1.183714286,1.029090909
NUS2003,CT_sec,0.1645,0.162857143
NUS2003,CT_sec,0.191428571,0.263076923
NUS2003,CT_sec,0.205153846,0.291851852
NUS2003,CT_sec,0.21575,0.264444444
NUS2003,CT_sec,0.303,0.244
NUS2003,CT_sec,0.301,0.261666667
NUS2003,CT_sec,0.211,0.302
NUS2003,CT_sec,0.188,0.214285714
NUS2003,CT_sec,0.1895,0.208
NUS2003,CT_sec,0.192266667,0.205333333
NUS2003,CT_sec,0.187857143,0.206
NUS2003,CT_sec,0.201,0.269
NUS2003,CT_sec,0.1952,0.237777778
NUS2003,CT_sec,0.1915,0.228695652
NUS2003,CT_sec,0.1909,0.219
NUS2003,CT_sec,0.196,0.261428571
NUS2003,CT_sec,0.216785714,0.255454545
NUS2003,CT_sec,0.229,0.277333333
NUS2003,CT_sec,0.1865,0.185263158
NUS2003,CT_sec,0.283666667,0.313846154
NUS2003,dT_sec,0.2445,0.265714286
NUS2003,dT_sec,0.210363636,0.263478261
NUS2003,dT_sec,0.250466667,0.254074074
NUS2003,dT_sec,0.1971,0.264
NUS2003,dT_sec,0.296,0.316
NUS2003,dT_sec,0.239,0.301052632
NUS2003,dT_sec,0.215545455,0.329
NUS2003,dT_sec,0.1955,0.328888889
NUS2003,dT_sec,0.241285714,0.356
NUS2003,dT_sec,0.211,0.31125
NUS2003,dT_sec,0.185529412,0.298181818
NUS2003,dT_sec,0.2546,0.324
NUS2003,dT_sec,0.216043478,0.311304348
NUS2003,dT_sec,0.254666667,0.338095238
NUS2003,dT_sec,0.208333333,0.292
NUS2003,dT_sec,0.315666667,0.3
NUS2003,dT_sec,0.299483871,0.302758621
NUS2003,dT_sec,0.184045455,0.306428571
NUS2003,dT_sec,0.262521739,0.286956522
NUS2003,dT_sec,0.1752,0.336363636
NUS2003,dT_samples,52.17391304,79.10526316
NUS2003,dT_samples,43.23076923,62.33333333
NUS2003,dT_samples,47.38461538,56.45454545
NUS2003,dT_samples,40.95,67.15
NUS2003,dT_samples,45.72222222,65.03703704
NUS2003,dT_samples,53.84615385,56.375
NUS2003,dT_samples,65.66666667,64.56521739
NUS2003,dT_samples,47,49.68181818
NUS2003,dT_samples,39.63636364,60.9
NUS2003,dT_samples,38,61
NUS2003,dT_samples,36.22222222,62
NUS2003,dT_samples,40.75,63.82352941
NUS2003,dT_samples,36.83333333,58.93333333
NUS2003,dT_samples,48.88888889,66.69230769
NUS2003,dT_samples,40.91666667,68.72
NUS2003,dT_samples,60.73076923,53.11111111
NUS2003,dT_samples,47.5,51.33333333
NUS2003,dT_samples,36.4375,65.76923077
NUS2003,dT_samples,53,59.7
NUS2003,dT_samples,37.16666667,46.5
NUS2003,CT_samples,40,43.80952381
NUS2003,CT_samples,39.46153846,35.75
NUS2003,CT_samples,39.16666667,37.7
NUS2003,CT_samples,43.15384615,60.37037037
NUS2003,CT_samples,55.91666667,66.55172414
NUS2003,CT_samples,45.45454545,56.7826087
NUS2003,CT_samples,48.31578947,62.61538462
NUS2003,CT_samples,39.75,55.40909091
NUS2003,CT_samples,35.45454545,40.89473684
NUS2003,CT_samples,36.25,41.66666667
NUS2003,CT_samples,36.75,45.27272727
NUS2003,CT_samples,35.83333333,40.1
NUS2003,CT_samples,36,40.35294118
NUS2003,CT_samples,37.1,44.65217391
NUS2003,CT_samples,33.8,39.42857143
NUS2003,CT_samples,35.9,41.45833333
NUS2003,CT_samples,42.12,44.62962963
NUS2003,CT_samples,46.8,58.93333333
NUS2003,CT_samples,43.75,46.53846154
NUS2003,CT_samples,36,39.94117647
NUS2003,RI_ratio,0.584976043,0.849488678
NUS2003,RI_ratio,0.727665358,0.860159565
NUS2003,RI_ratio,0.916915689,0.837621125
NUS2003,RI_ratio,0.787747877,0.82100246
NUS2003,RI_ratio,0.771619948,0.751176426
NUS2003,RI_ratio,0.740678281,0.865789783
NUS2003,RI_ratio,0.706627975,0.896270181
NUS2003,RI_ratio,0.707809626,0.893470107
NUS2003,RI_ratio,0.757605762,0.878809069
NUS2003,RI_ratio,0.759847945,0.889384041
NUS2003,RI_ratio,0.69922378,0.873957592
NUS2003,RI_ratio,0.763657449,0.873141249
NUS2003,RI_ratio,0.859392426,0.915634461
NUS2003,RI_ratio,0.785127243,0.855676209
NUS2003,RI_ratio,0.659099506,0.879614998
NUS2003,RI_ratio,0.910461299,0.902266757
NUS2003,RI_ratio,0.849436164,0.815033014
NUS2003,RI_ratio,0.703054119,0.880535878
NUS2003,RI_ratio,0.734600355,0.816069017
NUS2003,RI_ratio,0.657263737,0.823686964
NUS2004,PulseWidth_sec,0.85073913,0.8352
NUS2004,PulseWidth_sec,0.860714286,0.866153846
NUS2004,PulseWidth_sec,0.931230769,0.9256
NUS2004,PulseWidth_sec,0.85216129,0.853333333
NUS2004,PulseWidth_sec,0.9096875,0.902352941
NUS2004,PulseWidth_sec,0.846130435,0.85625
NUS2004,PulseWidth_sec,0.937037037,0.934814815
NUS2004,PulseWidth_sec,0.965851852,0.966153846
NUS2004,PulseWidth_sec,0.958956522,0.959259259
NUS2004,PulseWidth_sec,0.928074074,0.934074074
NUS2004,PulseWidth_sec,0.911130435,0.917142857
NUS2004,PulseWidth_sec,0.891482759,0.898461538
NUS2004,PulseWidth_sec,0.98275,0.985882353
NUS2004,PulseWidth_sec,0.995307692,0.993043478
NUS2004,PulseWidth_sec,1.002352941,1.017142857
NUS2004,PulseWidth_sec,1.051272727,1.048888889
NUS2004,PulseWidth_sec,1.069458333,1.065
NUS2004,PulseWidth_sec,1.128714286,1.129090909
NUS2004,PulseWidth_sec,1.127772727,1.128181818
NUS2004,PulseWidth_sec,1.114333333,1.123
NUS2004,CT_sec,0.170222222,0.199428571
NUS2004,CT_sec,0.168,0.194285714
NUS2004,CT_sec,0.152896552,0.18
NUS2004,CT_sec,0.149133333,0.17
NUS2004,CT_sec,0.175692308,0.204137931
NUS2004,CT_sec,0.15325,0.185882353
NUS2004,CT_sec,0.152333333,0.187
NUS2004,CT_sec,0.150961538,0.177777778
NUS2004,CT_sec,0.152714286,0.182857143
NUS2004,CT_sec,0.180347826,0.194285714
NUS2004,CT_sec,0.185304348,0.2048
NUS2004,CT_sec,0.18592,0.241428571
NUS2004,CT_sec,0.187035714,0.256296296
NUS2004,CT_sec,0.182791667,0.212380952
NUS2004,CT_sec,0.17575,0.176
NUS2004,CT_sec,0.191961538,0.252307692
NUS2004,CT_sec,0.19648,0.2488
NUS2004,CT_sec,0.194038462,0.244166667
NUS2004,CT_sec,0.19756,0.2184
NUS2004,CT_sec,0.193952381,0.230909091
NUS2004,dT_sec,0.35075,0.338181818
NUS2004,dT_sec,0.339904762,0.353846154
NUS2004,dT_sec,0.326105263,0.365714286
NUS2004,dT_sec,0.347071429,0.324615385
NUS2004,dT_sec,0.2265,0.322222222
NUS2004,dT_sec,0.36724,0.34875
NUS2004,dT_sec,0.348571429,0.320714286
NUS2004,dT_sec,0.342086957,0.3248
NUS2004,dT_sec,0.336,0.321538462
NUS2004,dT_sec,0.328,0.318095238
NUS2004,dT_sec,0.326541667,0.276153846
NUS2004,dT_sec,0.351882353,0.346666667
NUS2004,dT_sec,0.34325,0.321818182
NUS2004,dT_sec,0.31062963,0.264
NUS2004,dT_sec,0.2864,0.343636364
NUS2004,dT_sec,0.344954545,0.295
NUS2004,dT_sec,0.341777778,0.383636364
NUS2004,dT_sec,0.335777778,0.359
NUS2004,dT_sec,0.3314,0.424285714
NUS2004,dT_sec,0.355388889,0.334
NUS2004,dT_samples,81.82051282,77.69230769
NUS2004,dT_samples,80.14285714,80.86666667
NUS2004,dT_samples,55.12121212,74.05882353
NUS2004,dT_samples,70.1,65.03571429
NUS2004,dT_samples,61.57142857,58.6
NUS2004,dT_samples,71.40740741,64.21428571
NUS2004,dT_samples,72.66666667,63.75
NUS2004,dT_samples,66.28571429,62.91666667
NUS2004,dT_samples,61.92307692,54.65384615
NUS2004,dT_samples,66,70.9375
NUS2004,dT_samples,63.5625,74.2
NUS2004,dT_samples,58.5,63.83333333
NUS2004,dT_samples,49.31578947,72.33333333
NUS2004,dT_samples,66.7037037,61.52
NUS2004,dT_samples,67.58333333,64.38461538
NUS2004,dT_samples,66.22727273,61.76
NUS2004,dT_samples,65.33333333,65.40909091
NUS2004,dT_samples,61.2173913,55.9
NUS2004,dT_samples,62.31818182,58.46666667
NUS2004,dT_samples,63.77272727,75.05882353
NUS2004,CT_samples,43.87878788,52.13888889
NUS2004,CT_samples,39.84210526,44.33333333
NUS2004,CT_samples,41,45.3
NUS2004,CT_samples,38.6,42.75862069
NUS2004,CT_samples,39.57142857,42.42307692
NUS2004,CT_samples,34.27586207,39.2
NUS2004,CT_samples,38.66666667,42.44444444
NUS2004,CT_samples,36.875,37.29166667
NUS2004,CT_samples,32.66666667,46.73913043
NUS2004,CT_samples,38.61538462,53.85185185
NUS2004,CT_samples,38.82352941,44.95238095
NUS2004,CT_samples,37.9,43.45454545
NUS2004,CT_samples,37.84210526,42.43478261
NUS2004,CT_samples,37.30434783,36.375
NUS2004,CT_samples,37.66666667,36.63636364
NUS2004,CT_samples,38.66666667,43
NUS2004,CT_samples,39.19230769,44.88
NUS2004,CT_samples,35.34782609,41.15
NUS2004,CT_samples,36.34782609,35.15384615
NUS2004,CT_samples,36.65,41.2
NUS2004,RI_ratio,0.290224925,0.619619599
NUS2004,RI_ratio,0.274422461,0.615227136
NUS2004,RI_ratio,0.577362482,0.435842352
NUS2004,RI_ratio,0.483957465,0.553063867
NUS2004,RI_ratio,0.339343222,0.701143008
NUS2004,RI_ratio,0.046856121,0.487491802
NUS2004,RI_ratio,0.366562577,0.660059396
NUS2004,RI_ratio,0.385128601,0.686431035
NUS2004,RI_ratio,0.3625787,0.680733502
NUS2004,RI_ratio,0.46003033,0.812642351
NUS2004,RI_ratio,0.396623403,0.821236211
NUS2004,RI_ratio,0.51775675,0.887806725
NUS2004,RI_ratio,0.488946635,0.864881333
NUS2004,RI_ratio,0.471191948,0.636162115
NUS2004,RI_ratio,0.400517345,0.752646536
NUS2004,RI_ratio,0.363228833,0.70226098
NUS2004,RI_ratio,0.436873487,0.733724872
NUS2004,RI_ratio,0.423557711,0.733897157
NUS2004,RI_ratio,0.456401767,0.733375611
NUS2004,RI_ratio,0.547948739,0.685629188
NUS2005,PulseWidth_sec,1.1762,1.14375
NUS2005,PulseWidth_sec,1.179636364,1.161333333
NUS2005,PulseWidth_sec,1.149409091,1.143529412
NUS2005,PulseWidth_sec,1.1599375,1.165882353
NUS2005,PulseWidth_sec,1.150590909,1.151578947
NUS2005,PulseWidth_sec,1.208277778,1.185714286
NUS2005,PulseWidth_sec,1.247125,1.194
NUS2005,PulseWidth_sec,1.275294118,1.265
NUS2005,PulseWidth_sec,1.235117647,1.164444444
NUS2005,PulseWidth_sec,1.141538462,1.136
NUS2005,PulseWidth_sec,1.199105263,1.19
NUS2005,PulseWidth_sec,1.17,1.166315789
NUS2005,PulseWidth_sec,1.17575,1.161818182
NUS2005,PulseWidth_sec,1.195722222,1.19
NUS2005,PulseWidth_sec,1.1758,1.173
NUS2005,PulseWidth_sec,1.184190476,1.176666667
NUS2005,PulseWidth_sec,1.171,1.174736842
NUS2005,PulseWidth_sec,1.154428571,1.151
NUS2005,PulseWidth_sec,1.02404,1.0232
NUS2005,PulseWidth_sec,1.027692308,1.030769231
NUS2005,CT_sec,0.181904762,0.210666667
NUS2005,CT_sec,0.183590909,0.215454545
NUS2005,CT_sec,0.186611111,0.208888889
NUS2005,CT_sec,0.185727273,0.201052632
NUS2005,CT_sec,0.189111111,0.202222222
NUS2005,CT_sec,0.179285714,0.178666667
NUS2005,CT_sec,0.1775,0.175
NUS2005,CT_sec,0.178307692,0.176
NUS2005,CT_sec,0.178285714,0.175
NUS2005,CT_sec,0.188473684,0.232222222
NUS2005,CT_sec,0.187352941,0.225
NUS2005,CT_sec,0.1891,0.227619048
NUS2005,CT_sec,0.189714286,0.224444444
NUS2005,CT_sec,0.18,0.255
NUS2005,CT_sec,0.184545455,0.187368421
NUS2005,CT_sec,0.1859,0.204210526
NUS2005,CT_sec,0.186473684,0.221052632
NUS2005,CT_sec,0.187192308,0.195652174
NUS2005,CT_sec,0.181866667,0.18
NUS2005,CT_sec,0.188555556,0.271111111
NUS2005,dT_sec,0.3568,0.361052632
NUS2005,dT_sec,0.352380952,0.356
NUS2005,dT_sec,0.328789474,0.361818182
NUS2005,dT_sec,0.357944444,0.368888889
NUS2005,dT_sec,0.3215,0.38
NUS2005,dT_sec,0.33168,0.34
NUS2005,dT_sec,0.320588235,0.34
NUS2005,dT_sec,0.3010625,0.319
NUS2005,dT_sec,0.326285714,0.313
NUS2005,dT_sec,0.3284,0.312380952
NUS2005,dT_sec,0.32652381,0.311111111
NUS2005,dT_sec,0.3284,0.309
NUS2005,dT_sec,0.313863636,0.268571429
NUS2005,dT_sec,0.317066667,0.337777778
NUS2005,dT_sec,0.33325,0.34
NUS2005,dT_sec,0.311875,0.326666667
NUS2005,dT_sec,0.348818182,0.352
NUS2005,dT_sec,0.34728,0.326
NUS2005,dT_sec,0.336444444,0.353333333
NUS2005,dT_sec,0.350307692,0.4
NUS2005,dT_samples,58.52380952,57.52380952
NUS2005,dT_samples,58.81818182,59.70588235
NUS2005,dT_samples,58.22727273,61.38888889
NUS2005,dT_samples,65.69230769,63.16666667
NUS2005,dT_samples,53,61.83333333
NUS2005,dT_samples,62.2,62.90909091
NUS2005,dT_samples,64.24,64.8125
NUS2005,dT_samples,66.85714286,70.72727273
NUS2005,dT_samples,58.94117647,61.61538462
NUS2005,dT_samples,53.66666667,53.47368421
NUS2005,dT_samples,53.52380952,49.9
NUS2005,dT_samples,57.16666667,52.35
NUS2005,dT_samples,55.26315789,51.4
NUS2005,dT_samples,55.84210526,53.15
NUS2005,dT_samples,54.85,50.1
NUS2005,dT_samples,59.9,55.04761905
NUS2005,dT_samples,59.23809524,54.28571429
NUS2005,dT_samples,63.57692308,52.92307692
NUS2005,dT_samples,66.08,61.8
NUS2005,dT_samples,51.53846154,59.90909091
NUS2005,CT_samples,30.9047619,32.8125
NUS2005,CT_samples,29.875,29.75
NUS2005,CT_samples,29.47058824,29.22222222
NUS2005,CT_samples,37.27272727,32
NUS2005,CT_samples,36.57692308,34.78571429
NUS2005,CT_samples,32,30.54545455
NUS2005,CT_samples,31.86363636,37.33333333
NUS2005,CT_samples,32.14285714,37.19047619
NUS2005,CT_samples,32.25,38.35
NUS2005,CT_samples,31.88235294,40.95454545
NUS2005,CT_samples,29.85,30.2
NUS2005,CT_samples,31.63157895,30.14285714
NUS2005,CT_samples,31.14285714,30.53846154
NUS2005,CT_samples,30.3,32.13333333
NUS2005,CT_samples,37.53846154,33.375
NUS2005,CT_samples,34.30434783,32.25
NUS2005,CT_samples,35.16666667,33.2
NUS2005,CT_samples,33.33333333,33.3
NUS2005,CT_samples,32.6,40.68181818
NUS2005,CT_samples,33.35714286,32.71428571
NUS2005,RI_ratio,0.4291621,0.777204386
NUS2005,RI_ratio,0.399343758,0.669843409
NUS2005,RI_ratio,0.429429307,0.709206004
NUS2005,RI_ratio,0.435422854,0.711245009
NUS2005,RI_ratio,0.471748971,0.622007661
NUS2005,RI_ratio,0.412606619,0.670289154
NUS2005,RI_ratio,0.356192861,0.539072368
NUS2005,RI_ratio,0.330540559,0.499518982
NUS2005,RI_ratio,0.372010455,0.557821647
NUS2005,RI_ratio,0.426510406,0.672105975
NUS2005,RI_ratio,0.525180218,0.855726947
NUS2005,RI_ratio,0.447043808,0.800246606
NUS2005,RI_ratio,0.489301178,0.856854021
NUS2005,RI_ratio,0.381355011,0.494396489
NUS2005,RI_ratio,0.490871967,0.913874734
NUS2005,RI_ratio,0.307629192,0.774412736
NUS2005,RI_ratio,0.430466332,0.626317691
NUS2005,RI_ratio,0.44856368,0.599173221
NUS2005,RI_ratio,0.596706517,0.665472033
NUS2005,RI_ratio,0.387280549,0.419084918
NUS2006,PulseWidth_sec,0.854566667,0.845714286
NUS2006,PulseWidth_sec,0.974125,0.979166667
NUS2006,PulseWidth_sec,0.777,0.750769231
NUS2006,PulseWidth_sec,0.960555556,0.918823529
NUS2006,PulseWidth_sec,0.999444444,1.013333333
NUS2006,PulseWidth_sec,0.996043478,1.007272727
NUS2006,PulseWidth_sec,1.033,0.973913043
NUS2006,PulseWidth_sec,0.9751,0.976
NUS2006,PulseWidth_sec,1.06975,1.103157895
NUS2006,PulseWidth_sec,0.9388,0.916
NUS2006,PulseWidth_sec,0.993,0.994
NUS2006,PulseWidth_sec,1.1035,0.982857143
NUS2006,PulseWidth_sec,0.861222222,0.884
NUS2006,PulseWidth_sec,0.94637037,0.946666667
NUS2006,PulseWidth_sec,0.917923077,0.906666667
NUS2006,PulseWidth_sec,1.121,1.104615385
NUS2006,PulseWidth_sec,1.12,1.086
NUS2006,PulseWidth_sec,1.071636364,1.080909091
NUS2006,PulseWidth_sec,1.079444444,1.074166667
NUS2006,PulseWidth_sec,0.9847,1.010833333
NUS2006,CT_sec,0.184129032,0.229285714
NUS2006,CT_sec,0.19112,0.224615385
NUS2006,CT_sec,0.199,0.2525
NUS2006,CT_sec,0.205,0.24125
NUS2006,CT_sec,0.184888889,0.202222222
NUS2006,CT_sec,0.189933333,0.226428571
NUS2006,CT_sec,0.196809524,0.256363636
NUS2006,CT_sec,0.192833333,0.234814815
NUS2006,CT_sec,0.166333333,0.23047619
NUS2006,CT_sec,0.1976,0.275
NUS2006,CT_sec,0.1875,0.267826087
NUS2006,CT_sec,0.1936,0.251666667
NUS2006,CT_sec,0.1982,0.265
NUS2006,CT_sec,0.211,0.237894737
NUS2006,CT_sec,0.205,0.228
NUS2006,CT_sec,0.199,0.23125
NUS2006,CT_sec,0.211,0.229411765
NUS2006,CT_sec,0.203666667,0.226666667
NUS2006,CT_sec,0.19204,0.218518519
NUS2006,CT_sec,0.1893,0.269166667
NUS2006,dT_sec,0.356666667,0.314545455
NUS2006,dT_sec,0.35015,0.301111111
NUS2006,dT_sec,0.380333333,0.331428571
NUS2006,dT_sec,0.123,0.251875
NUS2006,dT_sec,0.336,0.332
NUS2006,dT_sec,0.344233333,0.328571429
NUS2006,dT_sec,0.383,0.35
NUS2006,dT_sec,0.388214286,0.3625
NUS2006,dT_sec,0.352666667,0.348571429
NUS2006,dT_sec,0.352,0.331764706
NUS2006,dT_sec,0.3702,0.34
NUS2006,dT_sec,0.377,0.353333333
NUS2006,dT_sec,0.39,0.345
NUS2006,dT_sec,0.3255,0.266666667
NUS2006,dT_sec,0.347333333,0.334
NUS2006,dT_sec,0.3345,0.309230769
NUS2006,dT_sec,0.322,0.304
NUS2006,dT_sec,0.1576,0.365333333
NUS2006,dT_sec,0.366272727,0.32375
NUS2006,dT_sec,0.351176471,0.378888889
NUS2006,dT_samples,78.8125,74.42857143
NUS2006,dT_samples,73.125,64.75
NUS2006,dT_samples,40.7,72.47826087
NUS2006,dT_samples,44.83333333,74.26923077
NUS2006,dT_samples,49,61.55
NUS2006,dT_samples,71.72,64.73076923
NUS2006,dT_samples,63,57.43478261
NUS2006,dT_samples,65,61.94444444
NUS2006,dT_samples,31,78
NUS2006,dT_samples,73,65.17647059
NUS2006,dT_samples,66.8,64.05263158
NUS2006,dT_samples,66,61.70588235
NUS2006,dT_samples,70.36363636,69.13636364
NUS2006,dT_samples,40,67.14285714
NUS2006,dT_samples,75.5625,70.66666667
NUS2006,dT_samples,75.77777778,64.2
NUS2006,dT_samples,61.7,59.33333333
NUS2006,dT_samples,61,55.66666667
NUS2006,dT_samples,70.72727273,55.84210526
NUS2006,dT_samples,66.31818182,58.40909091
NUS2006,CT_samples,31,34
NUS2006,CT_samples,35,58.09090909
NUS2006,CT_samples,39.36363636,48.69565217
NUS2006,CT_samples,36,51.125
NUS2006,CT_samples,46.78787879,52.32352941
NUS2006,CT_samples,40.52,48.07692308
NUS2006,CT_samples,27,52
NUS2006,CT_samples,28,51.125
NUS2006,CT_samples,36.83333333,50.83333333
NUS2006,CT_samples,40.5,57.04347826
NUS2006,CT_samples,42,49.03703704
NUS2006,CT_samples,37.8,50.1
NUS2006,CT_samples,39.875,50.31818182
NUS2006,CT_samples,38.5,45.6
NUS2006,CT_samples,36.66666667,42.44444444
NUS2006,CT_samples,45.1,58.88888889
NUS2006,CT_samples,31.66666667,49.78571429
NUS2006,CT_samples,38.58823529,39.90909091
NUS2006,CT_samples,35.54545455,52.68181818
NUS2006,CT_samples,35.5,47.9047619
NUS2006,RI_ratio,0.334833726,0.675593824
NUS2006,RI_ratio,0.495321271,0.741281552
NUS2006,RI_ratio,0.571806383,0.739048357
NUS2006,RI_ratio,0.358673274,0.612777901
NUS2006,RI_ratio,0.406879171,0.835008885
NUS2006,RI_ratio,0.3379616,0.76088003
NUS2006,RI_ratio,0.379839396,0.767405122
NUS2006,RI_ratio,0.343737748,0.751115509
NUS2006,RI_ratio,0.34770329,0.722558629
NUS2006,RI_ratio,0.350735046,0.720064405
NUS2006,RI_ratio,0.44379237,0.791383796
NUS2006,RI_ratio,0.548076894,0.888720679
NUS2006,RI_ratio,0.478214461,0.852468697
NUS2006,RI_ratio,0.594065577,0.836324216
NUS2006,RI_ratio,0.492045291,0.80779799
NUS2006,RI_ratio,0.338885991,0.647389252
NUS2006,RI_ratio,0.438538795,0.769043911
NUS2006,RI_ratio,0.470137436,0.781052726
NUS2006,RI_ratio,0.539583638,0.830808204
NUS2006,RI_ratio,0.382246322,0.862423677
NUS2007,PulseWidth_sec,1.1595,1.146
NUS2007,PulseWidth_sec,1.184,1.18952381
NUS2007,PulseWidth_sec,1.217428571,1.216190476
NUS2007,PulseWidth_sec,1.137,1.136666667
NUS2007,PulseWidth_sec,1.1068,1.118823529
NUS2007,PulseWidth_sec,0.967958333,0.9775
NUS2007,PulseWidth_sec,1.127666667,1.132173913
NUS2007,PulseWidth_sec,1.119555556,1.097
NUS2007,PulseWidth_sec,1.147631579,1.15
NUS2007,PulseWidth_sec,1.098130435,1.102105263
NUS2007,PulseWidth_sec,1.076388889,1.08
NUS2007,PulseWidth_sec,1.098666667,1.016923077
NUS2007,PulseWidth_sec,1.129333333,1.133636364
NUS2007,PulseWidth_sec,1.079588235,1.082105263
NUS2007,PulseWidth_sec,1.103130435,1.102608696
NUS2007,PulseWidth_sec,1.054,1.0675
NUS2007,PulseWidth_sec,0.95064,0.94962963
NUS2007,PulseWidth_sec,0.947090909,0.941333333
NUS2007,PulseWidth_sec,1.120090909,1.123478261
NUS2007,PulseWidth_sec,1.138619048,1.128695652
NUS2007,CT_sec,0.216176471,0.294
NUS2007,CT_sec,0.201642857,0.275652174
NUS2007,CT_sec,0.203470588,0.251
NUS2007,CT_sec,0.215611111,0.313636364
NUS2007,CT_sec,0.1895,0.28
NUS2007,CT_sec,0.211941176,0.317142857
NUS2007,CT_sec,0.2045,0.313043478
NUS2007,CT_sec,0.2052,0.308
NUS2007,CT_sec,0.208,0.313636364
NUS2007,CT_sec,0.1744,0.25
NUS2007,CT_sec,0.2058,0.285833333
NUS2007,CT_sec,0.211,0.302105263
NUS2007,CT_sec,0.196473684,0.321818182
NUS2007,CT_sec,0.198578947,0.263333333
NUS2007,CT_sec,0.197782609,0.256666667
NUS2007,CT_sec,0.1955,0.273043478
NUS2007,CT_sec,0.197095238,0.255652174
NUS2007,CT_sec,0.201666667,0.268333333
NUS2007,CT_sec,0.196375,0.292173913
NUS2007,CT_sec,0.198666667,0.282608696
NUS2007,dT_sec,0.354846154,0.317272727
NUS2007,dT_sec,0.371631579,0.294285714
NUS2007,dT_sec,0.340214286,0.291666667
NUS2007,dT_sec,0.341692308,0.296
NUS2007,dT_sec,0.338090909,0.255789474
NUS2007,dT_sec,0.3663125,0.286086957
NUS2007,dT_sec,0.361166667,0.290833333
NUS2007,dT_sec,0.341142857,0.28952381
NUS2007,dT_sec,0.3474375,0.299130435
NUS2007,dT_sec,0.360789474,0.316190476
NUS2007,dT_sec,0.354809524,0.324545455
NUS2007,dT_sec,0.341857143,0.3
NUS2007,dT_sec,0.345133333,0.342727273
NUS2007,dT_sec,0.340416667,0.251304348
NUS2007,dT_sec,0.342684211,0.293913043
NUS2007,dT_sec,0.350791667,0.2925
NUS2007,dT_sec,0.317533333,0.325
NUS2007,dT_sec,0.35025,0.300833333
NUS2007,dT_sec,0.3276,0.3
NUS2007,dT_sec,0.314571429,0.29
NUS2007,dT_samples,64.45454545,43
NUS2007,dT_samples,46.82352941,55.36363636
NUS2007,dT_samples,61,62.56521739
NUS2007,dT_samples,62.14285714,57.66666667
NUS2007,dT_samples,60.84210526,50.90909091
NUS2007,dT_samples,62.33333333,46.71428571
NUS2007,dT_samples,64.63636364,48.26315789
NUS2007,dT_samples,59.09090909,59.52
NUS2007,dT_samples,65.13333333,53.18181818
NUS2007,dT_samples,52.2,56.7
NUS2007,dT_samples,69.33333333,57.6
NUS2007,dT_samples,63.22222222,50.46666667
NUS2007,dT_samples,63.89473684,38.68181818
NUS2007,dT_samples,77.03225806,60.05263158
NUS2007,dT_samples,63.3,55.84210526
NUS2007,dT_samples,63.63636364,55.82608696
NUS2007,dT_samples,63.52941176,55.70833333
NUS2007,dT_samples,65.125,52.83333333
NUS2007,dT_samples,64.9375,62.95652174
NUS2007,dT_samples,62.63636364,48.17391304
NUS2007,CT_samples,35.41176471,55.85714286
NUS2007,CT_samples,34,54
NUS2007,CT_samples,34.4,42.3125
NUS2007,CT_samples,36.53333333,53.27777778
NUS2007,CT_samples,36.2,55.2173913
NUS2007,CT_samples,36,53.95652174
NUS2007,CT_samples,38.30769231,54.5
NUS2007,CT_samples,34.5,54.40909091
NUS2007,CT_samples,36.72222222,46.16666667
NUS2007,CT_samples,36.58333333,43
NUS2007,CT_samples,36.76,46.20833333
NUS2007,CT_samples,35.9375,45.22727273
NUS2007,CT_samples,36.33333333,48.95652174
NUS2007,CT_samples,36.10526316,45.56521739
NUS2007,CT_samples,35.65217391,45.91666667
NUS2007,CT_samples,41.31818182,54.5
NUS2007,CT_samples,38.57692308,48.71428571
NUS2007,CT_samples,36.65217391,54.68181818
NUS2007,CT_samples,36.05555556,51.46153846
NUS2007,CT_samples,35.52173913,56.47826087
NUS2007,RI_ratio,0.579833809,0.882292312
NUS2007,RI_ratio,0.495575906,0.92249594
NUS2007,RI_ratio,0.546351729,0.888011223
NUS2007,RI_ratio,0.37062031,0.866987785
NUS2007,RI_ratio,0.485946824,0.864106655
NUS2007,RI_ratio,0.502152487,0.903713661
NUS2007,RI_ratio,0.516570642,0.916587373
NUS2007,RI_ratio,0.482089694,0.923604731
NUS2007,RI_ratio,0.504266636,0.903114447
NUS2007,RI_ratio,0.881974228,0.890853814
NUS2007,RI_ratio,0.551927553,0.911980069
NUS2007,RI_ratio,0.483126443,0.808078857
NUS2007,RI_ratio,0.467273236,0.905628574
NUS2007,RI_ratio,0.514515785,0.937083585
NUS2007,RI_ratio,0.420451328,0.897369241
NUS2007,RI_ratio,0.502919821,0.935866355
NUS2007,RI_ratio,0.45339929,0.880777509
NUS2007,RI_ratio,0.445284944,0.913604289
NUS2007,RI_ratio,0.536810165,0.89786995
NUS2007,RI_ratio,0.48686075,0.882089618
NUS2008,PulseWidth_sec,1.210157895,1.224
NUS2008,PulseWidth_sec,1.109944444,1.027272727
NUS2008,PulseWidth_sec,1.131043478,1.141818182
NUS2008,PulseWidth_sec,1.1594,1.163333333
NUS2008,PulseWidth_sec,1.139909091,1.155384615
NUS2008,PulseWidth_sec,1.125,1.12
NUS2008,PulseWidth_sec,1.11575,1.166666667
NUS2008,PulseWidth_sec,1.14,1.121176471
NUS2008,PulseWidth_sec,1.146222222,1.155238095
NUS2008,PulseWidth_sec,1.0476,1.053333333
NUS2008,PulseWidth_sec,1.075857143,1.087826087
NUS2008,PulseWidth_sec,1.035111111,1.027142857
NUS2008,PulseWidth_sec,1.041416667,1.05
NUS2008,PulseWidth_sec,1.071666667,0.941818182
NUS2008,PulseWidth_sec,1.038043478,1.0344
NUS2008,PulseWidth_sec,1.0656,1.088
NUS2008,PulseWidth_sec,1.13695,1.141818182
NUS2008,PulseWidth_sec,1.053333333,0.976666667
NUS2008,PulseWidth_sec,1.096230769,1.114
NUS2008,PulseWidth_sec,1.145636364,1.152380952
NUS2008,CT_sec,0.195631579,0.191666667
NUS2008,CT_sec,0.1978,0.188571429
NUS2008,CT_sec,0.1976,0.187692308
NUS2008,CT_sec,0.1998,0.194285714
NUS2008,CT_sec,0.19726087,0.257647059
NUS2008,CT_sec,0.188571429,0.205714286
NUS2008,CT_sec,0.208777778,0.236666667
NUS2008,CT_sec,0.210619048,0.193333333
NUS2008,CT_sec,0.227,0.234
NUS2008,CT_sec,0.210954545,0.230833333
NUS2008,CT_sec,0.2082,0.222608696
NUS2008,CT_sec,0.207230769,0.2525
NUS2008,CT_sec,0.218583333,0.248695652
NUS2008,CT_sec,0.187608696,0.184615385
NUS2008,CT_sec,0.200230769,0.19
NUS2008,CT_sec,0.204684211,0.172
NUS2008,CT_sec,0.204473684,0.265
NUS2008,CT_sec,0.20073913,0.245263158
NUS2008,CT_sec,0.223809524,0.188
NUS2008,CT_sec,0.193521739,0.2125
NUS2008,dT_sec,0.342347826,0.342222222
NUS2008,dT_sec,0.337142857,0.408333333
NUS2008,dT_sec,0.3368,0.448
NUS2008,dT_sec,0.3432,0.416923077
NUS2008,dT_sec,0.3458,0.373846154
NUS2008,dT_sec,0.327416667,0.46
NUS2008,dT_sec,0.323368421,0.235833333
NUS2008,dT_sec,0.315428571,0.337142857
NUS2008,dT_sec,0.295954545,0.311428571
NUS2008,dT_sec,0.305666667,0.370769231
NUS2008,dT_sec,0.274666667,0.37
NUS2008,dT_sec,0.286666667,0.388571429
NUS2008,dT_sec,0.274176471,0.310833333
NUS2008,dT_sec,0.351869565,0.36
NUS2008,dT_sec,0.3229,0.468
NUS2008,dT_sec,0.299863636,0.324761905
NUS2008,dT_sec,0.279866667,0.356666667
NUS2008,dT_sec,0.283045455,0.353333333
NUS2008,dT_sec,0.299666667,0.324444444
NUS2008,dT_sec,0.288368421,0.306666667
NUS2008,dT_samples,54.78947368,63.5
NUS2008,dT_samples,64.41666667,61.83333333
NUS2008,dT_samples,57.14285714,62.1875
NUS2008,dT_samples,51.59090909,61.35
NUS2008,dT_samples,57,54.11111111
NUS2008,dT_samples,51.88235294,53.625
NUS2008,dT_samples,51.63636364,51
NUS2008,dT_samples,56.52631579,60
NUS2008,dT_samples,55.70588235,55.8
NUS2008,dT_samples,52.38095238,54.36842105
NUS2008,dT_samples,51.84210526,73.75
NUS2008,dT_samples,56.83333333,49.76923077
NUS2008,dT_samples,67.61904762,68.875
NUS2008,dT_samples,57.73684211,76.66666667
NUS2008,dT_samples,55.3,79
NUS2008,dT_samples,52.89473684,58.85
NUS2008,dT_samples,49.65,63.90909091
NUS2008,dT_samples,51.71428571,66.71428571
NUS2008,dT_samples,46.21052632,66.5
NUS2008,dT_samples,49.36842105,61.75
NUS2008,CT_samples,34.9,33.95
NUS2008,CT_samples,37.57142857,38.72727273
NUS2008,CT_samples,31.75,28.54545455
NUS2008,CT_samples,36.5625,45.35294118
NUS2008,CT_samples,35.63157895,49.95833333
NUS2008,CT_samples,33.14285714,35
NUS2008,CT_samples,35.90909091,32.42857143
NUS2008,CT_samples,36.11111111,36.63636364
NUS2008,CT_samples,38.72,43.2173913
NUS2008,CT_samples,38.55,40.08695652
NUS2008,CT_samples,34.5,42.2
NUS2008,CT_samples,34.55555556,33.28571429
NUS2008,CT_samples,40.64285714,45.22727273
NUS2008,CT_samples,32.38095238,32.33333333
NUS2008,CT_samples,35.16666667,30.25
NUS2008,CT_samples,36.2,29.8
NUS2008,CT_samples,33,32.25
NUS2008,CT_samples,40.77777778,35
NUS2008,CT_samples,38.13636364,31.11111111
NUS2008,CT_samples,34.5,44.06666667
NUS2008,RI_ratio,0.551038682,0.728192177
NUS2008,RI_ratio,0.56553646,0.750177075
NUS2008,RI_ratio,0.585737638,0.742685722
NUS2008,RI_ratio,0.470330722,0.727370774
NUS2008,RI_ratio,0.426005776,0.860806586
NUS2008,RI_ratio,0.654621612,0.884179875
NUS2008,RI_ratio,0.648567473,0.828491491
NUS2008,RI_ratio,0.612895999,0.852512847
NUS2008,RI_ratio,0.390154193,0.571199479
NUS2008,RI_ratio,0.579168835,0.612314006
NUS2008,RI_ratio,0.5754923,0.930028294
NUS2008,RI_ratio,0.611855821,0.831682433
NUS2008,RI_ratio,0.592812225,0.873698978
NUS2008,RI_ratio,0.551990814,0.834353587
NUS2008,RI_ratio,0.596246264,0.810688017
NUS2008,RI_ratio,0.606628484,0.851231471
NUS2008,RI_ratio,0.593023293,0.885174159
NUS2008,RI_ratio,0.61759844,0.886978569
NUS2008,RI_ratio,0.800255043,0.889534149
NUS2008,RI_ratio,0.492984484,0.781955117
NUS2009,PulseWidth_sec,1.175142857,0.98125
NUS2009,PulseWidth_sec,1.2782,1.093333333
NUS2009,PulseWidth_sec,1.3188,1.022222222
NUS2009,PulseWidth_sec,1.191333333,1.06
NUS2009,PulseWidth_sec,1.160333333,0.98
NUS2009,PulseWidth_sec,1.160571429,0.99
NUS2009,PulseWidth_sec,1.199857143,1.024
NUS2009,PulseWidth_sec,1.147125,1.028888889
NUS2009,PulseWidth_sec,1.214083333,1.095
NUS2009,PulseWidth_sec,1.238222222,0.9
NUS2009,PulseWidth_sec,1.222142857,0.98
NUS2009,PulseWidth_sec,1.2788,1.027692308
NUS2009,PulseWidth_sec,1.097625,1.02
NUS2009,PulseWidth_sec,1.255375,1.09
NUS2009,PulseWidth_sec,1.023,0.948888889
NUS2009,PulseWidth_sec,1.2882,1.2125
NUS2009,PulseWidth_sec,1.296333333,1.02
NUS2009,PulseWidth_sec,1.2744,1.1
NUS2009,PulseWidth_sec,1.3265,1.086666667
NUS2009,PulseWidth_sec,1.1692,1.075555556
NUS2009,CT_sec,0.172,0.175
NUS2009,CT_sec,0.178,0.19
NUS2009,CT_sec,0.168,0.223333333
NUS2009,CT_sec,0.18,0.18
NUS2009,CT_sec,0.191666667,0.203333333
NUS2009,CT_sec,0.1895,0.198823529
NUS2009,CT_sec,0.188125,0.20375
NUS2009,CT_sec,0.183142857,0.188571429
NUS2009,CT_sec,0.194222222,0.2
NUS2009,CT_sec,0.188333333,0.191428571
NUS2009,CT_sec,0.172,0.195
NUS2009,CT_sec,6.03090479,0.153333333
NUS2009,CT_sec,0.1915,0.224444444
NUS2009,CT_sec,0.207,0.229333333
NUS2009,CT_sec,0.198,0.228888889
NUS2009,CT_sec,0.164,0.18
NUS2009,CT_sec,0.203,0.2
NUS2009,CT_sec,0.164,0.18
NUS2009,CT_sec,0.183,0.2
NUS2009,CT_sec,0.194333333,0.211666667
NUS2009,dT_sec,0.239333333,0.305
NUS2009,dT_sec,0.303375,0.316363636
NUS2009,dT_sec,0.3195,0.37
NUS2009,dT_sec,0.33,0.316666667
NUS2009,dT_sec,0.334,0.32
NUS2009,dT_sec,0.324,0.315
NUS2009,dT_sec,0.355,0.374285714
NUS2009,dT_sec,0.336,0.336666667
NUS2009,dT_sec,0.342,0.376
NUS2009,dT_sec,0.360714286,0.36
NUS2009,dT_sec,0.363,0.373333333
NUS2009,dT_sec,0.355,0.354285714
NUS2009,dT_sec,0.364142857,0.386666667
NUS2009,dT_sec,0.3419,0.341428571
NUS2009,dT_sec,0.32125,0.347272727
NUS2009,dT_sec,0.328,0.352727273
NUS2009,dT_sec,0.348857143,0.424
NUS2009,dT_sec,0.329428571,0.325454545
NUS2009,dT_sec,0.333333333,0.326666667
NUS2009,dT_sec,0.328,0.36
NUS2009,dT_samples,51.16666667,66
NUS2009,dT_samples,50.5,68.8
NUS2009,dT_samples,50.5,66.33333333
NUS2009,dT_samples,51.5,71.28571429
NUS2009,dT_samples,56.25,62.77777778
NUS2009,dT_samples,51,64.66666667
NUS2009,dT_samples,45.5,45
NUS2009,dT_samples,57.25,71.55555556
NUS2009,dT_samples,61,70.33333333
NUS2009,dT_samples,59.14285714,66.9
NUS2009,dT_samples,57.14285714,73.66666667
NUS2009,dT_samples,53.83333333,60.71428571
NUS2009,dT_samples,48.5,59.44444444
NUS2009,dT_samples,51.84615385,54.5
NUS2009,dT_samples,47,59.15384615
NUS2009,dT_samples,48,61.66666667
NUS2009,dT_samples,51.33333333,61.8
NUS2009,dT_samples,53.33333333,63.42857143
NUS2009,dT_samples,51.25,62
NUS2009,dT_samples,57,66.2
NUS2009,CT_samples,31.33333333,38.125
NUS2009,CT_samples,27.875,35
NUS2009,CT_samples,28,31.8
NUS2009,CT_samples,26,37.28571429
NUS2009,CT_samples,26.5,32.8
NUS2009,CT_samples,28.5,33.25
NUS2009,CT_samples,29,31
NUS2009,CT_samples,29.57142857,38.09090909
NUS2009,CT_samples,29.85714286,37.46153846
NUS2009,CT_samples,30.2,37.41666667
NUS2009,CT_samples,32.07142857,35.83333333
NUS2009,CT_samples,29,37.54545455
NUS2009,CT_samples,30.75,47.38461538
NUS2009,CT_samples,29.14285714,34
NUS2009,CT_samples,32,35.78571429
NUS2009,CT_samples,30.5,36.46153846
NUS2009,CT_samples,30.875,38.15384615
NUS2009,CT_samples,29.25,36.53333333
NUS2009,CT_samples,31.88888889,37.375
NUS2009,CT_samples,31.66666667,38
NUS2009,RI_ratio,0.442686012,0.727776761
NUS2009,RI_ratio,0.402877592,0.628241653
NUS2009,RI_ratio,0.344231247,0.552649711
NUS2009,RI_ratio,0.334571617,0.57967655
NUS2009,RI_ratio,0.477869077,0.819950009
NUS2009,RI_ratio,0.444781998,0.750379073
NUS2009,RI_ratio,0.553600238,0.795160075
NUS2009,RI_ratio,0.535714412,0.655905364
NUS2009,RI_ratio,0.354328942,0.555861164
NUS2009,RI_ratio,0.353331279,0.548329335
NUS2009,RI_ratio,0.336564066,0.573499786
NUS2009,RI_ratio,0.450694016,0.792764905
NUS2009,RI_ratio,0.449948952,0.854074748
NUS2009,RI_ratio,0.442774599,0.664359871
NUS2009,RI_ratio,0.551613803,0.840869477
NUS2009,RI_ratio,0.46992076,0.834746337
NUS2009,RI_ratio,0.450543503,0.779158035
NUS2009,RI_ratio,0.379906045,0.718676751
NUS2009,RI_ratio,0.457230578,0.727187133
NUS2009,RI_ratio,0.464651358,0.677665372
NUS2010,PulseWidth_sec,0.999615385,0.9975
NUS2010,PulseWidth_sec,0.968269231,0.9688
NUS2010,PulseWidth_sec,1.022142857,0.968
NUS2010,PulseWidth_sec,0.964384615,0.9744
NUS2010,PulseWidth_sec,0.960346154,0.957777778
NUS2010,PulseWidth_sec,0.9246875,0.913846154
NUS2010,PulseWidth_sec,0.918714286,0.920689655
NUS2010,PulseWidth_sec,0.953,0.902666667
NUS2010,PulseWidth_sec,0.949074074,0.954285714
NUS2010,PulseWidth_sec,1.018666667,0.948461538
NUS2010,PulseWidth_sec,0.800757576,0.802941176
NUS2010,PulseWidth_sec,0.956555556,0.955384615
NUS2010,PulseWidth_sec,0.98756,0.981481481
NUS2010,PulseWidth_sec,0.991666667,0.981481481
NUS2010,PulseWidth_sec,0.908785714,0.904827586
NUS2010,PulseWidth_sec,0.924607143,0.923571429
NUS2010,PulseWidth_sec,0.938821429,0.934285714
NUS2010,PulseWidth_sec,0.920058824,0.932857143
NUS2010,PulseWidth_sec,0.933592593,0.930769231
NUS2010,PulseWidth_sec,1.03573913,1.028
NUS2010,CT_sec,0.30436,0.354166667
NUS2010,CT_sec,0.301769231,0.339166667
NUS2010,CT_sec,0.296538462,0.337391304
NUS2010,CT_sec,0.29462963,0.3375
NUS2010,CT_sec,0.21575,0.322962963
NUS2010,CT_sec,0.220807692,0.322222222
NUS2010,CT_sec,0.207413793,0.3
NUS2010,CT_sec,0.217535714,0.298
NUS2010,CT_sec,0.210518519,0.299310345
NUS2010,CT_sec,0.215035714,0.311034483
NUS2010,CT_sec,0.191473684,0.288571429
NUS2010,CT_sec,0.183419355,0.269375
NUS2010,CT_sec,0.194647059,0.267272727
NUS2010,CT_sec,0.1882,0.254782609
NUS2010,CT_sec,0.182333333,0.262857143
NUS2010,CT_sec,0.221958333,0.310769231
NUS2010,CT_sec,0.224821429,0.299310345
NUS2010,CT_sec,0.229481481,0.29
NUS2010,CT_sec,0.229321429,0.286206897
NUS2010,CT_sec,0.245846154,0.313076923
NUS2010,dT_sec,0.231076923,0.311428571
NUS2010,dT_sec,0.23216,0.34
NUS2010,dT_sec,0.229730769,0.337391304
NUS2010,dT_sec,0.226846154,0.339
NUS2010,dT_sec,0.242592593,0.318571429
NUS2010,dT_sec,0.324461538,0.266428571
NUS2010,dT_sec,0.320962963,0.26
NUS2010,dT_sec,0.2888125,0.247857143
NUS2010,dT_sec,0.327230769,0.265185185
NUS2010,dT_sec,0.321296296,0.251851852
NUS2010,dT_sec,0.301043478,0.268148148
NUS2010,dT_sec,0.131043478,0.246060606
NUS2010,dT_sec,0.337,0.24952381
NUS2010,dT_sec,0.346625,0.229230769
NUS2010,dT_sec,0.341192308,0.233846154
NUS2010,dT_sec,0.309857143,0.2625
NUS2010,dT_sec,0.298925926,0.273571429
NUS2010,dT_sec,0.266647059,0.253076923
NUS2010,dT_sec,0.26825,0.3075
NUS2010,dT_sec,0.230428571,0.262222222
NUS2010,dT_samples,49.33333333,77.54545455
NUS2010,dT_samples,46.07692308,64.25
NUS2010,dT_samples,47.38461538,65.95238095
NUS2010,dT_samples,65.31818182,54.20833333
NUS2010,dT_samples,66.26923077,53.11538462
NUS2010,dT_samples,65.37037037,49.65384615
NUS2010,dT_samples,65.42857143,56.12
NUS2010,dT_samples,68.60714286,46.10344828
NUS2010,dT_samples,65.84615385,46.57692308
NUS2010,dT_samples,38.75,56.48484848
NUS2010,dT_samples,68.4375,56.11111111
NUS2010,dT_samples,68.55555556,46.26923077
NUS2010,dT_samples,64.16666667,49.60869565
NUS2010,dT_samples,65.72,45.52
NUS2010,dT_samples,66.33333333,45.85185185
NUS2010,dT_samples,62.59259259,56.12
NUS2010,dT_samples,61.89285714,54.25
NUS2010,dT_samples,57.85714286,49.47058824
NUS2010,dT_samples,55.75,50.2
NUS2010,dT_samples,47.13043478,53.73076923
NUS2010,CT_samples,56.65217391,65.33333333
NUS2010,CT_samples,59.32,67.95238095
NUS2010,CT_samples,61.77777778,70.69565217
NUS2010,CT_samples,51.33333333,65.94444444
NUS2010,CT_samples,43.96296296,64.96296296
NUS2010,CT_samples,45.07142857,64.75
NUS2010,CT_samples,45.4,64.03703704
NUS2010,CT_samples,45.82142857,64.5862069
NUS2010,CT_samples,45.68965517,63.73333333
NUS2010,CT_samples,45.92857143,64.65517241
NUS2010,CT_samples,43.33333333,60.26923077
NUS2010,CT_samples,36.875,41.15
NUS2010,CT_samples,38.05,48.77777778
NUS2010,CT_samples,37.63636364,55.04166667
NUS2010,CT_samples,38.58823529,56.48148148
NUS2010,CT_samples,40.35,56.92857143
NUS2010,CT_samples,45.85185185,61.16
NUS2010,CT_samples,45.77777778,61.92592593
NUS2010,CT_samples,51.58333333,60.42307692
NUS2010,CT_samples,48.91304348,58.52380952
NUS2010,RI_ratio,0.804969062,1.533649479
NUS2010,RI_ratio,0.81661426,1.182407146
NUS2010,RI_ratio,0.809125735,1.042413028
NUS2010,RI_ratio,0.809978188,0.762533588
NUS2010,RI_ratio,0.747226201,0.742682138
NUS2010,RI_ratio,0.566452556,0.901053403
NUS2010,RI_ratio,0.594558484,0.90993014
NUS2010,RI_ratio,0.619566115,0.887931039
NUS2010,RI_ratio,0.766559825,0.919481609
NUS2010,RI_ratio,0.595924074,0.773837651
NUS2010,RI_ratio,0.748038244,0.88599107
NUS2010,RI_ratio,0.607809386,0.875070486
NUS2010,RI_ratio,0.530737021,0.885364312
NUS2010,RI_ratio,0.665725882,0.85715623
NUS2010,RI_ratio,0.632133758,0.841335596
NUS2010,RI_ratio,0.633093262,0.855587062
NUS2010,RI_ratio,0.623186531,0.848236936
NUS2010,RI_ratio,0.604391914,0.756387321
NUS2010,RI_ratio,0.704341429,0.903165103
NUS2010,RI_ratio,0.730480731,0.870372521
NUS2011,PulseWidth_sec,0.92804,0.937777778
NUS2011,PulseWidth_sec,0.9138,0.92
NUS2011,PulseWidth_sec,0.93337037,0.924
NUS2011,PulseWidth_sec,0.891185185,0.894666667
NUS2011,PulseWidth_sec,0.869896552,0.877142857
NUS2011,PulseWidth_sec,0.7993125,0.789
NUS2011,PulseWidth_sec,0.8865,0.896521739
NUS2011,PulseWidth_sec,0.912777778,0.905
NUS2011,PulseWidth_sec,0.880055556,0.8744
NUS2011,PulseWidth_sec,0.880482759,0.884444444
NUS2011,PulseWidth_sec,0.959611111,0.9
NUS2011,PulseWidth_sec,1.238,0.917142857
NUS2011,PulseWidth_sec,1.17675,0.91
NUS2011,PulseWidth_sec,0.965,0.961428571
NUS2011,PulseWidth_sec,0.938043478,0.96
NUS2011,PulseWidth_sec,0.9688,0.930588235
NUS2011,PulseWidth_sec,1.15,0.989
NUS2011,PulseWidth_sec,1.014625,1.011666667
NUS2011,PulseWidth_sec,1.188,0.932380952
NUS2011,PulseWidth_sec,1.019125,0.93375
NUS2011,CT_sec,0.184666667,0.206666667
NUS2011,CT_sec,0.173052632,0.16
NUS2011,CT_sec,0.178086957,0.231111111
NUS2011,CT_sec,0.178608696,0.243636364
NUS2011,CT_sec,0.178,0.256
NUS2011,CT_sec,0.180666667,0.250588235
NUS2011,CT_sec,0.187,0.236521739
NUS2011,CT_sec,0.1944,0.216666667
NUS2011,CT_sec,0.194277778,0.224444444
NUS2011,CT_sec,0.196777778,0.275
NUS2011,CT_sec,0.193333333,0.198
NUS2011,CT_sec,0.197071429,0.210909091
NUS2011,CT_sec,0.19525,10.51236594
NUS2011,CT_sec,0.195576923,0.254285714
NUS2011,CT_sec,0.1955,0.268
NUS2011,CT_sec,0.190478261,0.273333333
NUS2011,CT_sec,0.193,0.255
NUS2011,CT_sec,0.1978,0.272380952
NUS2011,CT_sec,0.2,0.253333333
NUS2011,CT_sec,0.1855,0.257333333
NUS2011,dT_sec,0.214,0.325
NUS2011,dT_sec,0.314434783,0.314285714
NUS2011,dT_sec,0.323230769,0.314285714
NUS2011,dT_sec,0.307434783,0.27
NUS2011,dT_sec,0.327,0.312727273
NUS2011,dT_sec,0.25340625,0.282105263
NUS2011,dT_sec,0.33475,0.303846154
NUS2011,dT_sec,0.332724138,0.2856
NUS2011,dT_sec,0.3447,0.293043478
NUS2011,dT_sec,0.335555556,0.309166667
NUS2011,dT_sec,0.3370625,0.334285714
NUS2011,dT_sec,0.338636364,0.298461538
NUS2011,dT_sec,0.3472,0.324
NUS2011,dT_sec,0.33625,0.335
NUS2011,dT_sec,0.335538462,0.31
NUS2011,dT_sec,0.305,0.26
NUS2011,dT_sec,0.328,0.22
NUS2011,dT_sec,0.324703704,0.295
NUS2011,dT_sec,0.281692308,0.24
NUS2011,dT_sec,0.3362,0.319130435
NUS2011,dT_samples,54.30434783,61.25
NUS2011,dT_samples,72.6,68.125
NUS2011,dT_samples,71.62068966,56.8125
NUS2011,dT_samples,73.36666667,73.86666667
NUS2011,dT_samples,77.68965517,62.11538462
NUS2011,dT_samples,44.66666667,70.45454545
NUS2011,dT_samples,76.44827586,58.16
NUS2011,dT_samples,75.83333333,64.04
NUS2011,dT_samples,71.8,63.22222222
NUS2011,dT_samples,72.38095238,62.64
NUS2011,dT_samples,82.03333333,64.36363636
NUS2011,dT_samples,68.84210526,9.551421985
NUS2011,dT_samples,75.4137931,67.8
NUS2011,dT_samples,55.53333333,58.5
NUS2011,dT_samples,72.2173913,55.39285714
NUS2011,dT_samples,68.37037037,79.77777778
NUS2011,dT_samples,61.71428571,64.71428571
NUS2011,dT_samples,47,57.81818182
NUS2011,dT_samples,66.5,57.89473684
NUS2011,dT_samples,72,56.72
NUS2011,CT_samples,40.55555556,43.55555556
NUS2011,CT_samples,35.42105263,46.71428571
NUS2011,CT_samples,40.5862069,53.53333333
NUS2011,CT_samples,40.86206897,51.4375
NUS2011,CT_samples,41.51612903,52.25
NUS2011,CT_samples,39.92857143,56.6
NUS2011,CT_samples,40.45833333,49.59090909
NUS2011,CT_samples,41.06896552,53.45
NUS2011,CT_samples,41.48275862,53.76
NUS2011,CT_samples,42.56666667,52.7826087
NUS2011,CT_samples,43.2,58.38461538
NUS2011,CT_samples,41.15789474,49.75
NUS2011,CT_samples,47.51851852,60.76470588
NUS2011,CT_samples,39.73333333,49.8
NUS2011,CT_samples,34,46.55555556
NUS2011,CT_samples,40.31578947,51
NUS2011,CT_samples,39.95652174,57.42857143
NUS2011,CT_samples,38.09090909,57.9
NUS2011,CT_samples,32.33333333,46.16666667
NUS2011,CT_samples,44.64705882,49.53333333
NUS2011,RI_ratio,0.475998926,0.70094055
NUS2011,RI_ratio,0.411261499,0.698680102
NUS2011,RI_ratio,0.581542348,0.754880255
NUS2011,RI_ratio,0.609214751,0.651663755
NUS2011,RI_ratio,0.394280874,0.671578556
NUS2011,RI_ratio,0.379911882,0.722584341
NUS2011,RI_ratio,0.316968056,0.736822701
NUS2011,RI_ratio,0.384301601,0.720520434
NUS2011,RI_ratio,0.36389285,0.655931002
NUS2011,RI_ratio,0.668349582,0.639736451
NUS2011,RI_ratio,0.621819871,0.845742516
NUS2011,RI_ratio,0.394581819,1.119703407
NUS2011,RI_ratio,0.507973161,11.90932802
NUS2011,RI_ratio,0.518489266,0.510702119
NUS2011,RI_ratio,0.590005467,0.562191993
NUS2011,RI_ratio,0.471027046,0.520749771
NUS2011,RI_ratio,0.580060461,0.831307935
NUS2011,RI_ratio,0.511672114,0.77768528
NUS2011,RI_ratio,0.451843194,0.881580078
NUS2011,RI_ratio,0.475001905,0.74026748
NUS2012,PulseWidth_sec,1.0695,1.048571429
NUS2012,PulseWidth_sec,1.034266667,1.036521739
NUS2012,PulseWidth_sec,1.078444444,1.047619048
NUS2012,PulseWidth_sec,1.037055556,1.029090909
NUS2012,PulseWidth_sec,1.042307692,1.062
NUS2012,PulseWidth_sec,1.1034375,1.106315789
NUS2012,PulseWidth_sec,1.088615385,1.092222222
NUS2012,PulseWidth_sec,1.071727273,1.08
NUS2012,PulseWidth_sec,1.101913043,1.094
NUS2012,PulseWidth_sec,1.125863636,1.108421053
NUS2012,PulseWidth_sec,1.127411765,1.115714286
NUS2012,PulseWidth_sec,1.110913043,1.111111111
NUS2012,PulseWidth_sec,1.081333333,1.08
NUS2012,PulseWidth_sec,1.129,1.098947368
NUS2012,PulseWidth_sec,1.095875,1.1
NUS2012,PulseWidth_sec,1.127789474,1.131818182
NUS2012,PulseWidth_sec,1.0789375,1.066956522
NUS2012,PulseWidth_sec,1.097095238,1.099047619
NUS2012,PulseWidth_sec,1.089619048,1.085454545
NUS2012,PulseWidth_sec,1.1672,1.097333333
NUS2012,CT_sec,0.19025,0.1976
NUS2012,CT_sec,0.193869565,0.207
NUS2012,CT_sec,0.191166667,0.202222222
NUS2012,CT_sec,0.196846154,0.203529412
NUS2012,CT_sec,0.190083333,0.200952381
NUS2012,CT_sec,0.1935,0.204210526
NUS2012,CT_sec,0.1921,0.202105263
NUS2012,CT_sec,0.192916667,0.211
NUS2012,CT_sec,0.190913043,0.207272727
NUS2012,CT_sec,0.195,0.2
NUS2012,CT_sec,0.19045,0.203
NUS2012,CT_sec,0.190722222,0.2325
NUS2012,CT_sec,0.201769231,0.2736
NUS2012,CT_sec,0.202578947,0.228333333
NUS2012,CT_sec,0.2006,0.202727273
NUS2012,CT_sec,0.198666667,0.205
NUS2012,CT_sec,0.1985,0.201176471
NUS2012,CT_sec,0.189857143,0.230769231
NUS2012,CT_sec,0.19125,0.196470588
NUS2012,CT_sec,0.188777778,0.19375
NUS2012,dT_sec,0.34375,0.292727273
NUS2012,dT_sec,0.334857143,0.338
NUS2012,dT_sec,0.334333333,0.361176471
NUS2012,dT_sec,0.31925,0.318461538
NUS2012,dT_sec,0.337304348,0.30173913
NUS2012,dT_sec,0.335058824,0.316842105
NUS2012,dT_sec,0.336052632,0.317142857
NUS2012,dT_sec,0.334933333,0.324
NUS2012,dT_sec,0.329166667,0.321111111
NUS2012,dT_sec,0.3465,0.325714286
NUS2012,dT_sec,0.342809524,0.323333333
NUS2012,dT_sec,0.34,0.330526316
NUS2012,dT_sec,0.343304348,0.328571429
NUS2012,dT_sec,0.335785714,0.324444444
NUS2012,dT_sec,0.303458333,0.248148148
NUS2012,dT_sec,0.32452,0.247058824
NUS2012,dT_sec,0.327333333,0.293333333
NUS2012,dT_sec,0.344478261,0.327826087
NUS2012,dT_sec,0.338444444,0.294285714
NUS2012,dT_sec,0.330235294,0.34
NUS2012,dT_samples,61.9,64.21428571
NUS2012,dT_samples,62.11111111,59.3
NUS2012,dT_samples,62,56.73684211
NUS2012,dT_samples,61.17391304,55.40909091
NUS2012,dT_samples,62.36842105,57.52380952
NUS2012,dT_samples,60.91666667,56.64705882
NUS2012,dT_samples,62.43478261,58.25
NUS2012,dT_samples,62.33333333,59.0952381
NUS2012,dT_samples,61.7826087,57.85714286
NUS2012,dT_samples,64.04166667,59.66666667
NUS2012,dT_samples,59.77777778,56.75
NUS2012,dT_samples,62.9,57.5
NUS2012,dT_samples,61,59.8
NUS2012,dT_samples,62.31578947,59.94444444
NUS2012,dT_samples,65.33333333,51.55555556
NUS2012,dT_samples,59.81818182,57.54545455
NUS2012,dT_samples,59.81818182,57.27272727
NUS2012,dT_samples,59.5,56.9
NUS2012,dT_samples,60.95238095,59.0952381
NUS2012,dT_samples,59.58333333,60.72222222
NUS2012,CT_samples,34.71428571,34.77777778
NUS2012,CT_samples,34.75,35.73913043
NUS2012,CT_samples,34.66666667,35.55
NUS2012,CT_samples,35.33333333,34.36842105
NUS2012,CT_samples,35.6875,34.94444444
NUS2012,CT_samples,36,35.88
NUS2012,CT_samples,38.11111111,49.38888889
NUS2012,CT_samples,35.95652174,38.43478261
NUS2012,CT_samples,35.43478261,37.54545455
NUS2012,CT_samples,34.91666667,36.2
NUS2012,CT_samples,34.78947368,34.75
NUS2012,CT_samples,35.04347826,36.1
NUS2012,CT_samples,33.90909091,35.15789474
NUS2012,CT_samples,33.07142857,37.05555556
NUS2012,CT_samples,33,35.88888889
NUS2012,CT_samples,34.59090909,36.81818182
NUS2012,CT_samples,34.2,33.9375
NUS2012,CT_samples,35.19047619,34.5
NUS2012,CT_samples,33.55555556,34
NUS2012,CT_samples,34.5,34.3
NUS2012,RI_ratio,0.522809487,0.735480145
NUS2012,RI_ratio,0.52091067,0.827547034
NUS2012,RI_ratio,0.557552222,0.830870402
NUS2012,RI_ratio,0.518172373,0.804363852
NUS2012,RI_ratio,0.517083671,0.772208512
NUS2012,RI_ratio,0.512760567,0.802939097
NUS2012,RI_ratio,0.45662218,0.757658548
NUS2012,RI_ratio,0.450020763,0.752817195
NUS2012,RI_ratio,0.470849371,0.741844444
NUS2012,RI_ratio,0.524469104,0.779087599
NUS2012,RI_ratio,0.487037309,0.829128652
NUS2012,RI_ratio,0.475211327,0.808721962
NUS2012,RI_ratio,0.535632709,0.814376794
NUS2012,RI_ratio,0.589520357,0.667504821
NUS2012,RI_ratio,0.56072648,0.849349408
NUS2012,RI_ratio,0.568828055,0.871154597
NUS2012,RI_ratio,0.576236567,0.876260757
NUS2012,RI_ratio,0.526134715,0.826193397
NUS2012,RI_ratio,0.533422915,0.836450075
NUS2012,RI_ratio,0.478267232,0.7695314
NUS2013,PulseWidth_sec,1.1968,1.175
NUS2013,PulseWidth_sec,0.98652,0.953333333
NUS2013,PulseWidth_sec,1.009478261,0.982
NUS2013,PulseWidth_sec,0.93824,0.951666667
NUS2013,PulseWidth_sec,0.95885,0.951111111
NUS2013,PulseWidth_sec,0.942125,0.943076923
NUS2013,PulseWidth_sec,0.95152381,0.935555556
NUS2013,PulseWidth_sec,0.974173913,0.972727273
NUS2013,PulseWidth_sec,0.990041667,0.966666667
NUS2013,PulseWidth_sec,1.005526316,0.97
NUS2013,PulseWidth_sec,1.142,0.9275
NUS2013,PulseWidth_sec,1.192666667,1.116
NUS2013,PulseWidth_sec,1.0354,1.014545455
NUS2013,PulseWidth_sec,1.229285714,1.095384615
NUS2013,PulseWidth_sec,1.036,1.004
NUS2013,PulseWidth_sec,1.02075,1.004444444
NUS2013,PulseWidth_sec,1.371,1.116363636
NUS2013,PulseWidth_sec,1.2366,1.13
NUS2013,PulseWidth_sec,1.219,1.066666667
NUS2013,PulseWidth_sec,1.1554,1.064
NUS2013,CT_sec,0.184,0.16
NUS2013,CT_sec,0.188684211,0.193333333
NUS2013,CT_sec,0.182962963,0.186666667
NUS2013,CT_sec,0.186272727,0.19
NUS2013,CT_sec,0.183692308,0.189090909
NUS2013,CT_sec,0.19075,0.205
NUS2013,CT_sec,0.161333333,0.15
NUS2013,CT_sec,0.178,0.183333333
NUS2013,CT_sec,0.179368421,0.178
NUS2013,CT_sec,0.179466667,0.181666667
NUS2013,CT_sec,0.1776,0.171666667
NUS2013,CT_sec,0.177636364,0.172
NUS2013,CT_sec,0.178545455,0.168
NUS2013,CT_sec,0.182086957,0.181538462
NUS2013,CT_sec,0.181333333,0.168888889
NUS2013,CT_sec,0.18705,0.19
NUS2013,CT_sec,0.176,0.188571429
NUS2013,CT_sec,0.1873,0.18
NUS2013,CT_sec,0.18,0.175
NUS2013,CT_sec,0.187333333,0.184
NUS2013,dT_sec,0.345238095,0.345714286
NUS2013,dT_sec,0.339428571,0.34
NUS2013,dT_sec,0.371,0.332
NUS2013,dT_sec,0.333333333,0.34
NUS2013,dT_sec,0.356545455,0.357142857
NUS2013,dT_sec,0.322461538,0.330909091
NUS2013,dT_sec,0.335294118,0.337142857
NUS2013,dT_sec,0.357769231,0.347692308
NUS2013,dT_sec,0.351090909,0.368
NUS2013,dT_sec,0.359736842,0.3675
NUS2013,dT_sec,0.351947368,0.3525
NUS2013,dT_sec,0.365666667,0.3475
NUS2013,dT_sec,0.3352,0.337777778
NUS2013,dT_sec,0.3742,0.386153846
NUS2013,dT_sec,0.365,0.366666667
NUS2013,dT_sec,0.341875,0.344444444
NUS2013,dT_sec,0.354,0.336
NUS2013,dT_sec,0.348846154,0.349090909
NUS2013,dT_sec,0.367,0.344
NUS2013,dT_sec,0.383,0.36
NUS2013,dT_samples,81.14285714,84
NUS2013,dT_samples,71.875,68
NUS2013,dT_samples,70.4375,66.57142857
NUS2013,dT_samples,56,66
NUS2013,dT_samples,62.3,63.75
NUS2013,dT_samples,66.69565217,67.26666667
NUS2013,dT_samples,63.27272727,63.83333333
NUS2013,dT_samples,58.5,73
NUS2013,dT_samples,65.25,69.9
NUS2013,dT_samples,72.79166667,72.71428571
NUS2013,dT_samples,73.30769231,70.1
NUS2013,dT_samples,73.86363636,72
NUS2013,dT_samples,76.38461538,74
NUS2013,dT_samples,72.65384615,70.4
NUS2013,dT_samples,66.66666667,66.61538462
NUS2013,dT_samples,65,69.375
NUS2013,dT_samples,66,66.61538462
NUS2013,dT_samples,62.5,79.07142857
NUS2013,dT_samples,62.83333333,65.9
NUS2013,dT_samples,51.5,61
NUS2013,CT_samples,35.95833333,36.91666667
NUS2013,CT_samples,32.8,34.4
NUS2013,CT_samples,31,32.5
NUS2013,CT_samples,35.66666667,35.9
NUS2013,CT_samples,37.92307692,34.88888889
NUS2013,CT_samples,37.33333333,37.08333333
NUS2013,CT_samples,37.16,36.5
NUS2013,CT_samples,36.66666667,34.42857143
NUS2013,CT_samples,38.65517241,37.69230769
NUS2013,CT_samples,35.89473684,34.375
NUS2013,CT_samples,34.66666667,33.76923077
NUS2013,CT_samples,31.2,32.8
NUS2013,CT_samples,27.5,31.44444444
NUS2013,CT_samples,35.5,35.17647059
NUS2013,CT_samples,38.14814815,36.66666667
NUS2013,CT_samples,31.75,32.71428571
NUS2013,CT_samples,27,30.57142857
NUS2013,CT_samples,34,33
NUS2013,CT_samples,32.7,34.66666667
NUS2013,CT_samples,29.8,33
NUS2013,RI_ratio,0.310662651,9.295416454
NUS2013,RI_ratio,0.547950298,0.514819679
NUS2013,RI_ratio,0.396656713,0.545436605
NUS2013,RI_ratio,0.388097862,0.529734017
NUS2013,RI_ratio,0.477078666,0.675033942
NUS2013,RI_ratio,0.456592475,0.589443703
NUS2013,RI_ratio,0.502379501,0.462449506
NUS2013,RI_ratio,0.426587632,0.587589544
NUS2013,RI_ratio,0.363714415,0.538374842
NUS2013,RI_ratio,0.373287123,0.482348645
NUS2013,RI_ratio,0.37591177,0.488297144
NUS2013,RI_ratio,0.386810468,0.540285724
NUS2013,RI_ratio,0.352232539,0.527504238
NUS2013,RI_ratio,0.327710918,0.4638103
NUS2013,RI_ratio,0.349913171,0.463361148
NUS2013,RI_ratio,0.427645456,0.468515639
NUS2013,RI_ratio,0.495086919,0.636614027
NUS2013,RI_ratio,0.401274355,0.631244687
NUS2013,RI_ratio,0.480948332,0.546959679
NUS2013,RI_ratio,0.418923508,0.601477818
NUS2014,PulseWidth_sec,1.145318182,1.152222222
NUS2014,PulseWidth_sec,1.148545455,1.147777778
NUS2014,PulseWidth_sec,1.180833333,1.158333333
NUS2014,PulseWidth_sec,1.08585,1.080909091
NUS2014,PulseWidth_sec,1.097809524,1.102608696
NUS2014,PulseWidth_sec,1.115714286,1.101111111
NUS2014,PulseWidth_sec,1.11815,1.123333333
NUS2014,PulseWidth_sec,1.137285714,1.13
NUS2014,PulseWidth_sec,1.128222222,1.128421053
NUS2014,PulseWidth_sec,1.128526316,1.132857143
NUS2014,PulseWidth_sec,1.153473684,1.148571429
NUS2014,PulseWidth_sec,1.156,1.146
NUS2014,PulseWidth_sec,1.166055556,1.18
NUS2014,PulseWidth_sec,1.228642857,1.23375
NUS2014,PulseWidth_sec,1.186142857,1.186666667
NUS2014,PulseWidth_sec,1.1904,1.18
NUS2014,PulseWidth_sec,1.221,1.226153846
NUS2014,PulseWidth_sec,1.177428571,1.187142857
NUS2014,PulseWidth_sec,1.090913043,1.089565217
NUS2014,PulseWidth_sec,1.177384615,1.161666667
NUS2014,CT_sec,0.204272727,0.240909091
NUS2014,CT_sec,0.204882353,0.212631579
NUS2014,CT_sec,0.203222222,0.205714286
NUS2014,CT_sec,0.213214286,0.215789474
NUS2014,CT_sec,0.205727273,0.216842105
NUS2014,CT_sec,0.209388889,0.216470588
NUS2014,CT_sec,0.208,0.216666667
NUS2014,CT_sec,0.207388889,0.22
NUS2014,CT_sec,0.211421053,0.215294118
NUS2014,CT_sec,0.239666667,0.252222222
NUS2014,CT_sec,0.214761905,0.223478261
NUS2014,CT_sec,0.211210526,0.215
NUS2014,CT_sec,0.212882353,0.217777778
NUS2014,CT_sec,0.214916667,0.217333333
NUS2014,CT_sec,0.213,0.208421053
NUS2014,CT_sec,0.209571429,0.265
NUS2014,CT_sec,0.199842105,0.264
NUS2014,CT_sec,0.201444444,0.23625
NUS2014,CT_sec,0.199222222,0.229333333
NUS2014,CT_sec,0.2185,0.24
NUS2014,dT_sec,0.3486,0.327692308
NUS2014,dT_sec,0.3465,0.319
NUS2014,dT_sec,0.346117647,0.333684211
NUS2014,dT_sec,0.344842105,0.321904762
NUS2014,dT_sec,0.34,0.33
NUS2014,dT_sec,0.341263158,0.319
NUS2014,dT_sec,0.336842105,0.324705882
NUS2014,dT_sec,0.337333333,0.293636364
NUS2014,dT_sec,0.340347826,0.313043478
NUS2014,dT_sec,0.338222222,0.328571429
NUS2014,dT_sec,0.33847619,0.324
NUS2014,dT_sec,0.3510625,0.273333333
NUS2014,dT_sec,0.3443125,0.291764706
NUS2014,dT_sec,0.326818182,0.302857143
NUS2014,dT_sec,0.347944444,0.327058824
NUS2014,dT_sec,0.347736842,0.322352941
NUS2014,dT_sec,0.338388889,0.342666667
NUS2014,dT_sec,0.344142857,0.313333333
NUS2014,dT_sec,0.343545455,0.327777778
NUS2014,dT_sec,0.346086957,0.31826087
NUS2014,dT_samples,59.57894737,53.41176471
NUS2014,dT_samples,60.81818182,54.16666667
NUS2014,dT_samples,58.66666667,55
NUS2014,dT_samples,58.05555556,52.82352941
NUS2014,dT_samples,59,54.88235294
NUS2014,dT_samples,58.73684211,53.52380952
NUS2014,dT_samples,56.125,54.76470588
NUS2014,dT_samples,62.72727273,52.69565217
NUS2014,dT_samples,54.88888889,54.94117647
NUS2014,dT_samples,60.42105263,54.09090909
NUS2014,dT_samples,60.63157895,52.85714286
NUS2014,dT_samples,57.83333333,54.61904762
NUS2014,dT_samples,59,54.31818182
NUS2014,dT_samples,57.4375,54.6
NUS2014,dT_samples,57.80952381,54.4
NUS2014,dT_samples,59.5,41.15384615
NUS2014,dT_samples,53.88888889,52.86666667
NUS2014,dT_samples,55.86666667,55.77777778
NUS2014,dT_samples,57.52380952,44
NUS2014,dT_samples,58.90909091,56.94444444
NUS2014,CT_samples,34.31818182,35.88235294
NUS2014,CT_samples,35.15789474,34.72222222
NUS2014,CT_samples,35.42857143,35.05263158
NUS2014,CT_samples,35.27777778,35
NUS2014,CT_samples,34.41666667,36.23529412
NUS2014,CT_samples,35.23529412,35.94736842
NUS2014,CT_samples,34.38888889,35.73684211
NUS2014,CT_samples,38.70833333,40.54545455
NUS2014,CT_samples,47.83333333,46.55555556
NUS2014,CT_samples,38.95833333,39.66666667
NUS2014,CT_samples,36.63157895,36.35714286
NUS2014,CT_samples,37.26666667,34.85
NUS2014,CT_samples,35.66666667,34.65
NUS2014,CT_samples,33.91666667,44.04761905
NUS2014,CT_samples,33.73333333,42.2
NUS2014,CT_samples,32.66666667,37.1875
NUS2014,CT_samples,32.1,35
NUS2014,CT_samples,37.2,43.25
NUS2014,CT_samples,35.16666667,39.6
NUS2014,CT_samples,33.47619048,40.36363636
NUS2014,RI_ratio,0.532802197,0.725625301
NUS2014,RI_ratio,0.582711512,0.751528844
NUS2014,RI_ratio,0.569943045,0.75693988
NUS2014,RI_ratio,0.60458249,0.751191192
NUS2014,RI_ratio,0.548310844,0.736516901
NUS2014,RI_ratio,0.551352935,0.767806793
NUS2014,RI_ratio,0.761464009,0.725512053
NUS2014,RI_ratio,0.56767282,0.765062433
NUS2014,RI_ratio,0.592841428,0.778815453
NUS2014,RI_ratio,0.575760772,0.759945731
NUS2014,RI_ratio,0.561180562,0.765325391
NUS2014,RI_ratio,0.581858531,0.787754204
NUS2014,RI_ratio,0.575658228,0.786748548
NUS2014,RI_ratio,0.515931665,0.777355809
NUS2014,RI_ratio,0.499063992,0.752390353
NUS2014,RI_ratio,0.499714853,0.729369822
NUS2014,RI_ratio,0.524749745,0.776014083
NUS2014,RI_ratio,0.504286843,0.687392555
NUS2014,RI_ratio,0.500902367,0.708876749
NUS2014,RI_ratio,0.489079643,0.707890712
NUS2015,PulseWidth_sec,1.095909091,1.088571429
NUS2015,PulseWidth_sec,1.192142857,1.185
NUS2015,PulseWidth_sec,1.182210526,1.185555556
NUS2015,PulseWidth_sec,1.213352941,1.22125
NUS2015,PulseWidth_sec,1.11865,1.123333333
NUS2015,PulseWidth_sec,1.209055556,1.12
NUS2015,PulseWidth_sec,1.046888889,1.085
NUS2015,PulseWidth_sec,1.137285714,1.1175
NUS2015,PulseWidth_sec,1.170235294,1.174444444
NUS2015,PulseWidth_sec,1.231117647,1.205
NUS2015,PulseWidth_sec,1.222454545,1.217647059
NUS2015,PulseWidth_sec,1.288294118,1.284444444
NUS2015,PulseWidth_sec,1.307166667,1.292307692
NUS2015,PulseWidth_sec,1.228894737,1.215
NUS2015,PulseWidth_sec,1.18295,1.177777778
NUS2015,PulseWidth_sec,1.059666667,1.04
NUS2015,PulseWidth_sec,1.0905,1.065
NUS2015,PulseWidth_sec,1.08825,1.085714286
NUS2015,PulseWidth_sec,1.2484,1.25
NUS2015,PulseWidth_sec,1.249857143,1.136666667
NUS2015,CT_sec,0.1824,0.192
NUS2015,CT_sec,0.182363636,0.20173913
NUS2015,CT_sec,0.182526316,0.187777778
NUS2015,CT_sec,0.180533333,0.196666667
NUS2015,CT_sec,0.183,0.193333333
NUS2015,CT_sec,0.181636364,0.195
NUS2015,CT_sec,0.1892,0.195
NUS2015,CT_sec,0.178444444,0.19
NUS2015,CT_sec,0.177714286,0.198666667
NUS2015,CT_sec,0.180761905,0.175
NUS2015,CT_sec,0.182,0.213333333
NUS2015,CT_sec,0.186055556,0.185
NUS2015,CT_sec,0.185789474,0.188333333
NUS2015,CT_sec,0.187058824,0.196363636
NUS2015,CT_sec,0.1808,0.173333333
NUS2015,CT_sec,0.178444444,0.1875
NUS2015,CT_sec,0.177142857,0.26
NUS2015,CT_sec,0.182133333,0.19
NUS2015,CT_sec,0.1926,0.253333333
NUS2015,CT_sec,0.194555556,0.257142857
NUS2015,dT_sec,0.3506,0.413333333
NUS2015,dT_sec,0.3504375,0.405714286
NUS2015,dT_sec,0.3435,0.4
NUS2015,dT_sec,0.329391304,0.368333333
NUS2015,dT_sec,0.330608696,0.38
NUS2015,dT_sec,0.36205,0.381333333
NUS2015,dT_sec,0.360714286,0.386
NUS2015,dT_sec,0.365666667,0.382
NUS2015,dT_sec,0.347857143,0.44
NUS2015,dT_sec,0.3509,0.398666667
NUS2015,dT_sec,0.357785714,0.45625
NUS2015,dT_sec,0.353176471,0.38
NUS2015,dT_sec,0.3406,0.52
NUS2015,dT_sec,0.322083333,0.371428571
NUS2015,dT_sec,0.3572,0.396
NUS2015,dT_sec,0.324214286,0.34875
NUS2015,dT_sec,0.328555556,0.47
NUS2015,dT_sec,0.373133333,0.423333333
NUS2015,dT_sec,0.329066667,0.38
NUS2015,dT_sec,0.320647059,0.358333333
NUS2015,dT_samples,57,57.8
NUS2015,dT_samples,59.64705882,73.4
NUS2015,dT_samples,58.1875,68.42857143
NUS2015,dT_samples,55.3,69.4
NUS2015,dT_samples,56.8125,71.71428571
NUS2015,dT_samples,57.26666667,65.4
NUS2015,dT_samples,60.25,58.5
NUS2015,dT_samples,55.66666667,68.27272727
NUS2015,dT_samples,56.55555556,66
NUS2015,dT_samples,61.29411765,60.72222222
NUS2015,dT_samples,56.13333333,72.71428571
NUS2015,dT_samples,60,73.44444444
NUS2015,dT_samples,54.33333333,54
NUS2015,dT_samples,56.41666667,63.85714286
NUS2015,dT_samples,59.4,67.4
NUS2015,dT_samples,58.55,58.8
NUS2015,dT_samples,69.33333333,69
NUS2015,dT_samples,55.5,64.5
NUS2015,dT_samples,54.2,63.92307692
NUS2015,dT_samples,58.47058824,64.66666667
NUS2015,CT_samples,30.26666667,31.91666667
NUS2015,CT_samples,30.25,30.57142857
NUS2015,CT_samples,30.70588235,30.82352941
NUS2015,CT_samples,30.25,32.66666667
NUS2015,CT_samples,33.3,35.36842105
NUS2015,CT_samples,30.6,30.9
NUS2015,CT_samples,28.9047619,30.2
NUS2015,CT_samples,32.66666667,31.14285714
NUS2015,CT_samples,33.66666667,30
NUS2015,CT_samples,29.75,30.42857143
NUS2015,CT_samples,29.81818182,30
NUS2015,CT_samples,29.86363636,26.2
NUS2015,CT_samples,32.0625,32.8
NUS2015,CT_samples,33.42857143,32.57142857
NUS2015,CT_samples,30.05,31.77777778
NUS2015,CT_samples,33.38095238,30.92307692
NUS2015,CT_samples,27.6,31.76923077
NUS2015,CT_samples,29.66666667,27.25
NUS2015,CT_samples,33.41176471,33.66666667
NUS2015,CT_samples,32.57142857,31.92307692
NUS2015,RI_ratio,0.703109791,0.873976465
NUS2015,RI_ratio,0.41345474,7.775355618
NUS2015,RI_ratio,0.380259058,0.828730157
NUS2015,RI_ratio,0.405085455,0.867305713
NUS2015,RI_ratio,0.444678813,0.678882906
NUS2015,RI_ratio,0.288680848,0.662902027
NUS2015,RI_ratio,0.425633224,0.557538528
NUS2015,RI_ratio,0.463316937,0.785186316
NUS2015,RI_ratio,0.337943605,0.703602112
NUS2015,RI_ratio,0.513613853,0.894703805
NUS2015,RI_ratio,0.402470261,0.983361409
NUS2015,RI_ratio,0.461756958,0.866989696
NUS2015,RI_ratio,0.494597625,0.864402301
NUS2015,RI_ratio,0.311934731,0.746392631
NUS2015,RI_ratio,0.366716875,0.897820086
NUS2015,RI_ratio,0.364520963,0.896195025
NUS2015,RI_ratio,0.391240694,0.844685492
NUS2015,RI_ratio,0.34763032,0.923802566
NUS2015,RI_ratio,0.319234943,0.861140695
NUS2015,RI_ratio,0.499612716,0.921281673
NUS2016,PulseWidth_sec,0.973,0.965185185
NUS2016,PulseWidth_sec,1.041,0.918333333
NUS2016,PulseWidth_sec,1.061222222,0.991111111
NUS2016,PulseWidth_sec,0.96455,0.956296296
NUS2016,PulseWidth_sec,0.950266667,0.973076923
NUS2016,PulseWidth_sec,0.9465,0.9675
NUS2016,PulseWidth_sec,0.973565217,0.967692308
NUS2016,PulseWidth_sec,1.0571,0.995454545
NUS2016,PulseWidth_sec,0.955347826,0.948
NUS2016,PulseWidth_sec,1.23,1.02
NUS2016,PulseWidth_sec,0.9492,0.94952381
NUS2016,PulseWidth_sec,1.086,0.989333333
NUS2016,PulseWidth_sec,0.875304348,0.886428571
NUS2016,PulseWidth_sec,0.818769231,0.835483871
NUS2016,PulseWidth_sec,1.053,0.995384615
NUS2016,PulseWidth_sec,0.969285714,0.977037037
NUS2016,PulseWidth_sec,1.094818182,1.083333333
NUS2016,PulseWidth_sec,1.069142857,0.985185185
NUS2016,PulseWidth_sec,0.844266667,0.8592
NUS2016,PulseWidth_sec,0.885761905,0.861428571
NUS2016,CT_sec,0.19,0.284444444
NUS2016,CT_sec,0.196074074,0.2624
NUS2016,CT_sec,0.192782609,0.257647059
NUS2016,CT_sec,0.197392857,0.240714286
NUS2016,CT_sec,0.198692308,0.242857143
NUS2016,CT_sec,0.203888889,0.244285714
NUS2016,CT_sec,0.188285714,0.185
NUS2016,CT_sec,0.206333333,0.274
NUS2016,CT_sec,0.18025,0.18
NUS2016,CT_sec,0.18773913,0.1875
NUS2016,CT_sec,0.183,0.26137931
NUS2016,CT_sec,0.173,0.188275862
NUS2016,CT_sec,0.202823529,0.271111111
NUS2016,CT_sec,0.187461538,0.176
NUS2016,CT_sec,0.192444444,0.220909091
NUS2016,CT_sec,0.203,0.27
NUS2016,CT_sec,0.1876875,0.255
NUS2016,CT_sec,0.1555,0.176923077
NUS2016,CT_sec,0.1836,0.176363636
NUS2016,CT_sec,0.18675,0.181666667
NUS2016,dT_sec,0.323208333,0.285714286
NUS2016,dT_sec,0.30544,0.24
NUS2016,dT_sec,0.3151,0.319
NUS2016,dT_sec,0.297714286,0.255555556
NUS2016,dT_sec,0.305357143,0.262758621
NUS2016,dT_sec,0.3035,0.235652174
NUS2016,dT_sec,0.307052632,0.256923077
NUS2016,dT_sec,0.328,0.327777778
NUS2016,dT_sec,0.304434783,0.235384615
NUS2016,dT_sec,0.316153846,0.324210526
NUS2016,dT_sec,0.289,0.31
NUS2016,dT_sec,0.298333333,0.31875
NUS2016,dT_sec,0.35,0.34
NUS2016,dT_sec,0.332,0.3025
NUS2016,dT_sec,0.34096,0.244827586
NUS2016,dT_sec,0.342666667,0.355
NUS2016,dT_sec,0.336923077,0.353333333
NUS2016,dT_sec,0.2231,0.201
NUS2016,dT_sec,0.323833333,0.331428571
NUS2016,dT_sec,0.323111111,0.314782609
NUS2016,dT_samples,68.66666667,64.47368421
NUS2016,dT_samples,63.7826087,49.18518519
NUS2016,dT_samples,61.70588235,47.25925926
NUS2016,dT_samples,66.28571429,51.14285714
NUS2016,dT_samples,69.9,68.95
NUS2016,dT_samples,62,49.61538462
NUS2016,dT_samples,60.27272727,50.92
NUS2016,dT_samples,62,67.9
NUS2016,dT_samples,60.6875,50.72
NUS2016,dT_samples,56.71428571,48.88461538
NUS2016,dT_samples,69.57894737,64.33333333
NUS2016,dT_samples,53.71428571,61.375
NUS2016,dT_samples,68,60.96153846
NUS2016,dT_samples,64.375,60.18518519
NUS2016,dT_samples,65.625,48.33333333
NUS2016,dT_samples,66.07407407,51.14814815
NUS2016,dT_samples,63.14285714,49.79166667
NUS2016,dT_samples,61.3125,46.46153846
NUS2016,dT_samples,59.18181818,66.5
NUS2016,dT_samples,58.16666667,57.82352941
NUS2016,CT_samples,39.41666667,39.94736842
NUS2016,CT_samples,40.91304348,56.65384615
NUS2016,CT_samples,40.69565217,49.61538462
NUS2016,CT_samples,42.82142857,51.27586207
NUS2016,CT_samples,43.2173913,56.84615385
NUS2016,CT_samples,39.33333333,53.71428571
NUS2016,CT_samples,34.83333333,44.91666667
NUS2016,CT_samples,37.57142857,52.48
NUS2016,CT_samples,38.58823529,36.88235294
NUS2016,CT_samples,38.6,36.1875
NUS2016,CT_samples,28,32.66666667
NUS2016,CT_samples,40.17857143,38.4
NUS2016,CT_samples,45.44,65.65625
NUS2016,CT_samples,40.77272727,54.59259259
NUS2016,CT_samples,34.5,33.46153846
NUS2016,CT_samples,33.35714286,35.52941176
NUS2016,CT_samples,34.5,47.625
NUS2016,CT_samples,39,57.88888889
NUS2016,CT_samples,41.04347826,44.27777778
NUS2016,CT_samples,40.1,39
NUS2016,RI_ratio,0.539909047,0.876803065
NUS2016,RI_ratio,0.581880827,0.874045024
NUS2016,RI_ratio,0.590014171,0.87468075
NUS2016,RI_ratio,0.578820381,0.881992306
NUS2016,RI_ratio,0.389559094,0.78972792
NUS2016,RI_ratio,0.391635958,0.769884766
NUS2016,RI_ratio,0.533892737,0.830156384
NUS2016,RI_ratio,0.510842469,0.796244594
NUS2016,RI_ratio,0.426941672,0.802240584
NUS2016,RI_ratio,0.49554633,0.70602594
NUS2016,RI_ratio,0.523529585,0.727428595
NUS2016,RI_ratio,0.471104842,0.684348641
NUS2016,RI_ratio,0.473848866,0.659448305
NUS2016,RI_ratio,0.473485442,0.662598747
NUS2016,RI_ratio,0.484184217,0.667232626
NUS2016,RI_ratio,0.431647725,0.80385628
NUS2016,RI_ratio,0.571918683,0.820606944
NUS2016,RI_ratio,0.564918645,0.860733096
NUS2016,RI_ratio,0.541798927,0.858014526
NUS2016,RI_ratio,0.490101159,0.762470844
NUS2017,PulseWidth_sec,1.232947368,1.206666667
NUS2017,PulseWidth_sec,1.275444444,1.252
NUS2017,PulseWidth_sec,1.18725,1.2
NUS2017,PulseWidth_sec,1.329733333,1.224
NUS2017,PulseWidth_sec,1.279333333,1.204
NUS2017,PulseWidth_sec,1.188785714,1.072
NUS2017,PulseWidth_sec,1.291866667,1.255294118
NUS2017,PulseWidth_sec,1.3048125,1.255294118
NUS2017,PulseWidth_sec,1.1664,0.984
NUS2017,PulseWidth_sec,1.056555556,1.046086957
NUS2017,PulseWidth_sec,1.08225,0.972727273
NUS2017,PulseWidth_sec,1.222928571,1.11875
NUS2017,PulseWidth_sec,1.111846154,1.052857143
NUS2017,PulseWidth_sec,1.047823529,1.035
NUS2017,PulseWidth_sec,1.194647059,1.187368421
NUS2017,PulseWidth_sec,1.263764706,1.245882353
NUS2017,PulseWidth_sec,1.330666667,1.304285714
NUS2017,PulseWidth_sec,1.24105,1.243157895
NUS2017,PulseWidth_sec,0.964666667,0.93
NUS2017,PulseWidth_sec,0.934,0.923076923
NUS2017,CT_sec,0.191210526,0.196666667
NUS2017,CT_sec,0.201666667,0.212727273
NUS2017,CT_sec,0.21325,0.24
NUS2017,CT_sec,0.206368421,0.280909091
NUS2017,CT_sec,0.189333333,0.192
NUS2017,CT_sec,0.19525,0.22
NUS2017,CT_sec,0.2015,0.201818182
NUS2017,CT_sec,0.207,0.211111111
NUS2017,CT_sec,0.190277778,0.192727273
NUS2017,CT_sec,0.177142857,0.185714286
NUS2017,CT_sec,0.206058824,0.29
NUS2017,CT_sec,0.193333333,0.222666667
NUS2017,CT_sec,0.192064516,0.211333333
NUS2017,CT_sec,0.190846154,0.188571429
NUS2017,CT_sec,0.182714286,0.189473684
NUS2017,CT_sec,0.2062,0.27625
NUS2017,CT_sec,0.203,0.239130435
NUS2017,CT_sec,0.204111111,0.231578947
NUS2017,CT_sec,0.212111111,0.234285714
NUS2017,CT_sec,0.19188,0.19
NUS2017,dT_sec,0.353083333,0.365714286
NUS2017,dT_sec,0.38052381,0.361428571
NUS2017,dT_sec,0.3734,0.42
NUS2017,dT_sec,0.384210526,0.340909091
NUS2017,dT_sec,0.378294118,0.358571429
NUS2017,dT_sec,0.3622,0.374285714
NUS2017,dT_sec,0.32845,0.327826087
NUS2017,dT_sec,0.3488125,0.25125
NUS2017,dT_sec,0.27975,0.238181818
NUS2017,dT_sec,0.32316129,0.295333333
NUS2017,dT_sec,0.3121875,0.327142857
NUS2017,dT_sec,0.347722222,0.34
NUS2017,dT_sec,0.246266667,0.324
NUS2017,dT_sec,0.350125,0.283333333
NUS2017,dT_sec,0.3668,0.342
NUS2017,dT_sec,0.361352941,0.335789474
NUS2017,dT_sec,0.3368,0.312
NUS2017,dT_sec,0.3515,0.325
NUS2017,dT_sec,0.332,0.305454545
NUS2017,dT_sec,0.337277778,0.320952381
NUS2017,dT_samples,51.26666667,54.2
NUS2017,dT_samples,55.11764706,56.44444444
NUS2017,dT_samples,59.41176471,62.44444444
NUS2017,dT_samples,56,60.42857143
NUS2017,dT_samples,58.29411765,52.125
NUS2017,dT_samples,57.875,52.5
NUS2017,dT_samples,60.9375,56
NUS2017,dT_samples,57.33333333,53.89473684
NUS2017,dT_samples,59.66666667,54.44444444
NUS2017,dT_samples,61,59.57142857
NUS2017,dT_samples,45.82352941,54.47826087
NUS2017,dT_samples,64.95652174,64.1
NUS2017,dT_samples,59.3125,60
NUS2017,dT_samples,61.6,52.56521739
NUS2017,dT_samples,54,38.64285714
NUS2017,dT_samples,67.5,65.52380952
NUS2017,dT_samples,60.57142857,54.13636364
NUS2017,dT_samples,62.76923077,55.4
NUS2017,dT_samples,57.35714286,61.36363636
NUS2017,dT_samples,63.90909091,67.58823529
NUS2017,CT_samples,30.84210526,33
NUS2017,CT_samples,30.31578947,29.875
NUS2017,CT_samples,34.64285714,38.2
NUS2017,CT_samples,36.72727273,41.57142857
NUS2017,CT_samples,31.27272727,31
NUS2017,CT_samples,32.69230769,34.25
NUS2017,CT_samples,36.5,36.625
NUS2017,CT_samples,29.18181818,36.26315789
NUS2017,CT_samples,35,41.5
NUS2017,CT_samples,33.44444444,38.84615385
NUS2017,CT_samples,37,51.25
NUS2017,CT_samples,32.2,32.66666667
NUS2017,CT_samples,35.1875,45.78947368
NUS2017,CT_samples,43,46.83333333
NUS2017,CT_samples,37.65,46.79166667
NUS2017,CT_samples,36.6,52.08333333
NUS2017,CT_samples,33.13333333,38.09090909
NUS2017,CT_samples,41,54.65384615
NUS2017,CT_samples,40.05555556,54.30434783
NUS2017,CT_samples,39.04545455,37.76470588
NUS2017,RI_ratio,0.386949711,0.630171371
NUS2017,RI_ratio,0.364959705,0.601356932
NUS2017,RI_ratio,0.246918182,0.569361154
NUS2017,RI_ratio,0.261458431,0.537968101
NUS2017,RI_ratio,0.231594151,0.474796252
NUS2017,RI_ratio,0.372614016,0.730853168
NUS2017,RI_ratio,0.375569987,0.702691416
NUS2017,RI_ratio,0.465647563,0.723187602
NUS2017,RI_ratio,0.539643276,0.67904846
NUS2017,RI_ratio,0.510998705,0.709965093
NUS2017,RI_ratio,0.619639701,0.823985063
NUS2017,RI_ratio,0.440328562,0.578250851
NUS2017,RI_ratio,0.411521612,0.775857757
NUS2017,RI_ratio,0.389677348,0.751425629
NUS2017,RI_ratio,2.886831176,0.787779286
NUS2017,RI_ratio,0.423221734,0.745266528
NUS2017,RI_ratio,0.389201953,0.738949559
NUS2017,RI_ratio,0.373365608,0.70918556
NUS2017,RI_ratio,0.447610627,0.783249757
NUS2017,RI_ratio,0.346844598,0.619467717
NUS2018,PulseWidth_sec,1.045,1.0392
NUS2018,PulseWidth_sec,0.981888889,0.996
NUS2018,PulseWidth_sec,1.0472,1.049166667
NUS2018,PulseWidth_sec,1.092625,1.088695652
NUS2018,PulseWidth_sec,1.047708333,1.0488
NUS2018,PulseWidth_sec,1.049333333,1.0488
NUS2018,PulseWidth_sec,1.038916667,1.040833333
NUS2018,PulseWidth_sec,1.03856,1.038333333
NUS2018,PulseWidth_sec,1.050681818,1.0536
NUS2018,PulseWidth_sec,1.052521739,1.053333333
NUS2018,PulseWidth_sec,1.03596,1.0344
NUS2018,PulseWidth_sec,1.037478261,1.0408
NUS2018,PulseWidth_sec,1.1167,1.1
NUS2018,PulseWidth_sec,1.042434783,1.0432
NUS2018,PulseWidth_sec,1.021818182,1.0216
NUS2018,PulseWidth_sec,1.028454545,1.035833333
NUS2018,PulseWidth_sec,1.017954545,1.0208
NUS2018,PulseWidth_sec,1.176666667,1.138823529
NUS2018,PulseWidth_sec,1.193142857,1.168888889
NUS2018,PulseWidth_sec,1.2028,1.167058824
NUS2018,CT_sec,0.1855,0.270833333
NUS2018,CT_sec,0.1908,0.2408
NUS2018,CT_sec,0.180571429,0.248333333
NUS2018,CT_sec,0.183833333,0.233846154
NUS2018,CT_sec,0.183470588,0.242857143
NUS2018,CT_sec,0.208818182,0.259230769
NUS2018,CT_sec,0.205545455,0.223
NUS2018,CT_sec,0.203909091,0.2125
NUS2018,CT_sec,0.207,0.21
NUS2018,CT_sec,0.206238095,0.2064
NUS2018,CT_sec,0.20508,0.204166667
NUS2018,CT_sec,0.206130435,0.209166667
NUS2018,CT_sec,0.207181818,0.206666667
NUS2018,CT_sec,0.204166667,0.209230769
NUS2018,CT_sec,0.203347826,0.2104
NUS2018,CT_sec,0.204333333,0.216
NUS2018,CT_sec,0.188,0.203529412
NUS2018,CT_sec,0.195,0.286153846
NUS2018,CT_sec,0.1925,0.26
NUS2018,CT_sec,0.19075,0.234285714
NUS2018,dT_sec,0.320333333,0.231666667
NUS2018,dT_sec,0.309384615,0.24
NUS2018,dT_sec,0.324272727,0.272
NUS2018,dT_sec,0.3287,0.266666667
NUS2018,dT_sec,0.319954545,0.249230769
NUS2018,dT_sec,0.296333333,0.296
NUS2018,dT_sec,0.321608696,0.249166667
NUS2018,dT_sec,0.318590909,0.291428571
NUS2018,dT_sec,0.3105,0.315
NUS2018,dT_sec,0.317333333,0.305
NUS2018,dT_sec,0.310130435,0.3008
NUS2018,dT_sec,0.303304348,0.304166667
NUS2018,dT_sec,0.306478261,0.308
NUS2018,dT_sec,0.309565217,0.3125
NUS2018,dT_sec,0.310090909,0.310833333
NUS2018,dT_sec,0.311764706,0.3
NUS2018,dT_sec,0.306041667,0.31
NUS2018,dT_sec,0.323315789,0.3
NUS2018,dT_sec,0.33475,0.3525
NUS2018,dT_sec,0.335416667,0.348235294
NUS2018,dT_samples,58.73684211,51.47826087
NUS2018,dT_samples,59,41.65384615
NUS2018,dT_samples,60.66666667,41.5
NUS2018,dT_samples,61.83333333,47.30434783
NUS2018,dT_samples,59.75,48.16
NUS2018,dT_samples,66.38461538,58.76923077
NUS2018,dT_samples,67.17647059,53.04761905
NUS2018,dT_samples,59.39130435,44.16666667
NUS2018,dT_samples,59.41666667,42.28571429
NUS2018,dT_samples,60.58333333,55
NUS2018,dT_samples,59.70833333,55.32
NUS2018,dT_samples,57.2173913,56.5
NUS2018,dT_samples,58.95454545,55.66666667
NUS2018,dT_samples,58.77272727,58.16
NUS2018,dT_samples,56.31818182,40.44
NUS2018,dT_samples,59.31578947,44.12
NUS2018,dT_samples,58.47619048,41.7826087
NUS2018,dT_samples,54.80952381,64.5
NUS2018,dT_samples,56.125,45.875
NUS2018,dT_samples,56.5,53.76470588
NUS2018,CT_samples,37,40.85185185
NUS2018,CT_samples,38.75,46.875
NUS2018,CT_samples,39.36,47.4
NUS2018,CT_samples,39,50.76
NUS2018,CT_samples,41.09090909,49.34615385
NUS2018,CT_samples,38.52,37.16
NUS2018,CT_samples,38.13636364,36.79166667
NUS2018,CT_samples,39.32,37.72
NUS2018,CT_samples,38.30434783,37.79166667
NUS2018,CT_samples,38.95238095,38.92
NUS2018,CT_samples,39.34782609,39.12
NUS2018,CT_samples,39.6,52
NUS2018,CT_samples,36.27777778,49.39130435
NUS2018,CT_samples,36.47826087,50.54166667
NUS2018,CT_samples,32,41.73684211
NUS2018,CT_samples,33.86666667,42.38461538
NUS2018,CT_samples,31.22222222,35.16666667
NUS2018,CT_samples,32.625,37.75
NUS2018,CT_samples,30.9,37.625
NUS2018,CT_samples,31.33333333,40
NUS2018,RI_ratio,0.668868493,0.838697296
NUS2018,RI_ratio,0.943986567,0.829723486
NUS2018,RI_ratio,0.479072023,0.799418562
NUS2018,RI_ratio,0.481707913,0.791285053
NUS2018,RI_ratio,0.539061168,0.866747785
NUS2018,RI_ratio,0.597095746,0.888115836
NUS2018,RI_ratio,0.606168621,0.872392102
NUS2018,RI_ratio,0.573311528,0.829373419
NUS2018,RI_ratio,0.568429658,0.812678776
NUS2018,RI_ratio,0.57373818,0.800513278
NUS2018,RI_ratio,0.539863216,0.773081483
NUS2018,RI_ratio,0.650488697,0.906254739
NUS2018,RI_ratio,0.582550943,0.9019827
NUS2018,RI_ratio,0.559207226,0.86582634
NUS2018,RI_ratio,0.490534902,0.864258028
NUS2018,RI_ratio,0.570606244,0.876946158
NUS2018,RI_ratio,0.514342071,0.817546858
NUS2018,RI_ratio,0.551879015,0.859894105
NUS2018,RI_ratio,0.540766082,0.910545724
NUS2018,RI_ratio,0.575693038,0.888321581
NUS2019,PulseWidth_sec,0.952,0.9475
NUS2019,PulseWidth_sec,0.904068966,0.896190476
NUS2019,PulseWidth_sec,0.906714286,0.907142857
NUS2019,PulseWidth_sec,0.957296296,0.964285714
NUS2019,PulseWidth_sec,0.919285714,0.913103448
NUS2019,PulseWidth_sec,0.97,0.970769231
NUS2019,PulseWidth_sec,0.987428571,1.002307692
NUS2019,PulseWidth_sec,0.896535714,0.889565217
NUS2019,PulseWidth_sec,0.928125,0.93
NUS2019,PulseWidth_sec,0.930583333,0.919090909
NUS2019,PulseWidth_sec,0.941678571,0.946428571
NUS2019,PulseWidth_sec,0.970714286,0.986666667
NUS2019,PulseWidth_sec,0.964,0.961333333
NUS2019,PulseWidth_sec,0.94816,0.9616
NUS2019,PulseWidth_sec,0.95575,0.955
NUS2019,PulseWidth_sec,0.968086957,0.974074074
NUS2019,PulseWidth_sec,0.96092,0.960740741
NUS2019,PulseWidth_sec,0.969,0.96962963
NUS2019,PulseWidth_sec,0.926333333,0.922222222
NUS2019,PulseWidth_sec,1.0414,1.039166667
NUS2019,CT_sec,0.23,0.29875
NUS2019,CT_sec,0.21252,0.260666667
NUS2019,CT_sec,0.234071429,0.31
NUS2019,CT_sec,0.241310345,0.301428571
NUS2019,CT_sec,0.233962963,0.303703704
NUS2019,CT_sec,0.239461538,0.302307692
NUS2019,CT_sec,0.230230769,0.283703704
NUS2019,CT_sec,0.222481481,0.285185185
NUS2019,CT_sec,0.224,0.268965517
NUS2019,CT_sec,0.215153846,0.257037037
NUS2019,CT_sec,0.21568,0.269565217
NUS2019,CT_sec,0.208142857,0.278518519
NUS2019,CT_sec,0.224,0.274814815
NUS2019,CT_sec,0.2115,0.268275862
NUS2019,CT_sec,0.21362963,0.247857143
NUS2019,CT_sec,0.212846154,0.245714286
NUS2019,CT_sec,0.210294118,0.243571429
NUS2019,CT_sec,0.218541667,0.290769231
NUS2019,CT_sec,0.234461538,0.276923077
NUS2019,CT_sec,0.241142857,0.290833333
NUS2019,dT_sec,0.28475,0.231538462
NUS2019,dT_sec,0.284037037,0.246666667
NUS2019,dT_sec,0.283137931,0.243809524
NUS2019,dT_sec,0.305137931,0.23
NUS2019,dT_sec,0.292296296,0.24
NUS2019,dT_sec,0.297153846,0.243703704
NUS2019,dT_sec,0.308423077,0.272142857
NUS2019,dT_sec,0.266,0.241333333
NUS2019,dT_sec,0.290259259,0.245
NUS2019,dT_sec,0.271357143,0.249655172
NUS2019,dT_sec,0.26812,0.253333333
NUS2019,dT_sec,0.315,0.253846154
NUS2019,dT_sec,0.330666667,0.293333333
NUS2019,dT_sec,0.330923077,0.302222222
NUS2019,dT_sec,0.318357143,0.278571429
NUS2019,dT_sec,0.257185185,0.253636364
NUS2019,dT_sec,0.287730769,0.237037037
NUS2019,dT_sec,0.309555556,0.254814815
NUS2019,dT_sec,0.219782609,0.230769231
NUS2019,dT_sec,0.30356,0.284
NUS2019,dT_samples,64.38461538,58.91666667
NUS2019,dT_samples,61.10714286,42
NUS2019,dT_samples,60.64285714,42.10344828
NUS2019,dT_samples,57.61904762,49.36
NUS2019,dT_samples,57.92,48.92592593
NUS2019,dT_samples,48.16666667,46.30769231
NUS2019,dT_samples,60.14285714,40.11111111
NUS2019,dT_samples,59.19047619,42.76470588
NUS2019,dT_samples,64,49.06896552
NUS2019,dT_samples,61.30769231,48.85185185
NUS2019,dT_samples,43.36363636,44.66666667
NUS2019,dT_samples,63.52380952,52.11111111
NUS2019,dT_samples,58.57142857,49.8
NUS2019,dT_samples,64.66666667,57.89285714
NUS2019,dT_samples,66.4,48.375
NUS2019,dT_samples,67.30434783,58.37037037
NUS2019,dT_samples,67.86666667,58.71428571
NUS2019,dT_samples,60.7037037,47
NUS2019,dT_samples,62.5,52
NUS2019,dT_samples,54.75,50.90909091
NUS2019,CT_samples,52.65384615,62.18518519
NUS2019,CT_samples,50.85714286,60.64705882
NUS2019,CT_samples,44.12,55.34615385
NUS2019,CT_samples,48.13793103,56.10344828
NUS2019,CT_samples,46.55555556,56.39285714
NUS2019,CT_samples,45.89285714,52.42307692
NUS2019,CT_samples,45.22222222,56.5
NUS2019,CT_samples,46.88888889,55.67857143
NUS2019,CT_samples,45.34782609,55.7037037
NUS2019,CT_samples,44.65,49.53571429
NUS2019,CT_samples,43.94444444,49.7037037
NUS2019,CT_samples,44.0952381,48.88888889
NUS2019,CT_samples,44.15789474,56.26923077
NUS2019,CT_samples,43.38095238,60.34782609
NUS2019,CT_samples,48.39285714,57.10344828
NUS2019,CT_samples,47.58333333,55.39130435
NUS2019,CT_samples,46.85185185,59.11538462
NUS2019,CT_samples,46.33333333,56.19230769
NUS2019,CT_samples,45.29166667,52
NUS2019,CT_samples,46.0952381,54.6
NUS2019,RI_ratio,0.627576573,0.908401501
NUS2019,RI_ratio,0.675066897,0.87009596
NUS2019,RI_ratio,0.664401032,0.712547652
NUS2019,RI_ratio,0.686753597,0.906011059
NUS2019,RI_ratio,0.657835433,0.913729727
NUS2019,RI_ratio,0.69679411,0.887867019
NUS2019,RI_ratio,0.695569861,0.881506966
NUS2019,RI_ratio,0.662074227,0.883068371
NUS2019,RI_ratio,0.668028736,0.886028274
NUS2019,RI_ratio,0.713889156,0.895181705
NUS2019,RI_ratio,0.667030327,0.921347995
NUS2019,RI_ratio,0.614418217,0.90074393
NUS2019,RI_ratio,0.631743995,0.89297287
NUS2019,RI_ratio,0.632214212,0.797701203
NUS2019,RI_ratio,0.587292335,0.78566763
NUS2019,RI_ratio,0.554468522,0.770416936
NUS2019,RI_ratio,0.551121448,0.781355587
NUS2019,RI_ratio,0.722675024,0.794272344
NUS2019,RI_ratio,0.652282133,0.792141445
NUS2019,RI_ratio,0.649683516,0.801017859
NUS2020,PulseWidth_sec,0.891714286,0.87
NUS2020,PulseWidth_sec,1.0605,0.93
NUS2020,PulseWidth_sec,1.200428571,1.115
NUS2020,PulseWidth_sec,1.25575,1.116
NUS2020,PulseWidth_sec,1.212727273,1.027692308
NUS2020,PulseWidth_sec,1.244214286,1.2
NUS2020,PulseWidth_sec,1.228714286,1.170769231
NUS2020,PulseWidth_sec,1.24425,0.976666667
NUS2020,PulseWidth_sec,1.297,1
NUS2020,PulseWidth_sec,1.290578947,1.304
NUS2020,PulseWidth_sec,1.3146,1.276666667
NUS2020,PulseWidth_sec,1.327857143,1.306666667
NUS2020,PulseWidth_sec,1.282947368,1.28
NUS2020,PulseWidth_sec,1.252,1.166666667
NUS2020,PulseWidth_sec,1.056333333,0.92
NUS2020,PulseWidth_sec,0.924631579,0.914285714
NUS2020,PulseWidth_sec,1.231909091,1.21875
NUS2020,PulseWidth_sec,1.186125,1.106
NUS2020,PulseWidth_sec,1.2989375,1.25
NUS2020,PulseWidth_sec,1.233555556,1.21
NUS2020,CT_sec,0.185545455,0.188888889
NUS2020,CT_sec,0.182,0.186666667
NUS2020,CT_sec,0.1885,0.1875
NUS2020,CT_sec,0.164,0.18
NUS2020,CT_sec,0.1895,0.195555556
NUS2020,CT_sec,0.184846154,0.193333333
NUS2020,CT_sec,0.184,0.188888889
NUS2020,CT_sec,0.193230769,0.2
NUS2020,CT_sec,0.191,0.193333333
NUS2020,CT_sec,0.176,0.173333333
NUS2020,CT_sec,0.1892,0.18
NUS2020,CT_sec,0.188,0.2025
NUS2020,CT_sec,0.19075,0.2
NUS2020,CT_sec,0.18975,0.204
NUS2020,CT_sec,0.194230769,0.213333333
NUS2020,CT_sec,0.195,0.2025
NUS2020,CT_sec,0.190555556,0.18
NUS2020,CT_sec,0.1986,0.203333333
NUS2020,CT_sec,0.2008,0.206666667
NUS2020,CT_sec,0.201947368,0.204615385
NUS2020,dT_sec,0.3148,0.3475
NUS2020,dT_sec,0.3304,0.304
NUS2020,dT_sec,0.361,0.352
NUS2020,dT_sec,0.35425,0.346666667
NUS2020,dT_sec,0.3295,0.32
NUS2020,dT_sec,0.356058824,0.3825
NUS2020,dT_sec,0.363,0.44
NUS2020,dT_sec,0.2476,0.3125
NUS2020,dT_sec,0.32525,0.311428571
NUS2020,dT_sec,0.363333333,0.34
NUS2020,dT_sec,0.372647059,0.393333333
NUS2020,dT_sec,0.376111111,0.38
NUS2020,dT_sec,0.368666667,0.377777778
NUS2020,dT_sec,0.164,0.256666667
NUS2020,dT_sec,0.308416667,0.305
NUS2020,dT_sec,0.321947368,0.341428571
NUS2020,dT_sec,0.3146,0.366666667
NUS2020,dT_sec,0.3199,0.350769231
NUS2020,dT_sec,0.317473684,0.36
NUS2020,dT_sec,0.325235294,0.34
NUS2020,dT_samples,57.77777778,54.66666667
NUS2020,dT_samples,59.42857143,58.76923077
NUS2020,dT_samples,46,67.78571429
NUS2020,dT_samples,57.63636364,59.25
NUS2020,dT_samples,54.5,65.5
NUS2020,dT_samples,57.6875,61.61538462
NUS2020,dT_samples,48.75,49
NUS2020,dT_samples,53,65.5
NUS2020,dT_samples,60.90909091,63.21428571
NUS2020,dT_samples,54.25,47.05555556
NUS2020,dT_samples,57.82352941,53.6
NUS2020,dT_samples,60.125,56.63636364
NUS2020,dT_samples,55.16666667,55.66666667
NUS2020,dT_samples,57.625,62
NUS2020,dT_samples,59.33333333,54.54545455
NUS2020,dT_samples,59,71
NUS2020,dT_samples,51.75,56.15384615
NUS2020,dT_samples,49.35294118,54.81818182
NUS2020,dT_samples,49.31578947,56.72727273
NUS2020,dT_samples,50.94736842,56.8
NUS2020,CT_samples,29.2,35.83333333
NUS2020,CT_samples,30.61111111,31.55555556
NUS2020,CT_samples,30.15384615,32
NUS2020,CT_samples,26.33333333,30.25
NUS2020,CT_samples,28.86666667,30.55555556
NUS2020,CT_samples,29,33.8
NUS2020,CT_samples,31.8,32.85714286
NUS2020,CT_samples,29,33.27272727
NUS2020,CT_samples,31.66666667,36.35714286
NUS2020,CT_samples,35,41.6
NUS2020,CT_samples,28.0625,31.77777778
NUS2020,CT_samples,29.68421053,31.38461538
NUS2020,CT_samples,29,32
NUS2020,CT_samples,26.73333333,31.18181818
NUS2020,CT_samples,29.05555556,30
NUS2020,CT_samples,31.92307692,32
NUS2020,CT_samples,31.83333333,30.84615385
NUS2020,CT_samples,31.11764706,30.83333333
NUS2020,CT_samples,31.2,30.76923077
NUS2020,CT_samples,31.35294118,31.63636364
NUS2020,RI_ratio,0.447607872,0.667685443
NUS2020,RI_ratio,0.463938213,0.731893682
NUS2020,RI_ratio,0.464882312,0.711752716
NUS2020,RI_ratio,0.42074244,0.684184565
NUS2020,RI_ratio,0.401941961,0.771437233
NUS2020,RI_ratio,0.560792357,0.774736886
NUS2020,RI_ratio,0.425947832,0.705389004
NUS2020,RI_ratio,0.314593024,0.696201315
NUS2020,RI_ratio,0.435393063,0.732840852
NUS2020,RI_ratio,1.673160338,0.889338268
NUS2020,RI_ratio,1.635909544,0.678706794
NUS2020,RI_ratio,1.918100857,0.679311964
NUS2020,RI_ratio,0.352373187,0.652126222
NUS2020,RI_ratio,0.336891154,0.650749228
NUS2020,RI_ratio,0.38250206,0.664476505
NUS2020,RI_ratio,0.533500123,0.794104617
NUS2020,RI_ratio,0.459138732,0.702309351
NUS2020,RI_ratio,0.539959364,0.897089256
NUS2020,RI_ratio,0.586563987,0.714663795
NUS2020,RI_ratio,0.455619175,0.706735574
NUS2021,PulseWidth_sec,1.14865,1.14952381
NUS2021,PulseWidth_sec,1.147,1.14
NUS2021,PulseWidth_sec,1.122142857,1.114736842
NUS2021,PulseWidth_sec,1.0715,1.083157895
NUS2021,PulseWidth_sec,1.043708333,1.044705882
NUS2021,PulseWidth_sec,1.062263158,1.05875
NUS2021,PulseWidth_sec,0.962,0.973333333
NUS2021,PulseWidth_sec,1.0833,1.008
NUS2021,PulseWidth_sec,1.074782609,1.085
NUS2021,PulseWidth_sec,1.1096,1.097142857
NUS2021,PulseWidth_sec,1.1515,1.14
NUS2021,PulseWidth_sec,0.9859,0.99
NUS2021,PulseWidth_sec,1.1153,1.103333333
NUS2021,PulseWidth_sec,1.048235294,1.046363636
NUS2021,PulseWidth_sec,1.036733333,1.046086957
NUS2021,PulseWidth_sec,1.156071429,1.166315789
NUS2021,PulseWidth_sec,1.1564,1.171111111
NUS2021,PulseWidth_sec,1.09115,1.078823529
NUS2021,PulseWidth_sec,1.08747619,1.0725
NUS2021,PulseWidth_sec,1.074238095,1.055454545
NUS2021,CT_sec,0.189428571,0.205714286
NUS2021,CT_sec,0.187608696,0.199
NUS2021,CT_sec,0.207421053,0.302727273
NUS2021,CT_sec,0.189294118,0.271304348
NUS2021,CT_sec,0.191318182,0.219
NUS2021,CT_sec,0.192565217,0.224210526
NUS2021,CT_sec,0.191,0.23
NUS2021,CT_sec,0.197142857,0.250666667
NUS2021,CT_sec,0.196652174,0.252941176
NUS2021,CT_sec,0.188863636,0.277
NUS2021,CT_sec,0.199529412,0.188
NUS2021,CT_sec,0.1988,0.271
NUS2021,CT_sec,0.221857143,0.323157895
NUS2021,CT_sec,0.190611111,0.205
NUS2021,CT_sec,0.1904,0.2
NUS2021,CT_sec,0.1891,0.19
NUS2021,CT_sec,0.189363636,0.272173913
NUS2021,CT_sec,0.185647059,0.251818182
NUS2021,CT_sec,0.197666667,0.228
NUS2021,CT_sec,0.197125,0.245217391
NUS2021,dT_sec,0.390142857,0.348571429
NUS2021,dT_sec,0.347277778,0.351304348
NUS2021,dT_sec,0.332266667,0.41125
NUS2021,dT_sec,0.339142857,0.401111111
NUS2021,dT_sec,0.3608,0.394
NUS2021,dT_sec,0.357631579,0.37
NUS2021,dT_sec,0.365,0.38
NUS2021,dT_sec,0.3368,0.323333333
NUS2021,dT_sec,0.365857143,0.328
NUS2021,dT_sec,0.365454545,0.257333333
NUS2021,dT_sec,0.367625,0.292727273
NUS2021,dT_sec,0.323642857,0.305
NUS2021,dT_sec,0.320333333,0.273333333
NUS2021,dT_sec,0.355,0.352941176
NUS2021,dT_sec,0.351833333,0.311666667
NUS2021,dT_sec,0.3505,0.324705882
NUS2021,dT_sec,0.311578947,0.315
NUS2021,dT_sec,0.3245,0.318
NUS2021,dT_sec,0.354565217,0.335454545
NUS2021,dT_sec,0.34125,0.329565217
NUS2021,dT_samples,65.21052632,65.45454545
NUS2021,dT_samples,70.40909091,62.0625
NUS2021,dT_samples,65.05263158,49.45
NUS2021,dT_samples,63.89473684,51.09090909
NUS2021,dT_samples,61,61.14285714
NUS2021,dT_samples,62,70.5
NUS2021,dT_samples,64.93333333,62.05263158
NUS2021,dT_samples,65.86363636,68
NUS2021,dT_samples,71.15384615,71.23529412
NUS2021,dT_samples,66.29411765,66.72222222
NUS2021,dT_samples,63.38095238,56.13333333
NUS2021,dT_samples,64.79166667,56.25
NUS2021,dT_samples,59.13333333,59.375
NUS2021,dT_samples,66.47058824,55.31578947
NUS2021,dT_samples,60.25,56.375
NUS2021,dT_samples,63.07692308,59.35714286
NUS2021,dT_samples,57,53.61111111
NUS2021,dT_samples,61.52173913,49.47826087
NUS2021,dT_samples,54,44.25
NUS2021,dT_samples,54,66
NUS2021,CT_samples,36,63.2
NUS2021,CT_samples,35.60869565,40.52631579
NUS2021,CT_samples,36.375,40.41176471
NUS2021,CT_samples,35.75,42.8
NUS2021,CT_samples,36.54166667,48
NUS2021,CT_samples,33,50.38095238
NUS2021,CT_samples,33.61904762,50.85714286
NUS2021,CT_samples,36.16666667,52
NUS2021,CT_samples,34.63157895,33.6
NUS2021,CT_samples,30.25,29
NUS2021,CT_samples,33.28571429,34.42857143
NUS2021,CT_samples,34.82352941,46.40909091
NUS2021,CT_samples,35.13333333,46.86956522
NUS2021,CT_samples,35.29411765,46.95454545
NUS2021,CT_samples,34.41176471,45.47619048
NUS2021,CT_samples,33.27777778,49.9
NUS2021,CT_samples,37.75,50.91666667
NUS2021,CT_samples,35.81818182,46.25
NUS2021,CT_samples,36.70833333,44.36
NUS2021,CT_samples,34.64705882,41.86666667
NUS2021,RI_ratio,0.407449178,0.744079792
NUS2021,RI_ratio,0.383184923,0.755703458
NUS2021,RI_ratio,0.376769008,0.775853779
NUS2021,RI_ratio,0.328531416,0.719244892
NUS2021,RI_ratio,0.901414642,0.887136037
NUS2021,RI_ratio,0.407405994,0.681819309
NUS2021,RI_ratio,0.497438696,0.788558361
NUS2021,RI_ratio,0.385820161,0.811842316
NUS2021,RI_ratio,0.352810781,0.78676509
NUS2021,RI_ratio,4.171862796,0.789683976
NUS2021,RI_ratio,0.448933304,0.803802364
NUS2021,RI_ratio,0.631377689,0.855602741
NUS2021,RI_ratio,0.415345678,0.837943064
NUS2021,RI_ratio,0.355390647,0.839019743
NUS2021,RI_ratio,0.476167764,0.918623876
NUS2021,RI_ratio,0.530901164,0.91225095
NUS2021,RI_ratio,0.576479813,0.838121787
NUS2021,RI_ratio,0.508469462,0.881046603
NUS2021,RI_ratio,2.604386822,0.808861081
NUS2021,RI_ratio,0.498535956,0.792868603
NUS2022,PulseWidth_sec,0.9823125,0.992941176
NUS2022,PulseWidth_sec,0.94612,0.951111111
NUS2022,PulseWidth_sec,0.8672,0.866956522
NUS2022,PulseWidth_sec,0.92828,0.924827586
NUS2022,PulseWidth_sec,0.947190476,0.914666667
NUS2022,PulseWidth_sec,0.900724138,0.898095238
NUS2022,PulseWidth_sec,0.9094375,0.897647059
NUS2022,PulseWidth_sec,0.917875,0.888
NUS2022,PulseWidth_sec,0.899,0.892857143
NUS2022,PulseWidth_sec,0.875411765,0.838888889
NUS2022,PulseWidth_sec,0.907896552,0.905714286
NUS2022,PulseWidth_sec,0.987875,0.912941176
NUS2022,PulseWidth_sec,0.901068966,0.899090909
NUS2022,PulseWidth_sec,0.833125,0.832666667
NUS2022,PulseWidth_sec,0.935357143,0.940952381
NUS2022,PulseWidth_sec,0.881966667,0.886666667
NUS2022,PulseWidth_sec,0.913588235,0.897142857
NUS2022,PulseWidth_sec,1.026173913,1.038571429
NUS2022,PulseWidth_sec,1.00745,0.998095238
NUS2022,PulseWidth_sec,0.98532,0.9848
NUS2022,CT_sec,0.178363636,0.186666667
NUS2022,CT_sec,0.1894,0.199259259
NUS2022,CT_sec,0.178222222,0.195555556
NUS2022,CT_sec,0.179,0.194782609
NUS2022,CT_sec,0.1808,0.188421053
NUS2022,CT_sec,0.169793103,0.184545455
NUS2022,CT_sec,0.170533333,0.190909091
NUS2022,CT_sec,0.172148148,0.186
NUS2022,CT_sec,0.174333333,0.19
NUS2022,CT_sec,0.172,0.18
NUS2022,CT_sec,0.170322581,0.1752
NUS2022,CT_sec,0.1765,0.154285714
NUS2022,CT_sec,0.168705882,0.18
NUS2022,CT_sec,0.173037037,0.183846154
NUS2022,CT_sec,0.178666667,0.177647059
NUS2022,CT_sec,0.177052632,0.208
NUS2022,CT_sec,0.176444444,0.19
NUS2022,CT_sec,0.172,0.172631579
NUS2022,CT_sec,0.175428571,0.174285714
NUS2022,CT_sec,0.176571429,0.175652174
NUS2022,dT_sec,0.277791667,0.289565217
NUS2022,dT_sec,0.27672,0.284444444
NUS2022,dT_sec,0.285692308,0.285882353
NUS2022,dT_sec,0.290833333,0.301333333
NUS2022,dT_sec,0.307206897,0.306086957
NUS2022,dT_sec,0.313931034,0.298333333
NUS2022,dT_sec,0.315551724,0.302
NUS2022,dT_sec,0.309818182,0.301904762
NUS2022,dT_sec,0.278,0.298333333
NUS2022,dT_sec,0.32384,0.311428571
NUS2022,dT_sec,0.314038462,0.318095238
NUS2022,dT_sec,0.321258065,0.306206897
NUS2022,dT_sec,0.312,0.317777778
NUS2022,dT_sec,0.288590909,0.277777778
NUS2022,dT_sec,0.2975,0.29
NUS2022,dT_sec,0.30685,0.314117647
NUS2022,dT_sec,0.313322581,0.314285714
NUS2022,dT_sec,0.311821429,0.306428571
NUS2022,dT_sec,0.307380952,0.325217391
NUS2022,dT_sec,0.303444444,0.33625
NUS2022,dT_samples,47.5,59.5
NUS2022,dT_samples,56.5,58.60869565
NUS2022,dT_samples,61,58.78571429
NUS2022,dT_samples,64.84615385,56.72413793
NUS2022,dT_samples,64.4,60.22222222
NUS2022,dT_samples,62,64.21428571
NUS2022,dT_samples,64.39285714,64.25
NUS2022,dT_samples,68.5,64.27777778
NUS2022,dT_samples,71.5,66.5
NUS2022,dT_samples,66.72413793,63.25
NUS2022,dT_samples,69.46153846,64.72727273
NUS2022,dT_samples,67.81818182,65.20833333
NUS2022,dT_samples,64.78571429,64.28571429
NUS2022,dT_samples,67.85185185,65.19230769
NUS2022,dT_samples,66.21428571,62.62962963
NUS2022,dT_samples,65.21428571,65.72222222
NUS2022,dT_samples,68.72413793,68.19230769
NUS2022,dT_samples,61.60869565,60
NUS2022,dT_samples,54.58333333,60.6
NUS2022,dT_samples,61.75,73.18181818
NUS2022,CT_samples,39.625,43.03333333
NUS2022,CT_samples,36.9,40.17391304
NUS2022,CT_samples,39.70833333,39.57894737
NUS2022,CT_samples,38,42.20689655
NUS2022,CT_samples,34.66666667,37.88235294
NUS2022,CT_samples,37.60714286,38.30769231
NUS2022,CT_samples,35.48,37.71428571
NUS2022,CT_samples,37,35.3
NUS2022,CT_samples,39.95833333,36.23809524
NUS2022,CT_samples,34.625,35.2173913
NUS2022,CT_samples,34.76,36.2
NUS2022,CT_samples,35.82142857,36
NUS2022,CT_samples,36.86956522,36.7826087
NUS2022,CT_samples,36.92307692,36.95833333
NUS2022,CT_samples,36.73333333,37.23529412
NUS2022,CT_samples,38.86666667,37.25
NUS2022,CT_samples,35.76923077,33.88888889
NUS2022,CT_samples,38.16666667,36.47058824
NUS2022,CT_samples,38.24137931,37
NUS2022,CT_samples,35.04347826,34.39130435
NUS2022,RI_ratio,0.61407443,0.858452905
NUS2022,RI_ratio,0.512351074,0.721968085
NUS2022,RI_ratio,0.352404945,0.707669839
NUS2022,RI_ratio,0.398397575,0.73867549
NUS2022,RI_ratio,0.430171993,0.789477901
NUS2022,RI_ratio,0.388248046,0.74877432
NUS2022,RI_ratio,0.36604256,0.656203954
NUS2022,RI_ratio,0.423345032,0.674144366
NUS2022,RI_ratio,0.436632074,0.630339955
NUS2022,RI_ratio,0.32623019,0.620884118
NUS2022,RI_ratio,0.273622348,0.637997329
NUS2022,RI_ratio,0.408851051,0.565546325
NUS2022,RI_ratio,0.327097628,0.654039591
NUS2022,RI_ratio,0.412855552,0.717216967
NUS2022,RI_ratio,0.407742364,0.704203428
NUS2022,RI_ratio,0.399980493,0.735529827
NUS2022,RI_ratio,0.464418276,0.626428068
NUS2022,RI_ratio,0.495086647,0.778880308
NUS2022,RI_ratio,0.34376578,0.638115849
NUS2022,RI_ratio,0.293294531,0.631417775
NUS2023,PulseWidth_sec,1.108,1.057777778
NUS2023,PulseWidth_sec,1.152285714,1.131428571
NUS2023,PulseWidth_sec,1.2238,1.195384615
NUS2023,PulseWidth_sec,1.044125,1.018181818
NUS2023,PulseWidth_sec,1.101615385,1.043333333
NUS2023,PulseWidth_sec,0.9625,0.892
NUS2023,PulseWidth_sec,1.0186,0.926666667
NUS2023,PulseWidth_sec,1.114333333,0.99
NUS2023,PulseWidth_sec,1.071045455,1.08
NUS2023,PulseWidth_sec,1.118111111,1.06
NUS2023,PulseWidth_sec,1.090153846,1.07
NUS2023,PulseWidth_sec,1.180133333,1.148
NUS2023,PulseWidth_sec,1.2298,1.19
NUS2023,PulseWidth_sec,1.164,0.926666667
NUS2023,PulseWidth_sec,0.781,1.186666667
NUS2023,PulseWidth_sec,1.208142857,1.2125
NUS2023,PulseWidth_sec,1.168647059,1.152857143
NUS2023,PulseWidth_sec,1.134421053,1.136363636
NUS2023,PulseWidth_sec,1.1838125,1.175
NUS2023,PulseWidth_sec,1.120555556,1.098461538
NUS2023,CT_sec,0.174,0.18
NUS2023,CT_sec,0.172,0.166666667
NUS2023,CT_sec,0.184142857,0.186666667
NUS2023,CT_sec,0.187714286,0.189166667
NUS2023,CT_sec,0.193545455,0.1675
NUS2023,CT_sec,0.184130435,0.165
NUS2023,CT_sec,0.187923077,0.16
NUS2023,CT_sec,0.1870625,0.16
NUS2023,CT_sec,0.185066667,0.1725
NUS2023,CT_sec,0.1816,0.171428571
NUS2023,CT_sec,0.1842,0.168888889
NUS2023,CT_sec,0.182608696,0.163333333
NUS2023,CT_sec,0.1894,0.19
NUS2023,CT_sec,0.164,0.16
NUS2023,CT_sec,0.1906,0.206
NUS2023,CT_sec,0.156,0.17
NUS2023,CT_sec,0.178666667,0.185
NUS2023,CT_sec,0.23065,0.227272727
NUS2023,CT_sec,0.164,0.176666667
NUS2023,CT_sec,0.170461538,0.1725
NUS2023,dT_sec,0.315882353,0.365714286
NUS2023,dT_sec,0.3202,0.343333333
NUS2023,dT_sec,0.3172,0.34
NUS2023,dT_sec,0.303785714,0.321666667
NUS2023,dT_sec,0.304434783,0.32
NUS2023,dT_sec,0.308909091,0.32
NUS2023,dT_sec,0.323294118,0.36
NUS2023,dT_sec,0.312736842,0.36
NUS2023,dT_sec,0.273,0.24
NUS2023,dT_sec,0.338117647,0.354117647
NUS2023,dT_sec,0.333214286,0.35
NUS2023,dT_sec,0.36275,0.383333333
NUS2023,dT_sec,0.317625,0.33
NUS2023,dT_sec,0.306,0.33
NUS2023,dT_sec,0.350352941,0.36
NUS2023,dT_sec,0.334,0.34
NUS2023,dT_sec,0.291666667,0.37
NUS2023,dT_sec,0.309,0.372
NUS2023,dT_sec,0.323,0.32125
NUS2023,dT_sec,0.321416667,0.356666667
NUS2023,dT_samples,53,66.08333333
NUS2023,dT_samples,52.85714286,57.14285714
NUS2023,dT_samples,53.27272727,55.33333333
NUS2023,dT_samples,49.4,56.84615385
NUS2023,dT_samples,51.55555556,56.6
NUS2023,dT_samples,69.53846154,69.28571429
NUS2023,dT_samples,53.5,64.6
NUS2023,dT_samples,57.17391304,61.75
NUS2023,dT_samples,57.30769231,60
NUS2023,dT_samples,56.36363636,61.33333333
NUS2023,dT_samples,56.7,58.57142857
NUS2023,dT_samples,58.05882353,60
NUS2023,dT_samples,52.5,63.6
NUS2023,dT_samples,57.64285714,59.66666667
NUS2023,dT_samples,52.1,57.9
NUS2023,dT_samples,64,65.75
NUS2023,dT_samples,61.70588235,61.75
NUS2023,dT_samples,57.57142857,61.66666667
NUS2023,dT_samples,52.54545455,58.59090909
NUS2023,dT_samples,61.625,64.88888889
NUS2023,CT_samples,32.42857143,29
NUS2023,CT_samples,33.23529412,29
NUS2023,CT_samples,32,34.66666667
NUS2023,CT_samples,32.54545455,28
NUS2023,CT_samples,39.28571429,32.42857143
NUS2023,CT_samples,34.29166667,31.70588235
NUS2023,CT_samples,33.2,28
NUS2023,CT_samples,34.33333333,27
NUS2023,CT_samples,34.5,29
NUS2023,CT_samples,31,42
NUS2023,CT_samples,29.6,29.14285714
NUS2023,CT_samples,33.05263158,31
NUS2023,CT_samples,32.58333333,30.9
NUS2023,CT_samples,33.86666667,29.5
NUS2023,CT_samples,32.18181818,28.57142857
NUS2023,CT_samples,30.13333333,30.83333333
NUS2023,CT_samples,41.5,39.18181818
NUS2023,CT_samples,32.42857143,30.5
NUS2023,CT_samples,29.5,29.66666667
NUS2023,CT_samples,33.22222222,32.46153846
NUS2023,RI_ratio,0.563200217,0.715961756
NUS2023,RI_ratio,0.538425657,0.611620024
NUS2023,RI_ratio,0.555105813,0.824807403
NUS2023,RI_ratio,0.481373293,0.454397405
NUS2023,RI_ratio,0.63578142,0.851378402
NUS2023,RI_ratio,0.638493293,0.871339056
NUS2023,RI_ratio,0.421724892,0.726242672
NUS2023,RI_ratio,0.543565665,0.472604715
NUS2023,RI_ratio,0.557198365,0.575925862
NUS2023,RI_ratio,0.483230927,0.749894638
NUS2023,RI_ratio,0.476856354,0.735413182
NUS2023,RI_ratio,0.502721112,0.728733094
NUS2023,RI_ratio,0.472317296,0.633419688
NUS2023,RI_ratio,0.521288209,0.603729145
NUS2023,RI_ratio,0.5657488,0.573926971
NUS2023,RI_ratio,0.387693179,0.669366272
NUS2023,RI_ratio,0.414435301,0.635994459
NUS2023,RI_ratio,0.803693394,0.898376164
NUS2023,RI_ratio,0.814217591,0.918947709
NUS2023,RI_ratio,0.407172289,0.669526389
NUS2024,PulseWidth_sec,1.1848,1.186666667
NUS2024,PulseWidth_sec,1.162619048,1.16952381
NUS2024,PulseWidth_sec,1.175176471,1.180952381
NUS2024,PulseWidth_sec,1.166875,1.135
NUS2024,PulseWidth_sec,0.979681818,0.983478261
NUS2024,PulseWidth_sec,1.012333333,1.0072
NUS2024,PulseWidth_sec,1.037705882,1.023478261
NUS2024,PulseWidth_sec,1.149333333,1.13
NUS2024,PulseWidth_sec,1.2331,1.215555556
NUS2024,PulseWidth_sec,1.1941875,1.189411765
NUS2024,PulseWidth_sec,1.161133333,1.158095238
NUS2024,PulseWidth_sec,1.076714286,1.087272727
NUS2024,PulseWidth_sec,1.057571429,1.078666667
NUS2024,PulseWidth_sec,1.093227273,1.106
NUS2024,PulseWidth_sec,1.07173913,1.072173913
NUS2024,PulseWidth_sec,1.047791667,1.05
NUS2024,PulseWidth_sec,1.04396,1.043478261
NUS2024,PulseWidth_sec,1.116133333,1.08173913
NUS2024,PulseWidth_sec,1.0221875,0.99
NUS2024,PulseWidth_sec,1.163315789,15.7306032
NUS2024,CT_sec,0.218444444,0.24
NUS2024,CT_sec,0.207,0.25
NUS2024,CT_sec,0.245117647,0.323333333
NUS2024,CT_sec,0.21547619,0.294285714
NUS2024,CT_sec,0.21,0.30952381
NUS2024,CT_sec,0.211,0.2525
NUS2024,CT_sec,0.19275,0.236
NUS2024,CT_sec,0.188,0.252
NUS2024,CT_sec,0.251333333,0.345454545
NUS2024,CT_sec,0.195,0.275
NUS2024,CT_sec,0.198076923,0.26
NUS2024,CT_sec,0.204307692,0.321666667
NUS2024,CT_sec,0.21,0.316666667
NUS2024,CT_sec,0.192071429,0.287058824
NUS2024,CT_sec,0.204066667,0.331666667
NUS2024,CT_sec,0.228315789,0.31047619
NUS2024,CT_sec,0.21884,0.261666667
NUS2024,CT_sec,0.221,0.260869565
NUS2024,CT_sec,0.219625,0.255
NUS2024,CT_sec,0.218291667,0.268333333
NUS2024,dT_sec,0.317307692,0.284
NUS2024,dT_sec,0.365347826,0.314
NUS2024,dT_sec,0.361833333,0.34952381
NUS2024,dT_sec,0.352117647,0.308
NUS2024,dT_sec,0.332533333,0.277272727
NUS2024,dT_sec,0.358666667,0.285
NUS2024,dT_sec,0.357368421,0.45
NUS2024,dT_sec,0.354,0.42
NUS2024,dT_sec,0.347769231,0.316666667
NUS2024,dT_sec,0.347777778,0.342666667
NUS2024,dT_sec,0.341736842,0.335
NUS2024,dT_sec,0.3384375,0.382857143
NUS2024,dT_sec,0.336181818,0.308235294
NUS2024,dT_sec,0.364130435,0.337391304
NUS2024,dT_sec,0.36324,0.3528
NUS2024,dT_sec,0.370625,0.345217391
NUS2024,dT_sec,0.362565217,0.327272727
NUS2024,dT_sec,0.358130435,0.323809524
NUS2024,dT_sec,0.353541667,0.363478261
NUS2024,dT_sec,0.332666667,0.293333333
NUS2024,dT_samples,63.5,53.6
NUS2024,dT_samples,64.07692308,52
NUS2024,dT_samples,66.66666667,66.5
NUS2024,dT_samples,61.66666667,53.47619048
NUS2024,dT_samples,61.55,56.57142857
NUS2024,dT_samples,61.7,56.33333333
NUS2024,dT_samples,60,64.8
NUS2024,dT_samples,59.66666667,67.5
NUS2024,dT_samples,60.35714286,62.15
NUS2024,dT_samples,60.25,51.65
NUS2024,dT_samples,60.1,58.14285714
NUS2024,dT_samples,59.81818182,60.5
NUS2024,dT_samples,58.75,55.125
NUS2024,dT_samples,66.43478261,60.73913043
NUS2024,dT_samples,68.95652174,60.17391304
NUS2024,dT_samples,70.04166667,65.54166667
NUS2024,dT_samples,68.66666667,60.13043478
NUS2024,dT_samples,71.72,61.8
NUS2024,dT_samples,68.64,61.5
NUS2024,dT_samples,68.04166667,70.33333333
NUS2024,CT_samples,37.9375,55.56521739
NUS2024,CT_samples,34.1,50.23809524
NUS2024,CT_samples,38.04347826,52.63636364
NUS2024,CT_samples,36.70588235,44.15
NUS2024,CT_samples,35.66666667,43.66666667
NUS2024,CT_samples,42.70588235,54.11764706
NUS2024,CT_samples,35.44444444,52.66666667
NUS2024,CT_samples,32,47.75
NUS2024,CT_samples,32.625,52.5
NUS2024,CT_samples,33,44
NUS2024,CT_samples,34,46
NUS2024,CT_samples,35.77777778,52
NUS2024,CT_samples,34,55.84615385
NUS2024,CT_samples,35.64285714,50.76470588
NUS2024,CT_samples,35.83333333,52
NUS2024,CT_samples,41.28571429,50.72727273
NUS2024,CT_samples,39.7826087,48.30434783
NUS2024,CT_samples,42,49.88
NUS2024,CT_samples,41.45833333,49.54166667
NUS2024,CT_samples,41.125,49.91304348
NUS2024,RI_ratio,0.57633041,0.888074614
NUS2024,RI_ratio,0.575973671,0.884465874
NUS2024,RI_ratio,0.703574472,0.877346041
NUS2024,RI_ratio,0.681369225,0.835693309
NUS2024,RI_ratio,0.549074462,0.887894662
NUS2024,RI_ratio,0.552537623,0.85339965
NUS2024,RI_ratio,0.486719509,0.81919638
NUS2024,RI_ratio,0.504522826,0.795180748
NUS2024,RI_ratio,0.609281219,0.815600856
NUS2024,RI_ratio,0.542542575,0.926065721
NUS2024,RI_ratio,0.567361158,0.84748517
NUS2024,RI_ratio,0.617537013,0.851467073
NUS2024,RI_ratio,0.551501583,0.893798512
NUS2024,RI_ratio,0.470936157,0.627261822
NUS2024,RI_ratio,0.60895858,0.875910682
NUS2024,RI_ratio,5.811240017,0.842965667
NUS2024,RI_ratio,0.497112891,0.822699026
NUS2024,RI_ratio,0.520510546,0.809241223
NUS2024,RI_ratio,0.529435427,0.794590005
NUS2024,RI_ratio,0.52966761,0.804586679
NUS2025,PulseWidth_sec,1.025083333,0.9832
NUS2025,PulseWidth_sec,0.964375,0.945
NUS2025,PulseWidth_sec,1.0972,1.09375
NUS2025,PulseWidth_sec,1.095384615,1.056842105
NUS2025,PulseWidth_sec,1.084692308,1.055
NUS2025,PulseWidth_sec,1.08325,1.079047619
NUS2025,PulseWidth_sec,1.124222222,1.0925
NUS2025,PulseWidth_sec,1.074055556,1.058947368
NUS2025,PulseWidth_sec,1.125,1.085714286
NUS2025,PulseWidth_sec,1.026916667,1.011428571
NUS2025,PulseWidth_sec,0.926173913,0.931578947
NUS2025,PulseWidth_sec,0.910076923,0.941904762
NUS2025,PulseWidth_sec,0.838933333,0.834074074
NUS2025,PulseWidth_sec,0.941090909,0.965555556
NUS2025,PulseWidth_sec,1.027777778,1.007692308
NUS2025,PulseWidth_sec,0.985884615,0.99
NUS2025,PulseWidth_sec,0.979846154,0.99
NUS2025,PulseWidth_sec,0.990285714,0.992222222
NUS2025,PulseWidth_sec,0.932333333,0.954
NUS2025,PulseWidth_sec,1.003571429,1.022222222
NUS2025,CT_sec,0.185888889,0.310769231
NUS2025,CT_sec,0.172,0.276470588
NUS2025,CT_sec,0.194307692,0.273636364
NUS2025,CT_sec,0.191375,0.225714286
NUS2025,CT_sec,0.1926,0.18
NUS2025,CT_sec,0.1895,0.282608696
NUS2025,CT_sec,0.1921,0.224
NUS2025,CT_sec,0.193,0.225
NUS2025,CT_sec,0.195086957,0.177777778
NUS2025,CT_sec,0.211266667,0.189090909
NUS2025,CT_sec,0.20462963,0.265185185
NUS2025,CT_sec,0.185909091,0.208
NUS2025,CT_sec,0.1954,0.206
NUS2025,CT_sec,0.1938,0.26
NUS2025,CT_sec,0.203923077,0.275
NUS2025,CT_sec,0.193954545,0.252631579
NUS2025,CT_sec,0.202692308,0.249411765
NUS2025,CT_sec,0.202,0.255294118
NUS2025,CT_sec,0.184777778,0.19047619
NUS2025,CT_sec,0.183933333,0.182666667
NUS2025,dT_sec,0.319961538,0.3025
NUS2025,dT_sec,0.2468,0.261666667
NUS2025,dT_sec,0.35675,0.35
NUS2025,dT_sec,0.348846154,0.312631579
NUS2025,dT_sec,0.33,0.3275
NUS2025,dT_sec,0.357125,0.324
NUS2025,dT_sec,0.357666667,0.3275
NUS2025,dT_sec,0.329047619,0.255454545
NUS2025,dT_sec,0.328857143,0.284705882
NUS2025,dT_sec,0.2837,0.296842105
NUS2025,dT_sec,0.303285714,0.307142857
NUS2025,dT_sec,0.3006,0.343636364
NUS2025,dT_sec,0.307545455,0.317142857
NUS2025,dT_sec,0.327923077,0.314285714
NUS2025,dT_sec,0.303416667,0.291428571
NUS2025,dT_sec,0.312380952,0.285
NUS2025,dT_sec,0.296625,0.311111111
NUS2025,dT_sec,0.317,0.327142857
NUS2025,dT_sec,0.29925,0.325333333
NUS2025,dT_sec,0.319944444,0.311304348
NUS2025,dT_samples,36,58.11764706
NUS2025,dT_samples,64.76923077,51.95454545
NUS2025,dT_samples,63.2,60.7
NUS2025,dT_samples,64.64285714,50.1
NUS2025,dT_samples,63.23076923,58.06666667
NUS2025,dT_samples,61.77777778,59.375
NUS2025,dT_samples,64.93333333,57.47058824
NUS2025,dT_samples,63.9375,50.27777778
NUS2025,dT_samples,68.42857143,51.77272727
NUS2025,dT_samples,68.78571429,56.94117647
NUS2025,dT_samples,67.45,59
NUS2025,dT_samples,68.73913043,68.83333333
NUS2025,dT_samples,63.58333333,52.38095238
NUS2025,dT_samples,52.5,63.85714286
NUS2025,dT_samples,59.2,59.63157895
NUS2025,dT_samples,64.53846154,61
NUS2025,dT_samples,62.95238095,61.3
NUS2025,dT_samples,67.23529412,68.17647059
NUS2025,dT_samples,59.26666667,59.07142857
NUS2025,dT_samples,61.89473684,60.78947368
NUS2025,CT_samples,34.66666667,39.1875
NUS2025,CT_samples,34.85714286,44.7
NUS2025,CT_samples,34.15384615,42.78947368
NUS2025,CT_samples,33.55555556,38.46153846
NUS2025,CT_samples,35,38.33333333
NUS2025,CT_samples,36.36363636,41.35294118
NUS2025,CT_samples,38.07142857,38.38095238
NUS2025,CT_samples,40.38095238,50.40909091
NUS2025,CT_samples,42.42105263,37.16666667
NUS2025,CT_samples,61.29032258,49.35294118
NUS2025,CT_samples,50.04761905,52.31034483
NUS2025,CT_samples,41.28571429,37.72727273
NUS2025,CT_samples,35.66666667,34.38461538
NUS2025,CT_samples,40.32,48.23809524
NUS2025,CT_samples,36.07692308,39.42857143
NUS2025,CT_samples,39.23529412,48.80952381
NUS2025,CT_samples,35.72727273,44.61111111
NUS2025,CT_samples,37.75,36.28571429
NUS2025,CT_samples,38.27777778,38
NUS2025,CT_samples,41.5,45.17391304
NUS2025,RI_ratio,0.632104685,0.816181817
NUS2025,RI_ratio,0.417861296,0.70953826
NUS2025,RI_ratio,0.409544166,0.86027557
NUS2025,RI_ratio,0.403515801,0.76545371
NUS2025,RI_ratio,0.38677738,0.741802287
NUS2025,RI_ratio,0.347699051,0.706222561
NUS2025,RI_ratio,0.415620067,0.729581132
NUS2025,RI_ratio,0.417373079,0.714896933
NUS2025,RI_ratio,0.511281424,0.742940708
NUS2025,RI_ratio,0.385387475,0.673657208
NUS2025,RI_ratio,0.443085509,0.705360023
NUS2025,RI_ratio,0.695204686,0.885926169
NUS2025,RI_ratio,0.676459232,0.867376943
NUS2025,RI_ratio,0.697039588,0.835853925
NUS2025,RI_ratio,0.667996475,0.827131805
NUS2025,RI_ratio,0.514116406,0.860025736
NUS2025,RI_ratio,0.495506789,0.820463498
NUS2025,RI_ratio,0.505193026,0.847810867
NUS2025,RI_ratio,0.648588921,0.791888628
NUS2025,RI_ratio,0.529913749,0.775855802
NUS2026,PulseWidth_sec,1.103608696,1.114285714
NUS2026,PulseWidth_sec,1.117368421,1.11
NUS2026,PulseWidth_sec,1.088428571,1.087777778
NUS2026,PulseWidth_sec,1.036954545,1.042608696
NUS2026,PulseWidth_sec,1.05472,1.050588235
NUS2026,PulseWidth_sec,1.04664,1.053333333
NUS2026,PulseWidth_sec,1.086428571,1.092727273
NUS2026,PulseWidth_sec,1.083625,1.0875
NUS2026,PulseWidth_sec,1.10452381,1.109
NUS2026,PulseWidth_sec,1.089136364,1.086086957
NUS2026,PulseWidth_sec,1.04148,1.0375
NUS2026,PulseWidth_sec,1.155095238,1.149
NUS2026,PulseWidth_sec,1.135545455,1.143157895
NUS2026,PulseWidth_sec,1.185047619,1.193333333
NUS2026,PulseWidth_sec,1.143,1.148
NUS2026,PulseWidth_sec,1.12855,1.133
NUS2026,PulseWidth_sec,1.152619048,1.157272727
NUS2026,PulseWidth_sec,1.157545455,1.164444444
NUS2026,PulseWidth_sec,1.121238095,1.131428571
NUS2026,PulseWidth_sec,1.137227273,1.138181818
NUS2026,CT_sec,0.228909091,0.288888889
NUS2026,CT_sec,0.215923077,0.314615385
NUS2026,CT_sec,0.25652,0.376
NUS2026,CT_sec,0.25852,0.322666667
NUS2026,CT_sec,0.275318182,0.324444444
NUS2026,CT_sec,0.274777778,0.323
NUS2026,CT_sec,0.2142,0.309411765
NUS2026,CT_sec,0.205473684,0.293846154
NUS2026,CT_sec,0.236470588,0.302857143
NUS2026,CT_sec,0.225384615,0.281111111
NUS2026,CT_sec,0.2656875,0.31
NUS2026,CT_sec,0.275863636,0.28
NUS2026,CT_sec,0.302409091,0.324210526
NUS2026,CT_sec,0.30305,0.322857143
NUS2026,CT_sec,0.314181818,0.328
NUS2026,CT_sec,0.290470588,0.345714286
NUS2026,CT_sec,0.287619048,0.31
NUS2026,CT_sec,0.290294118,0.305263158
NUS2026,CT_sec,0.2988,0.313
NUS2026,CT_sec,0.2935,0.318181818
NUS2026,dT_sec,0.345714286,0.295
NUS2026,dT_sec,0.259047619,0.257894737
NUS2026,dT_sec,0.280333333,0.285
NUS2026,dT_sec,0.251,0.249473684
NUS2026,dT_sec,0.264130435,0.217
NUS2026,dT_sec,0.293571429,0.316521739
NUS2026,dT_sec,0.276142857,0.2488
NUS2026,dT_sec,0.264958333,0.287058824
NUS2026,dT_sec,0.279733333,0.305263158
NUS2026,dT_sec,0.295545455,0.381666667
NUS2026,dT_sec,0.25152381,0.307
NUS2026,dT_sec,0.29385,0.321818182
NUS2026,dT_sec,0.278772727,0.32
NUS2026,dT_sec,0.264666667,0.301818182
NUS2026,dT_sec,0.248956522,0.254782609
NUS2026,dT_sec,0.250190476,0.3
NUS2026,dT_sec,0.267133333,0.310526316
NUS2026,dT_sec,0.260666667,0.308888889
NUS2026,dT_sec,0.233913043,0.283478261
NUS2026,dT_sec,0.239913043,0.221818182
NUS2026,dT_samples,50.25,41.5
NUS2026,dT_samples,43.77777778,55.41176471
NUS2026,dT_samples,53.91666667,57.29166667
NUS2026,dT_samples,46.95454545,64.66666667
NUS2026,dT_samples,49.90909091,50.6
NUS2026,dT_samples,48.85714286,44.81818182
NUS2026,dT_samples,26.14285714,48
NUS2026,dT_samples,51.77272727,58.27777778
NUS2026,dT_samples,30.64285714,49.5
NUS2026,dT_samples,49,40.5
NUS2026,dT_samples,43.68421053,44.35
NUS2026,dT_samples,43.0952381,52.22222222
NUS2026,dT_samples,41.81818182,51.72222222
NUS2026,dT_samples,42.66666667,50.13636364
NUS2026,dT_samples,39.11111111,50.6
NUS2026,dT_samples,43.68181818,45.81818182
NUS2026,dT_samples,39.42857143,57.76190476
NUS2026,dT_samples,38.22727273,57.15
NUS2026,dT_samples,40,45.84210526
NUS2026,dT_samples,44.6,49.11764706
NUS2026,CT_samples,40.52173913,53.28571429
NUS2026,CT_samples,45.57692308,60.54166667
NUS2026,CT_samples,47.25,69
NUS2026,CT_samples,43.72727273,60.08695652
NUS2026,CT_samples,46.15789474,58.04761905
NUS2026,CT_samples,48.86363636,57.22222222
NUS2026,CT_samples,41.72727273,49.6
NUS2026,CT_samples,39.5,44.25
NUS2026,CT_samples,41.52380952,33
NUS2026,CT_samples,49.66666667,49.65
NUS2026,CT_samples,48.8,46.88888889
NUS2026,CT_samples,51.7826087,58.08695652
NUS2026,CT_samples,50.65,54.57142857
NUS2026,CT_samples,49.42105263,53.42857143
NUS2026,CT_samples,48.42857143,53.66666667
NUS2026,CT_samples,50.95,55.38095238
NUS2026,CT_samples,48.95238095,55.27272727
NUS2026,CT_samples,48.42857143,54.36363636
NUS2026,CT_samples,47.77777778,50.89473684
NUS2026,CT_samples,52.81818182,55.57142857
NUS2026,RI_ratio,0.577743566,0.464819975
NUS2026,RI_ratio,0.75692667,0.894718964
NUS2026,RI_ratio,0.593733299,0.823178218
NUS2026,RI_ratio,0.655939538,0.905983265
NUS2026,RI_ratio,0.646600166,0.882199863
NUS2026,RI_ratio,0.61433336,0.86543874
NUS2026,RI_ratio,0.654584301,0.856015664
NUS2026,RI_ratio,0.711144535,0.874567108
NUS2026,RI_ratio,0.724295297,0.839236286
NUS2026,RI_ratio,0.759719541,0.870175379
NUS2026,RI_ratio,0.69145148,0.91120522
NUS2026,RI_ratio,4.133147916,0.672638306
NUS2026,RI_ratio,0.58532064,0.678869149
NUS2026,RI_ratio,8.611154687,0.702860057
NUS2026,RI_ratio,0.719727731,0.695440179
NUS2026,RI_ratio,0.700012932,0.695233133
NUS2026,RI_ratio,0.66638333,0.692087278
NUS2026,RI_ratio,0.760391165,0.839773271
NUS2026,RI_ratio,0.715540214,0.840184292
NUS2026,RI_ratio,0.809617494,0.852699001
NUS2027,PulseWidth_sec,1.223,0.922222222
NUS2027,PulseWidth_sec,1.079125,0.9
NUS2027,PulseWidth_sec,1.134,0.89
NUS2027,PulseWidth_sec,1.0255,0.923333333
NUS2027,PulseWidth_sec,1.21675,0.9425
NUS2027,PulseWidth_sec,1.129333333,0.944
NUS2027,PulseWidth_sec,1.212333333,1.033333333
NUS2027,PulseWidth_sec,1.144666667,1.011111111
NUS2027,PulseWidth_sec,1.375,1.013333333
NUS2027,PulseWidth_sec,1.2695,1.035
NUS2027,PulseWidth_sec,1.067,0.95
NUS2027,PulseWidth_sec,1.282666667,1.08
NUS2027,PulseWidth_sec,1.230333333,1.06
NUS2027,PulseWidth_sec,1.1835,0.99
NUS2027,PulseWidth_sec,1.2675,1.032
NUS2027,PulseWidth_sec,1.168,1.022
NUS2027,PulseWidth_sec,1.379,1.013333333
NUS2027,PulseWidth_sec,1.355,1.0225
NUS2027,PulseWidth_sec,1.0763,0.96
NUS2027,PulseWidth_sec,1.033611111,0.987272727
NUS2027,CT_sec,0.179111111,0.177647059
NUS2027,CT_sec,0.180181818,0.178
NUS2027,CT_sec,0.182,0.176666667
NUS2027,CT_sec,0.182666667,0.18
NUS2027,CT_sec,0.182384615,0.18
NUS2027,CT_sec,0.182,0.18
NUS2027,CT_sec,0.183166667,0.18
NUS2027,CT_sec,0.1704,0.18
NUS2027,CT_sec,0.184,0.18
NUS2027,CT_sec,0.186,0.18
NUS2027,CT_sec,0.1935,0.189090909
NUS2027,CT_sec,0.177714286,0.181904762
NUS2027,CT_sec,0.18,0.19
NUS2027,CT_sec,0.188,0.186666667
NUS2027,CT_sec,0.18875,0.172
NUS2027,CT_sec,0.1855,0.18
NUS2027,CT_sec,0.193,0.1825
NUS2027,CT_sec,0.184,0.183333333
NUS2027,CT_sec,0.184,0.192727273
NUS2027,CT_sec,0.166,0.18
NUS2027,dT_sec,0.3485,0.35
NUS2027,dT_sec,0.342,0.366666667
NUS2027,dT_sec,0.3488,0.348888889
NUS2027,dT_sec,0.3465,0.36
NUS2027,dT_sec,0.340714286,0.353333333
NUS2027,dT_sec,0.3625,0.35
NUS2027,dT_sec,0.339428571,0.336923077
NUS2027,dT_sec,0.348285714,0.348
NUS2027,dT_sec,0.3524,0.366666667
NUS2027,dT_sec,0.333,0.366666667
NUS2027,dT_sec,0.332,0.38
NUS2027,dT_sec,0.359,0.36
NUS2027,dT_sec,0.332,0.348571429
NUS2027,dT_sec,0.328,0.333333333
NUS2027,dT_sec,0.338,0.39
NUS2027,dT_sec,0.35025,0.37
NUS2027,dT_sec,0.345142857,0.355
NUS2027,dT_sec,0.352,0.36
NUS2027,dT_sec,0.355153846,0.36
NUS2027,dT_sec,0.343928571,0.378333333
NUS2027,dT_samples,66.40740741,67
NUS2027,dT_samples,62.38461538,67.26666667
NUS2027,dT_samples,63.4,70.71428571
NUS2027,dT_samples,52,72
NUS2027,dT_samples,61.42857143,69
NUS2027,dT_samples,67,73.7
NUS2027,dT_samples,56,72
NUS2027,dT_samples,48.66666667,68.33333333
NUS2027,dT_samples,53.33333333,66.4
NUS2027,dT_samples,52.66666667,61
NUS2027,dT_samples,7.109182507,68.18181818
NUS2027,dT_samples,57.25,73
NUS2027,dT_samples,53,68.25
NUS2027,dT_samples,56,70.33333333
NUS2027,dT_samples,60.625,74.90909091
NUS2027,dT_samples,53,56.93333333
NUS2027,dT_samples,56,57
NUS2027,dT_samples,60.6,63
NUS2027,dT_samples,54.4,65
NUS2027,dT_samples,58.6875,67.77777778
NUS2027,CT_samples,33.4,36.14285714
NUS2027,CT_samples,35,36.16666667
NUS2027,CT_samples,39.66666667,38.66666667
NUS2027,CT_samples,39.16666667,42.5
NUS2027,CT_samples,34.57142857,36.6
NUS2027,CT_samples,32.25,36.6
NUS2027,CT_samples,31.2,36
NUS2027,CT_samples,27,34.42857143
NUS2027,CT_samples,32.28571429,33.8
NUS2027,CT_samples,25,34
NUS2027,CT_samples,35.18181818,32
NUS2027,CT_samples,27.33333333,31.57142857
NUS2027,CT_samples,28,33.71428571
NUS2027,CT_samples,31,33.54545455
NUS2027,CT_samples,34,32.55555556
NUS2027,CT_samples,30,35
NUS2027,CT_samples,33.33333333,34.44444444
NUS2027,CT_samples,26,31.33333333
NUS2027,CT_samples,32.875,31.75
NUS2027,CT_samples,34,33.41666667
NUS2027,RI_ratio,0.580403752,0.762088679
NUS2027,RI_ratio,0.421337622,0.644028036
NUS2027,RI_ratio,0.469287073,0.683332514
NUS2027,RI_ratio,0.404947445,0.583132031
NUS2027,RI_ratio,0.408056257,0.627573467
NUS2027,RI_ratio,0.385596289,0.568040297
NUS2027,RI_ratio,0.501649783,0.569416165
NUS2027,RI_ratio,0.471057624,0.558803656
NUS2027,RI_ratio,0.376507872,0.574586595
NUS2027,RI_ratio,0.401866644,0.597544042
NUS2027,RI_ratio,0.492511533,0.631075198
NUS2027,RI_ratio,0.491676017,0.669466425
NUS2027,RI_ratio,0.603688066,0.742692766
NUS2027,RI_ratio,0.465299075,0.737880188
NUS2027,RI_ratio,0.531278312,0.612730238
NUS2027,RI_ratio,0.416923433,0.667322527
NUS2027,RI_ratio,0.476223071,0.560123964
NUS2027,RI_ratio,0.443805802,0.479970867
NUS2027,RI_ratio,0.537460251,0.79916319
NUS2027,RI_ratio,0.467679391,0.704948996
NUS2028,PulseWidth_sec,0.885275862,0.8816
NUS2028,PulseWidth_sec,0.89775,0.905384615
NUS2028,PulseWidth_sec,0.964125,0.9225
NUS2028,PulseWidth_sec,0.899210526,0.896923077
NUS2028,PulseWidth_sec,0.885782609,0.891111111
NUS2028,PulseWidth_sec,1.011692308,0.966
NUS2028,PulseWidth_sec,0.813393939,0.811818182
NUS2028,PulseWidth_sec,0.912846154,0.926666667
NUS2028,PulseWidth_sec,0.8778,0.876428571
NUS2028,PulseWidth_sec,0.884965517,0.887142857
NUS2028,PulseWidth_sec,0.874214286,0.875483871
NUS2028,PulseWidth_sec,0.863793103,0.868666667
NUS2028,PulseWidth_sec,0.872931034,0.875862069
NUS2028,PulseWidth_sec,0.898454545,0.935384615
NUS2028,PulseWidth_sec,0.8695,0.904166667
NUS2028,PulseWidth_sec,0.912625,0.948571429
NUS2028,PulseWidth_sec,0.971363636,0.982105263
NUS2028,PulseWidth_sec,0.883642857,0.883636364
NUS2028,PulseWidth_sec,0.79775,0.816521739
NUS2028,PulseWidth_sec,0.859363636,0.857272727
NUS2028,CT_sec,0.1832,0.218333333
NUS2028,CT_sec,0.184647059,0.217647059
NUS2028,CT_sec,0.18616129,0.221818182
NUS2028,CT_sec,0.183678571,0.266923077
NUS2028,CT_sec,0.182571429,0.264210526
NUS2028,CT_sec,0.181111111,0.214
NUS2028,CT_sec,0.178653846,0.2075
NUS2028,CT_sec,0.186291667,0.261538462
NUS2028,CT_sec,0.188,0.184166667
NUS2028,CT_sec,0.178344828,0.18
NUS2028,CT_sec,0.178857143,0.253076923
NUS2028,CT_sec,0.189363636,0.264
NUS2028,CT_sec,0.187965517,0.264827586
NUS2028,CT_sec,0.187181818,0.224137931
NUS2028,CT_sec,0.187181818,0.242962963
NUS2028,CT_sec,0.185333333,0.217142857
NUS2028,CT_sec,0.1855,0.2225
NUS2028,CT_sec,0.183,0.206666667
NUS2028,CT_sec,0.187153846,0.240833333
NUS2028,CT_sec,0.1775,0.203076923
NUS2028,dT_sec,0.3014375,0.255625
NUS2028,dT_sec,0.310117647,0.238
NUS2028,dT_sec,0.3241875,0.220833333
NUS2028,dT_sec,0.312526316,0.218461538
NUS2028,dT_sec,0.323,0.273913043
NUS2028,dT_sec,0.28652,0.225454545
NUS2028,dT_sec,0.307103448,0.26
NUS2028,dT_sec,0.303071429,0.210666667
NUS2028,dT_sec,0.309923077,0.225333333
NUS2028,dT_sec,0.316708333,0.267142857
NUS2028,dT_sec,0.312857143,0.259285714
NUS2028,dT_sec,0.309214286,0.289655172
NUS2028,dT_sec,0.301692308,0.271851852
NUS2028,dT_sec,0.301692308,0.271428571
NUS2028,dT_sec,0.308423077,0.292857143
NUS2028,dT_sec,0.31037931,0.302142857
NUS2028,dT_sec,0.320866667,0.2608
NUS2028,dT_sec,0.3133125,0.24
NUS2028,dT_sec,0.307074074,0.246666667
NUS2028,dT_sec,0.287842105,0.305833333
NUS2028,dT_samples,72.5,59.46875
NUS2028,dT_samples,71.26666667,56.29166667
NUS2028,dT_samples,68.05882353,43.14285714
NUS2028,dT_samples,65.08695652,45.52
NUS2028,dT_samples,65.91304348,48.30769231
NUS2028,dT_samples,66.5625,45.79166667
NUS2028,dT_samples,68.05263158,56.125
NUS2028,dT_samples,70.60869565,67.72222222
NUS2028,dT_samples,62.92307692,61.3
NUS2028,dT_samples,68.08333333,47.73076923
NUS2028,dT_samples,82.93103448,69
NUS2028,dT_samples,72.94736842,46.30769231
NUS2028,dT_samples,71.22727273,48.53333333
NUS2028,dT_samples,67.66666667,54.21428571
NUS2028,dT_samples,68.88,59.78571429
NUS2028,dT_samples,63.625,55.04347826
NUS2028,dT_samples,71.83333333,56.52941176
NUS2028,dT_samples,68.09090909,52.26666667
NUS2028,dT_samples,75,51.33333333
NUS2028,dT_samples,69.90909091,44.45
NUS2028,CT_samples,43.39130435,55.16666667
NUS2028,CT_samples,37.92307692,48.05882353
NUS2028,CT_samples,38.54166667,39.15
NUS2028,CT_samples,37.25,40.5
NUS2028,CT_samples,36.53846154,40.1
NUS2028,CT_samples,42.38709677,61.93103448
NUS2028,CT_samples,40.88,58.73333333
NUS2028,CT_samples,41.37931034,56.5862069
NUS2028,CT_samples,40.07692308,52.74074074
NUS2028,CT_samples,40.09090909,51.08333333
NUS2028,CT_samples,41.57142857,49.33333333
NUS2028,CT_samples,40.30434783,49.92592593
NUS2028,CT_samples,41.73333333,48.28571429
NUS2028,CT_samples,42.07142857,46.64516129
NUS2028,CT_samples,41.73333333,48.30769231
NUS2028,CT_samples,39.4375,54.29166667
NUS2028,CT_samples,41.9,47.25
NUS2028,CT_samples,44.14285714,62.37037037
NUS2028,CT_samples,40.73684211,45.11111111
NUS2028,CT_samples,39.5,35.88888889
NUS2028,RI_ratio,0.512403795,0.890854741
NUS2028,RI_ratio,0.537379191,0.878547544
NUS2028,RI_ratio,0.492666813,0.887288104
NUS2028,RI_ratio,0.496928266,0.848765232
NUS2028,RI_ratio,0.509098746,0.90323953
NUS2028,RI_ratio,0.581593412,0.914619062
NUS2028,RI_ratio,0.481573823,0.87134653
NUS2028,RI_ratio,0.456924379,0.814186817
NUS2028,RI_ratio,0.480976088,0.839779508
NUS2028,RI_ratio,0.534178456,0.86866288
NUS2028,RI_ratio,0.51042396,0.836748536
NUS2028,RI_ratio,0.46250666,0.822991768
NUS2028,RI_ratio,0.534532551,0.852060624
NUS2028,RI_ratio,0.586720698,0.86101611
NUS2028,RI_ratio,0.540708434,0.830310771
NUS2028,RI_ratio,0.65384704,0.855216262
NUS2028,RI_ratio,0.633981894,0.873588383
NUS2028,RI_ratio,0.54786014,0.770996961
NUS2028,RI_ratio,0.613160384,0.851430965
NUS2028,RI_ratio,0.541543208,0.798034296
NUS2029,PulseWidth_sec,1.378166667,1.177142857
NUS2029,PulseWidth_sec,1.425,1.292
NUS2029,PulseWidth_sec,1.3825,1.226666667
NUS2029,PulseWidth_sec,1.40475,1.26
NUS2029,PulseWidth_sec,1.29575,1.116
NUS2029,PulseWidth_sec,1.2895,1.223076923
NUS2029,PulseWidth_sec,1.328142857,1.181333333
NUS2029,PulseWidth_sec,1.363333333,1.211428571
NUS2029,PulseWidth_sec,1.3655,1.186666667
NUS2029,PulseWidth_sec,1.499,1.48
NUS2029,PulseWidth_sec,1.4705,1
NUS2029,PulseWidth_sec,1.371615385,1.23
NUS2029,PulseWidth_sec,1.4047,1.3475
NUS2029,PulseWidth_sec,1.409,1.2625
NUS2029,PulseWidth_sec,1.3112,1.272857143
NUS2029,PulseWidth_sec,1,1.033684211
NUS2029,PulseWidth_sec,1.515555556,1.356
NUS2029,PulseWidth_sec,1.521,1.351428571
NUS2029,PulseWidth_sec,1.422444444,1.33
NUS2029,PulseWidth_sec,1.483,1.325
NUS2029,CT_sec,0.195,0.213333333
NUS2029,CT_sec,0.196714286,0.2
NUS2029,CT_sec,0.195666667,0.18
NUS2029,CT_sec,0.19325,6.98202232
NUS2029,CT_sec,0.1885,0.270769231
NUS2029,CT_sec,0.199,0.23
NUS2029,CT_sec,0.1898,0.216666667
NUS2029,CT_sec,0.193533333,0.222
NUS2029,CT_sec,0.199533333,0.216
NUS2029,CT_sec,0.173333333,0.2175
NUS2029,CT_sec,0.1824,0.271578947
NUS2029,CT_sec,0.2,0.265454545
NUS2029,CT_sec,0.202333333,0.271111111
NUS2029,CT_sec,0.199888889,0.250909091
NUS2029,CT_sec,0.200846154,0.232857143
NUS2029,CT_sec,0.198555556,0.224
NUS2029,CT_sec,0.201666667,0.26
NUS2029,CT_sec,0.199,0.2225
NUS2029,CT_sec,0.200666667,0.234285714
NUS2029,CT_sec,0.197666667,0.226666667
NUS2029,dT_sec,0.378,0.384
NUS2029,dT_sec,0.385,0.383333333
NUS2029,dT_sec,0.405636364,0.41
NUS2029,dT_sec,0.3998,0.4
NUS2029,dT_sec,0.22775,6.98202232
NUS2029,dT_sec,0.368,0.29
NUS2029,dT_sec,0.379,0.258181818
NUS2029,dT_sec,0.357285714,0.273333333
NUS2029,dT_sec,0.365166667,0.285714286
NUS2029,dT_sec,0.365857143,0.291111111
NUS2029,dT_sec,0.3806,0.261666667
NUS2029,dT_sec,0.3395,0.264166667
NUS2029,dT_sec,0.33,0.344444444
NUS2029,dT_sec,0.365,0.36
NUS2029,dT_sec,0.336333333,0.25
NUS2029,dT_sec,0.311333333,0.215
NUS2029,dT_sec,0.328,0.257333333
NUS2029,dT_sec,0.365,0.311111111
NUS2029,dT_sec,0.350833333,0.353333333
NUS2029,dT_sec,0.380333333,0.388571429
NUS2029,dT_samples,57.25,59
NUS2029,dT_samples,56.4,73.2
NUS2029,dT_samples,58.27272727,62
NUS2029,dT_samples,52.75,67.83333333
NUS2029,dT_samples,53.625,64.83333333
NUS2029,dT_samples,30,6.98202232
NUS2029,dT_samples,56.25,50.2
NUS2029,dT_samples,53.16666667,46.14285714
NUS2029,dT_samples,49.5,53.5
NUS2029,dT_samples,50.5,52.5
NUS2029,dT_samples,50.8,54.9
NUS2029,dT_samples,54.92857143,55.33333333
NUS2029,dT_samples,57.2,46.84210526
NUS2029,dT_samples,47,50.33333333
NUS2029,dT_samples,46.66666667,54.66666667
NUS2029,dT_samples,52,51.81818182
NUS2029,dT_samples,55.46153846,56.28571429
NUS2029,dT_samples,55.75,56.77777778
NUS2029,dT_samples,50.33333333,51
NUS2029,dT_samples,56,59.375
NUS2029,CT_samples,27.5,32.28571429
NUS2029,CT_samples,26.3,29
NUS2029,CT_samples,28.81818182,30
NUS2029,CT_samples,28.5,30.33333333
NUS2029,CT_samples,27.25,28
NUS2029,CT_samples,28.6,31
NUS2029,CT_samples,27.7,30
NUS2029,CT_samples,28.75,57.7
NUS2029,CT_samples,31.08333333,34.11111111
NUS2029,CT_samples,27,46.5
NUS2029,CT_samples,33.66666667,45.5
NUS2029,CT_samples,31.66666667,45
NUS2029,CT_samples,28.73333333,29.8
NUS2029,CT_samples,28.3,44.6
NUS2029,CT_samples,29,41.54545455
NUS2029,CT_samples,28.69230769,33.57142857
NUS2029,CT_samples,26,32
NUS2029,CT_samples,26.33333333,36
NUS2029,CT_samples,24.33333333,33
NUS2029,CT_samples,26.66666667,33.25
NUS2029,RI_ratio,0.420089172,0.689701942
NUS2029,RI_ratio,0.442969757,0.690027302
NUS2029,RI_ratio,0.357229207,0.84924211
NUS2029,RI_ratio,0.329412108,0.793808559
NUS2029,RI_ratio,0.358525214,0.796971429
NUS2029,RI_ratio,0.339023614,0.756467296
NUS2029,RI_ratio,0.452373962,0.791346119
NUS2029,RI_ratio,0.437442456,0.788502339
NUS2029,RI_ratio,0.394472717,0.716578329
NUS2029,RI_ratio,0.417890284,0.815880448
NUS2029,RI_ratio,0.437885809,0.792425123
NUS2029,RI_ratio,0.543559963,0.82157117
NUS2029,RI_ratio,0.421340303,0.672549853
NUS2029,RI_ratio,0.671977683,0.839993425
NUS2029,RI_ratio,0.449105905,0.841702569
NUS2029,RI_ratio,0.337830658,0.548648501
NUS2029,RI_ratio,0.355571354,0.660209433
NUS2029,RI_ratio,0.331874741,0.614742972
NUS2029,RI_ratio,0.441342812,0.792501059
NUS2029,RI_ratio,0.487798339,0.824324286
NUS2030,PulseWidth_sec,0.756151515,0.747368421
NUS2030,PulseWidth_sec,0.793818182,0.796470588
NUS2030,PulseWidth_sec,0.7755,0.773142857
NUS2030,PulseWidth_sec,0.920058824,0.9016
NUS2030,PulseWidth_sec,0.820393939,0.818095238
NUS2030,PulseWidth_sec,0.878833333,0.885517241
NUS2030,PulseWidth_sec,0.707567568,0.705263158
NUS2030,PulseWidth_sec,0.762227273,0.76
NUS2030,PulseWidth_sec,0.743333333,0.744137931
NUS2030,PulseWidth_sec,0.756147059,0.752
NUS2030,PulseWidth_sec,0.832483871,0.831818182
NUS2030,PulseWidth_sec,0.825393939,0.831578947
NUS2030,PulseWidth_sec,0.834375,0.831818182
NUS2030,PulseWidth_sec,0.850733333,0.854615385
NUS2030,PulseWidth_sec,0.787764706,0.784375
NUS2030,PulseWidth_sec,0.747514286,0.749230769
NUS2030,PulseWidth_sec,0.805424242,0.801212121
NUS2030,PulseWidth_sec,0.805030303,0.804242424
NUS2030,PulseWidth_sec,0.837129032,0.863809524
NUS2030,PulseWidth_sec,0.896291667,0.884166667
NUS2030,CT_sec,0.188228571,0.247058824
NUS2030,CT_sec,0.188714286,0.229444444
NUS2030,CT_sec,0.188194444,0.223888889
NUS2030,CT_sec,0.184516129,0.221290323
NUS2030,CT_sec,0.197178571,0.266060606
NUS2030,CT_sec,0.179157895,0.18
NUS2030,CT_sec,0.176105263,0.200555556
NUS2030,CT_sec,0.176972973,0.19
NUS2030,CT_sec,0.165,0.167407407
NUS2030,CT_sec,0.169111111,0.1712
NUS2030,CT_sec,0.186512821,0.256969697
NUS2030,CT_sec,0.16544,0.172
NUS2030,CT_sec,0.185258065,0.271612903
NUS2030,CT_sec,0.183870968,0.277419355
NUS2030,CT_sec,0.184740741,0.1824
NUS2030,CT_sec,0.173297297,0.215135135
NUS2030,CT_sec,0.167657143,0.188666667
NUS2030,CT_sec,0.181636364,0.188333333
NUS2030,CT_sec,0.180689655,0.206428571
NUS2030,CT_sec,0.180923077,0.206666667
NUS2030,dT_sec,0.336066667,0.304
NUS2030,dT_sec,0.319967742,0.217777778
NUS2030,dT_sec,0.323666667,0.2272
NUS2030,dT_sec,0.239878788,0.270857143
NUS2030,dT_sec,0.184892857,0.276666667
NUS2030,dT_sec,0.118857143,0.271891892
NUS2030,dT_sec,0.206275862,0.261111111
NUS2030,dT_sec,0.3,0.294814815
NUS2030,dT_sec,0.306628571,0.285714286
NUS2030,dT_sec,0.321628571,0.299444444
NUS2030,dT_sec,0.332222222,0.333125
NUS2030,dT_sec,0.332235294,0.323809524
NUS2030,dT_sec,0.3123,0.302857143
NUS2030,dT_sec,0.348107143,0.314285714
NUS2030,dT_sec,0.326,0.289411765
NUS2030,dT_sec,0.332875,0.270967742
NUS2030,dT_sec,0.315878788,0.294375
NUS2030,dT_sec,0.241176471,0.330909091
NUS2030,dT_sec,0.213047619,0.3024
NUS2030,dT_sec,0.2801,0.300869565
NUS2030,dT_samples,81.68571429,47.61904762
NUS2030,dT_samples,88.21212121,61.14705882
NUS2030,dT_samples,86.35294118,58.96875
NUS2030,dT_samples,86.38235294,65.35294118
NUS2030,dT_samples,67.33333333,67.54285714
NUS2030,dT_samples,83.5483871,80.39130435
NUS2030,dT_samples,76.41176471,48.81481481
NUS2030,dT_samples,68.46428571,72.25
NUS2030,dT_samples,79.96428571,61.59375
NUS2030,dT_samples,83.44444444,78.02702703
NUS2030,dT_samples,84.62857143,82.96551724
NUS2030,dT_samples,74.88235294,74.35294118
NUS2030,dT_samples,80.67567568,77.47058824
NUS2030,dT_samples,81.91666667,56.54545455
NUS2030,dT_samples,85.17647059,57.15
NUS2030,dT_samples,60.4,75.2
NUS2030,dT_samples,50.27272727,58.84
NUS2030,dT_samples,69.86206897,62.93103448
NUS2030,dT_samples,56.30769231,64.625
NUS2030,dT_samples,57.41666667,49.12
NUS2030,CT_samples,45.1,63.15789474
NUS2030,CT_samples,45.81818182,63.47058824
NUS2030,CT_samples,46.79411765,65.08571429
NUS2030,CT_samples,46.85294118,63.97058824
NUS2030,CT_samples,47.88235294,60.77142857
NUS2030,CT_samples,48.82857143,58.17142857
NUS2030,CT_samples,49.28571429,56.83333333
NUS2030,CT_samples,48.5625,67.65625
NUS2030,CT_samples,48.79411765,57.97222222
NUS2030,CT_samples,48.41176471,70.6
NUS2030,CT_samples,40.24242424,41.04347826
NUS2030,CT_samples,39.28125,39.66666667
NUS2030,CT_samples,40.72727273,41.21052632
NUS2030,CT_samples,39.78125,41.375
NUS2030,CT_samples,44.25806452,47.66666667
NUS2030,CT_samples,43.25,42.36363636
NUS2030,CT_samples,42.6969697,42.13333333
NUS2030,CT_samples,46.96774194,61.18421053
NUS2030,CT_samples,40.66666667,56.33333333
NUS2030,CT_samples,40.3,40.30769231
NUS2030,RI_ratio,0.379106799,0.798727617
NUS2030,RI_ratio,0.375306622,0.780494455
NUS2030,RI_ratio,0.363622842,0.809198155
NUS2030,RI_ratio,0.374777205,0.814490713
NUS2030,RI_ratio,0.499476059,0.781535902
NUS2030,RI_ratio,0.632511659,0.762811575
NUS2030,RI_ratio,0.737420369,0.767422714
NUS2030,RI_ratio,0.295823131,0.629617047
NUS2030,RI_ratio,0.326983367,0.763948887
NUS2030,RI_ratio,0.533651989,0.811119977
NUS2030,RI_ratio,0.300258763,0.594225034
NUS2030,RI_ratio,0.274960938,0.516856741
NUS2030,RI_ratio,0.26077397,0.524787874
NUS2030,RI_ratio,0.276098599,0.568467479
NUS2030,RI_ratio,0.382465456,0.540302038
NUS2030,RI_ratio,0.476172648,0.909450268
NUS2030,RI_ratio,0.259563124,0.670807121
NUS2030,RI_ratio,0.383173016,0.684771587
NUS2030,RI_ratio,0.525454774,0.867073464
NUS2030,RI_ratio,0.506718967,0.750201266
NUS2031,PulseWidth_sec,0.9225,0.907777778
NUS2031,PulseWidth_sec,0.927535714,0.90375
NUS2031,PulseWidth_sec,0.934518519,0.910666667
NUS2031,PulseWidth_sec,0.923678571,0.891428571
NUS2031,PulseWidth_sec,0.900724138,0.889411765
NUS2031,PulseWidth_sec,0.951666667,0.978333333
NUS2031,PulseWidth_sec,0.932529412,0.949230769
NUS2031,PulseWidth_sec,0.916863636,0.912727273
NUS2031,PulseWidth_sec,0.917941176,0.9275
NUS2031,PulseWidth_sec,0.912,0.920833333
NUS2031,PulseWidth_sec,0.92884,0.935454545
NUS2031,PulseWidth_sec,0.9196,0.935789474
NUS2031,PulseWidth_sec,1.074857143,1.0072
NUS2031,PulseWidth_sec,1.0655,1.005333333
NUS2031,PulseWidth_sec,1.050333333,1.028
NUS2031,PulseWidth_sec,0.988333333,0.956666667
NUS2031,PulseWidth_sec,0.9788125,0.981538462
NUS2031,PulseWidth_sec,0.988529412,0.95375
NUS2031,PulseWidth_sec,0.961411765,0.95
NUS2031,PulseWidth_sec,1.099,1.016923077
NUS2031,CT_sec,0.1956875,0.175555556
NUS2031,CT_sec,0.188884615,0.18
NUS2031,CT_sec,0.1915,0.174666667
NUS2031,CT_sec,0.189,0.17625
NUS2031,CT_sec,0.188041667,0.175
NUS2031,CT_sec,0.191428571,0.2675
NUS2031,CT_sec,0.18912,0.2125
NUS2031,CT_sec,0.183954545,0.190909091
NUS2031,CT_sec,0.187708333,0.198888889
NUS2031,CT_sec,0.18585,0.188333333
NUS2031,CT_sec,0.186846154,0.2208
NUS2031,CT_sec,0.186529412,0.202222222
NUS2031,CT_sec,0.183882353,0.190588235
NUS2031,CT_sec,0.19712,0.24
NUS2031,CT_sec,0.191,0.187692308
NUS2031,CT_sec,0.2734,0.287368421
NUS2031,CT_sec,0.2231,0.2875
NUS2031,CT_sec,0.200538462,0.192
NUS2031,CT_sec,0.197608696,0.205454545
NUS2031,CT_sec,0.228384615,0.231428571
NUS2031,dT_sec,0.311235294,0.312222222
NUS2031,dT_sec,0.302,0.3225
NUS2031,dT_sec,0.308103448,0.325333333
NUS2031,dT_sec,0.217555556,0.28
NUS2031,dT_sec,0.31562963,0.283529412
NUS2031,dT_sec,0.314681818,0.3
NUS2031,dT_sec,0.322181818,0.3088
NUS2031,dT_sec,0.31784,0.321428571
NUS2031,dT_sec,0.318714286,0.323157895
NUS2031,dT_sec,0.315055556,0.342857143
NUS2031,dT_sec,0.322285714,0.32375
NUS2031,dT_sec,0.309,0.385
NUS2031,dT_sec,0.322416667,0.274782609
NUS2031,dT_sec,0.322703704,0.308695652
NUS2031,dT_sec,0.2735,0.2416
NUS2031,dT_sec,0.3057,0.286666667
NUS2031,dT_sec,0.307565217,0.348181818
NUS2031,dT_sec,0.30625,0.318095238
NUS2031,dT_sec,0.274181818,0.313846154
NUS2031,dT_sec,0.3063,0.338571429
NUS2031,dT_samples,70.06666667,68.55
NUS2031,dT_samples,70.8,70.11111111
NUS2031,dT_samples,67.11764706,67.95
NUS2031,dT_samples,67.11764706,68.4375
NUS2031,dT_samples,65.85185185,68.125
NUS2031,dT_samples,65.65,69.53333333
NUS2031,dT_samples,44.44444444,63.53846154
NUS2031,dT_samples,37.66666667,65
NUS2031,dT_samples,61.29411765,70.44444444
NUS2031,dT_samples,62.93333333,67.58333333
NUS2031,dT_samples,65.14285714,64.8125
NUS2031,dT_samples,56.8,64.9
NUS2031,dT_samples,58.38461538,55.94444444
NUS2031,dT_samples,64.77272727,57.12
NUS2031,dT_samples,60.66666667,56.64
NUS2031,dT_samples,60.93333333,53.05263158
NUS2031,dT_samples,56.90909091,62.57142857
NUS2031,dT_samples,60.2,61.33333333
NUS2031,dT_samples,61.23809524,67.23076923
NUS2031,dT_samples,59.77777778,49.2173913
NUS2031,CT_samples,43.75,40.75
NUS2031,CT_samples,43,40.79166667
NUS2031,CT_samples,41.25925926,37.57894737
NUS2031,CT_samples,40.28,37.72222222
NUS2031,CT_samples,40.53846154,37.75
NUS2031,CT_samples,40.45454545,36.85714286
NUS2031,CT_samples,40.32142857,36.78571429
NUS2031,CT_samples,39.94444444,37.63636364
NUS2031,CT_samples,40.92592593,36.9
NUS2031,CT_samples,40.95833333,43
NUS2031,CT_samples,39.1,40.6875
NUS2031,CT_samples,38.05263158,43
NUS2031,CT_samples,37.66666667,57.16666667
NUS2031,CT_samples,40,57.05263158
NUS2031,CT_samples,50.77777778,51.27272727
NUS2031,CT_samples,38.375,43.91666667
NUS2031,CT_samples,40.84615385,39.41176471
NUS2031,CT_samples,40.05555556,38.2
NUS2031,CT_samples,46,41.69230769
NUS2031,CT_samples,39.63636364,48.88235294
NUS2031,RI_ratio,0.622287476,0.684813916
NUS2031,RI_ratio,0.419830174,0.636466811
NUS2031,RI_ratio,0.396033032,0.587875752
NUS2031,RI_ratio,0.498644521,0.628255923
NUS2031,RI_ratio,0.430053663,0.605520716
NUS2031,RI_ratio,0.643224194,0.921179364
NUS2031,RI_ratio,0.546019986,0.85930228
NUS2031,RI_ratio,0.55721555,0.870678199
NUS2031,RI_ratio,0.56415677,0.717105187
NUS2031,RI_ratio,0.549400878,0.889682957
NUS2031,RI_ratio,0.54191717,0.865876579
NUS2031,RI_ratio,0.494446571,0.824778624
NUS2031,RI_ratio,0.651823746,0.791837317
NUS2031,RI_ratio,0.77177369,0.817146195
NUS2031,RI_ratio,0.964975935,0.806040237
NUS2031,RI_ratio,0.637487221,0.821489175
NUS2031,RI_ratio,0.562833095,0.72308365
NUS2031,RI_ratio,0.546733381,0.73074955
NUS2031,RI_ratio,0.658412482,0.895300734
NUS2031,RI_ratio,0.477469947,0.76932487
NUS2032,PulseWidth_sec,0.985884615,0.985185185
NUS2032,PulseWidth_sec,0.941392857,0.938571429
NUS2032,PulseWidth_sec,0.953296296,0.955555556
NUS2032,PulseWidth_sec,0.954518519,0.955555556
NUS2032,PulseWidth_sec,0.958851852,0.959259259
NUS2032,PulseWidth_sec,0.99515,1.0104
NUS2032,PulseWidth_sec,0.988538462,0.991538462
NUS2032,PulseWidth_sec,1.01075,1.0128
NUS2032,PulseWidth_sec,1.014157895,1.0128
NUS2032,PulseWidth_sec,1.023619048,1.0096
NUS2032,PulseWidth_sec,1.072583333,1.075833333
NUS2032,PulseWidth_sec,0.984,0.996153846
NUS2032,PulseWidth_sec,1.142318182,1.139130435
NUS2032,PulseWidth_sec,1.1045,1.108695652
NUS2032,PulseWidth_sec,1.0706,1.066666667
NUS2032,PulseWidth_sec,1.065916667,1.071666667
NUS2032,PulseWidth_sec,1.202631579,1.202222222
NUS2032,PulseWidth_sec,1.190142857,1.191428571
NUS2032,PulseWidth_sec,1.18847619,1.18952381
NUS2032,PulseWidth_sec,1.15655,1.171
NUS2032,CT_sec,0.244148148,0.260740741
NUS2032,CT_sec,0.256857143,0.292857143
NUS2032,CT_sec,0.251962963,0.268148148
NUS2032,CT_sec,0.256535714,0.263571429
NUS2032,CT_sec,0.247772727,0.2592
NUS2032,CT_sec,0.272333333,0.284285714
NUS2032,CT_sec,0.263086957,0.315652174
NUS2032,CT_sec,0.248428571,0.310434783
NUS2032,CT_sec,0.2512,0.309565217
NUS2032,CT_sec,0.27648,0.314166667
NUS2032,CT_sec,0.289272727,0.316521739
NUS2032,CT_sec,0.252888889,0.3025
NUS2032,CT_sec,0.255636364,0.295833333
NUS2032,CT_sec,0.293666667,0.313
NUS2032,CT_sec,0.312266667,0.311111111
NUS2032,CT_sec,0.27225,0.328
NUS2032,CT_sec,0.2795,0.314
NUS2032,CT_sec,0.280619048,0.326666667
NUS2032,CT_sec,0.281954545,0.331111111
NUS2032,CT_sec,0.274111111,0.337142857
NUS2032,dT_sec,0.259095238,0.214285714
NUS2032,dT_sec,0.272892857,0.225
NUS2032,dT_sec,0.264444444,0.220740741
NUS2032,dT_sec,0.254444444,0.230769231
NUS2032,dT_sec,0.251392857,0.227407407
NUS2032,dT_sec,0.228111111,0.232
NUS2032,dT_sec,0.239115385,0.22962963
NUS2032,dT_sec,0.2414,0.308695652
NUS2032,dT_sec,0.241,0.2944
NUS2032,dT_sec,0.233,0.237142857
NUS2032,dT_sec,0.247913043,0.362727273
NUS2032,dT_sec,0.322,0.342608696
NUS2032,dT_sec,0.285,0.372173913
NUS2032,dT_sec,0.254947368,0.342608696
NUS2032,dT_sec,0.279375,0.339166667
NUS2032,dT_sec,0.265625,0.3216
NUS2032,dT_sec,0.258473684,0.324
NUS2032,dT_sec,0.24073913,0.365
NUS2032,dT_sec,0.225,0.347826087
NUS2032,dT_sec,0.250190476,0.353333333
NUS2032,dT_samples,53.88461538,43.25925926
NUS2032,dT_samples,53.22222222,44.7037037
NUS2032,dT_samples,49.52941176,58.77777778
NUS2032,dT_samples,49.2,47.25925926
NUS2032,dT_samples,50.71428571,46.69230769
NUS2032,dT_samples,54,47.33333333
NUS2032,dT_samples,44.76470588,52.60869565
NUS2032,dT_samples,21.41176471,47.69230769
NUS2032,dT_samples,50,54.29166667
NUS2032,dT_samples,39.63636364,59.82608696
NUS2032,dT_samples,47.42857143,59.86956522
NUS2032,dT_samples,49.23076923,62.45833333
NUS2032,dT_samples,27,59.95833333
NUS2032,dT_samples,44.16666667,50.29166667
NUS2032,dT_samples,39.3,53.75
NUS2032,dT_samples,45.47368421,61.76470588
NUS2032,dT_samples,37.25,64.19047619
NUS2032,dT_samples,37.38095238,60.09090909
NUS2032,dT_samples,42.57142857,61.1
NUS2032,dT_samples,47.35294118,49.14285714
NUS2032,CT_samples,53.03571429,54.85185185
NUS2032,CT_samples,53.14285714,53.17857143
NUS2032,CT_samples,53.14814815,54.03703704
NUS2032,CT_samples,54.37037037,54.84615385
NUS2032,CT_samples,50.38461538,53.2
NUS2032,CT_samples,44.91304348,51.42307692
NUS2032,CT_samples,46.52380952,55.12
NUS2032,CT_samples,44.78947368,52.83333333
NUS2032,CT_samples,43.42105263,52.79166667
NUS2032,CT_samples,47.72222222,54.7826087
NUS2032,CT_samples,53,58.26315789
NUS2032,CT_samples,52.16666667,57.88235294
NUS2032,CT_samples,50.23076923,54.05
NUS2032,CT_samples,42.73333333,52.08695652
NUS2032,CT_samples,50.5,54.66666667
NUS2032,CT_samples,57.14814815,62.18518519
NUS2032,CT_samples,46.72727273,55.33333333
NUS2032,CT_samples,55.15789474,58.17391304
NUS2032,CT_samples,49.88888889,51.64285714
NUS2032,CT_samples,44.76190476,53.38095238
NUS2032,RI_ratio,0.662909281,0.84835097
NUS2032,RI_ratio,0.721371854,0.851248069
NUS2032,RI_ratio,0.721686044,0.820310261
NUS2032,RI_ratio,0.605305587,0.81939047
NUS2032,RI_ratio,0.603983865,0.78897665
NUS2032,RI_ratio,1.410791672,0.779415162
NUS2032,RI_ratio,0.698355304,0.795413493
NUS2032,RI_ratio,0.606475793,0.81930666
NUS2032,RI_ratio,0.566347603,0.766317187
NUS2032,RI_ratio,12.81032083,0.770642841
NUS2032,RI_ratio,14.08424892,0.784366164
NUS2032,RI_ratio,0.594610004,0.770560658
NUS2032,RI_ratio,0.652274694,0.831676929
NUS2032,RI_ratio,0.627100971,0.769868876
NUS2032,RI_ratio,0.677338459,1.028750334
NUS2032,RI_ratio,0.706423661,0.768609201
NUS2032,RI_ratio,0.712347477,0.725110065
NUS2032,RI_ratio,0.767466238,0.853607977
NUS2032,RI_ratio,0.727133827,0.863294463
NUS2032,RI_ratio,3.880374725,0.83472172
NUS2033,PulseWidth_sec,1.252,1.098571429
NUS2033,PulseWidth_sec,0.929653846,0.937777778
NUS2033,PulseWidth_sec,1.02035,1.0176
NUS2033,PulseWidth_sec,0.919583333,0.927777778
NUS2033,PulseWidth_sec,1.045666667,1.006666667
NUS2033,PulseWidth_sec,1.0182,1.016363636
NUS2033,PulseWidth_sec,1.077666667,1.051428571
NUS2033,PulseWidth_sec,1.473,1.075
NUS2033,PulseWidth_sec,1.1325,1.082666667
NUS2033,PulseWidth_sec,1.113473684,1.092222222
NUS2033,PulseWidth_sec,1.3408,1.168571429
NUS2033,PulseWidth_sec,1.2298,1.097647059
NUS2033,PulseWidth_sec,1.2495,1.08
NUS2033,PulseWidth_sec,1.066571429,1.01625
NUS2033,PulseWidth_sec,1.131615385,1.112941176
NUS2033,PulseWidth_sec,0.978,1.003157895
NUS2033,PulseWidth_sec,1.013090909,0.982352941
NUS2033,PulseWidth_sec,0.947357143,0.954782609
NUS2033,PulseWidth_sec,0.930947368,0.945454545
NUS2033,PulseWidth_sec,1.111928571,1.083529412
NUS2033,CT_sec,0.193833333,0.241333333
NUS2033,CT_sec,0.1884,0.2304
NUS2033,CT_sec,0.19352,0.262857143
NUS2033,CT_sec,0.1904,0.251428571
NUS2033,CT_sec,0.1885,0.234444444
NUS2033,CT_sec,0.199,0.195
NUS2033,CT_sec,0.19125,0.24
NUS2033,CT_sec,0.1936,0.24
NUS2033,CT_sec,0.1919,0.256
NUS2033,CT_sec,0.190285714,0.237391304
NUS2033,CT_sec,0.187875,0.254166667
NUS2033,CT_sec,0.188375,0.216190476
NUS2033,CT_sec,0.187428571,0.200952381
NUS2033,CT_sec,0.187,0.196470588
NUS2033,CT_sec,0.191,0.194666667
NUS2033,CT_sec,0.189222222,0.216666667
NUS2033,CT_sec,0.199947368,0.201818182
NUS2033,CT_sec,0.181166667,0.192
NUS2033,CT_sec,0.172,0.2025
NUS2033,CT_sec,0.176666667,0.172
NUS2033,dT_sec,0.2897,0.284
NUS2033,dT_sec,0.313875,0.324444444
NUS2033,dT_sec,0.314916667,0.34
NUS2033,dT_sec,0.307,0.358571429
NUS2033,dT_sec,0.281846154,0.267407407
NUS2033,dT_sec,0.313,0.298666667
NUS2033,dT_sec,0.3026,0.286666667
NUS2033,dT_sec,0.303,0.308888889
NUS2033,dT_sec,0.32,0.3275
NUS2033,dT_sec,0.3162,0.315714286
NUS2033,dT_sec,0.312956522,0.327
NUS2033,dT_sec,0.3123,0.30375
NUS2033,dT_sec,0.313,0.298333333
NUS2033,dT_sec,0.309,0.345
NUS2033,dT_sec,0.285,0.308421053
NUS2033,dT_sec,0.300733333,0.322
NUS2033,dT_sec,0.279384615,0.265454545
NUS2033,dT_sec,0.274666667,0.293333333
NUS2033,dT_sec,0.277071429,0.32
NUS2033,dT_sec,0.268631579,0.28
NUS2033,dT_samples,50,51.09090909
NUS2033,dT_samples,49.75,56.55555556
NUS2033,dT_samples,64.31818182,62.33333333
NUS2033,dT_samples,58.36842105,54.71428571
NUS2033,dT_samples,56.5625,57.2173913
NUS2033,dT_samples,51,54.46666667
NUS2033,dT_samples,57.68421053,51.38095238
NUS2033,dT_samples,55.36842105,54.05555556
NUS2033,dT_samples,55.30769231,55.33333333
NUS2033,dT_samples,45,65.25
NUS2033,dT_samples,58.09090909,59.15789474
NUS2033,dT_samples,57.75,68.42857143
NUS2033,dT_samples,59.1875,70.76470588
NUS2033,dT_samples,62.16666667,65.90909091
NUS2033,dT_samples,57.83333333,58.40909091
NUS2033,dT_samples,50,61.2
NUS2033,dT_samples,41.66666667,56.83333333
NUS2033,dT_samples,47.75,59.72727273
NUS2033,dT_samples,51.71428571,62.94117647
NUS2033,dT_samples,53,62.125
NUS2033,CT_samples,34.33333333,47.6
NUS2033,CT_samples,37.42105263,46.73684211
NUS2033,CT_samples,41.92,55.33333333
NUS2033,CT_samples,38.16666667,43.83333333
NUS2033,CT_samples,37.11111111,52.85714286
NUS2033,CT_samples,36.6,46.54545455
NUS2033,CT_samples,31.125,44.22222222
NUS2033,CT_samples,34.125,42.26086957
NUS2033,CT_samples,33.7,44.3125
NUS2033,CT_samples,30.66666667,44.5
NUS2033,CT_samples,28,36.375
NUS2033,CT_samples,36.90909091,35.86666667
NUS2033,CT_samples,34.66666667,33.81818182
NUS2033,CT_samples,30,31.90909091
NUS2033,CT_samples,41,44.22727273
NUS2033,CT_samples,31.5,33.33333333
NUS2033,CT_samples,36.6,36.25
NUS2033,CT_samples,34.52941176,44.64705882
NUS2033,CT_samples,36.57894737,38.16666667
NUS2033,CT_samples,32.5,34.2
NUS2033,RI_ratio,0.516538118,0.881131276
NUS2033,RI_ratio,0.633478917,0.847046173
NUS2033,RI_ratio,0.548865284,0.88788999
NUS2033,RI_ratio,0.566184323,0.843510874
NUS2033,RI_ratio,0.579322095,0.895286173
NUS2033,RI_ratio,0.625082261,0.893998132
NUS2033,RI_ratio,0.495712463,0.859447224
NUS2033,RI_ratio,0.532806768,0.883372144
NUS2033,RI_ratio,0.545077373,0.878838641
NUS2033,RI_ratio,0.481388017,0.867483582
NUS2033,RI_ratio,0.47666697,0.909837378
NUS2033,RI_ratio,0.476288947,0.869052753
NUS2033,RI_ratio,0.503534723,0.864933529
NUS2033,RI_ratio,0.605619017,0.813568981
NUS2033,RI_ratio,0.495283282,0.842466058
NUS2033,RI_ratio,0.63206035,0.851949653
NUS2033,RI_ratio,0.617958916,0.838941899
NUS2033,RI_ratio,0.558835518,0.870067554
NUS2033,RI_ratio,0.53042015,0.926108208
NUS2033,RI_ratio,0.745748789,0.88913883
NUS2034,PulseWidth_sec,1.062375,1.069166667
NUS2034,PulseWidth_sec,1.05805,1.0552
NUS2034,PulseWidth_sec,1.04847619,1.0512
NUS2034,PulseWidth_sec,1.045380952,1.0432
NUS2034,PulseWidth_sec,0.992130435,0.996153846
NUS2034,PulseWidth_sec,0.99805,1.013913043
NUS2034,PulseWidth_sec,1.026333333,1.01
NUS2034,PulseWidth_sec,1.014,1.01
NUS2034,PulseWidth_sec,0.96236,0.963076923
NUS2034,PulseWidth_sec,0.939173913,0.9464
NUS2034,PulseWidth_sec,0.988533333,0.992
NUS2034,PulseWidth_sec,0.927722222,0.9464
NUS2034,PulseWidth_sec,0.889666667,0.892592593
NUS2034,PulseWidth_sec,0.989923077,0.991538462
NUS2034,PulseWidth_sec,1.083631579,1.070833333
NUS2034,PulseWidth_sec,6.322669262,1.114444444
NUS2034,PulseWidth_sec,0.989769231,0.98875
NUS2034,PulseWidth_sec,1.1745,1.168
NUS2034,PulseWidth_sec,1.144307692,1.126666667
NUS2034,PulseWidth_sec,1.027117647,1.0152
NUS2034,CT_sec,0.206,0.288333333
NUS2034,CT_sec,0.199947368,0.2576
NUS2034,CT_sec,0.19536,0.217894737
NUS2034,CT_sec,0.19188,0.2
NUS2034,CT_sec,0.197357143,0.252
NUS2034,CT_sec,0.186285714,0.226666667
NUS2034,CT_sec,0.1925,0.183333333
NUS2034,CT_sec,0.196727273,0.198888889
NUS2034,CT_sec,0.192625,0.206956522
NUS2034,CT_sec,0.193538462,0.207272727
NUS2034,CT_sec,0.192461538,0.202
NUS2034,CT_sec,0.1945,0.193333333
NUS2034,CT_sec,0.190434783,0.23
NUS2034,CT_sec,0.1782,0.222857143
NUS2034,CT_sec,0.18456,0.222727273
NUS2034,CT_sec,0.18352,0.203333333
NUS2034,CT_sec,0.19,0.204347826
NUS2034,CT_sec,0.18,0.177777778
NUS2034,CT_sec,0.191142857,0.201052632
NUS2034,CT_sec,0.213,0.192307692
NUS2034,dT_sec,0.347761905,0.37
NUS2034,dT_sec,0.36788,0.355714286
NUS2034,dT_sec,0.36937037,0.298461538
NUS2034,dT_sec,0.365,0.303157895
NUS2034,dT_sec,0.347826087,0.315714286
NUS2034,dT_sec,0.35148,0.305925926
NUS2034,dT_sec,0.322318182,0.313684211
NUS2034,dT_sec,0.221333333,0.310909091
NUS2034,dT_sec,0.32984,0.309
NUS2034,dT_sec,0.318047619,0.316
NUS2034,dT_sec,0.316636364,0.313
NUS2034,dT_sec,0.304666667,0.246315789
NUS2034,dT_sec,0.332608696,0.289230769
NUS2034,dT_sec,0.292043478,0.261333333
NUS2034,dT_sec,0.314952381,0.286923077
NUS2034,dT_sec,0.338769231,0.28
NUS2034,dT_sec,0.3622,0.2968
NUS2034,dT_sec,0.355166667,0.366666667
NUS2034,dT_sec,0.345473684,0.36
NUS2034,dT_sec,0.317909091,0.279230769
NUS2034,dT_samples,67.76,53.40909091
NUS2034,dT_samples,70.33333333,65
NUS2034,dT_samples,74.91304348,64.32
NUS2034,dT_samples,71,63.65384615
NUS2034,dT_samples,64.89473684,54
NUS2034,dT_samples,73.6,64.35
NUS2034,dT_samples,70.85714286,60.8
NUS2034,dT_samples,66.5,63.23529412
NUS2034,dT_samples,63.65384615,63.93333333
NUS2034,dT_samples,66.88,62.08333333
NUS2034,dT_samples,63.47826087,56.96
NUS2034,dT_samples,69.28571429,57.5
NUS2034,dT_samples,62.08695652,51.04
NUS2034,dT_samples,67.9047619,57.66666667
NUS2034,dT_samples,59.53333333,77.33333333
NUS2034,dT_samples,50.57142857,50.11764706
NUS2034,dT_samples,61.71428571,57.73913043
NUS2034,dT_samples,60.4,50.82608696
NUS2034,dT_samples,59,52.95833333
NUS2034,dT_samples,63.71428571,58.5
NUS2034,CT_samples,38.20833333,51.95833333
NUS2034,CT_samples,38.05555556,51.33333333
NUS2034,CT_samples,36.57692308,43.05
NUS2034,CT_samples,36.54166667,38.33333333
NUS2034,CT_samples,35.70833333,35.61111111
NUS2034,CT_samples,37.53846154,42.37037037
NUS2034,CT_samples,36.5,38.52173913
NUS2034,CT_samples,39.64,39.29411765
NUS2034,CT_samples,38.76,43.82142857
NUS2034,CT_samples,37.57894737,43
NUS2034,CT_samples,37.26086957,45.6
NUS2034,CT_samples,35.48,40.32
NUS2034,CT_samples,36,39.68181818
NUS2034,CT_samples,35.5,47.22727273
NUS2034,CT_samples,36.84615385,38.45454545
NUS2034,CT_samples,32.125,36.66666667
NUS2034,CT_samples,35.30434783,36.65217391
NUS2034,CT_samples,33,32.75
NUS2034,CT_samples,38,45.55
NUS2034,CT_samples,44,52.41666667
NUS2034,RI_ratio,0.504039654,0.860576986
NUS2034,RI_ratio,0.389536985,0.777410163
NUS2034,RI_ratio,0.295813594,0.621736579
NUS2034,RI_ratio,0.350216428,0.791904751
NUS2034,RI_ratio,0.446410886,0.751865422
NUS2034,RI_ratio,0.401360098,0.734545532
NUS2034,RI_ratio,0.41378571,0.729766831
NUS2034,RI_ratio,0.441420243,0.795362281
NUS2034,RI_ratio,0.506476909,0.896300966
NUS2034,RI_ratio,0.353740938,0.774873724
NUS2034,RI_ratio,0.376285953,0.823030743
NUS2034,RI_ratio,0.345049766,0.757072243
NUS2034,RI_ratio,0.339343839,0.530913622
NUS2034,RI_ratio,0.354236649,0.630607906
NUS2034,RI_ratio,6.446646804,0.84773837
NUS2034,RI_ratio,0.30537604,0.566882767
NUS2034,RI_ratio,0.351061427,0.636913962
NUS2034,RI_ratio,0.510107205,0.681797435
NUS2034,RI_ratio,0.539546794,3.07355313
NUS2034,RI_ratio,0.534963266,0.83980885
NUS2035,PulseWidth_sec,0.787875,0.790322581
NUS2035,PulseWidth_sec,0.844758621,0.834074074
NUS2035,PulseWidth_sec,0.776322581,0.769090909
NUS2035,PulseWidth_sec,0.89,0.864
NUS2035,PulseWidth_sec,0.866178571,0.866666667
NUS2035,PulseWidth_sec,0.9608,0.961176471
NUS2035,PulseWidth_sec,1.2325,0.948
NUS2035,PulseWidth_sec,0.880433333,0.87
NUS2035,PulseWidth_sec,0.87716,0.875
NUS2035,PulseWidth_sec,0.9165,0.905
NUS2035,PulseWidth_sec,0.898769231,0.884615385
NUS2035,PulseWidth_sec,0.949529412,0.926666667
NUS2035,PulseWidth_sec,0.864666667,0.836923077
NUS2035,PulseWidth_sec,0.671117647,0.649
NUS2035,PulseWidth_sec,0.838592593,0.835483871
NUS2035,PulseWidth_sec,1.0049375,1.001333333
NUS2035,PulseWidth_sec,0.897421053,0.899090909
NUS2035,PulseWidth_sec,0.919823529,0.908888889
NUS2035,PulseWidth_sec,0.97,0.92625
NUS2035,PulseWidth_sec,0.90216,9.252285246
NUS2035,CT_sec,0.177733333,0.2024
NUS2035,CT_sec,0.180714286,0.239285714
NUS2035,CT_sec,0.175354839,0.165185185
NUS2035,CT_sec,0.16325,0.165
NUS2035,CT_sec,0.164571429,0.165
NUS2035,CT_sec,0.175304348,0.200740741
NUS2035,CT_sec,0.161454545,0.201
NUS2035,CT_sec,0.157655172,0.155
NUS2035,CT_sec,0.163454545,0.16
NUS2035,CT_sec,0.172,0.186666667
NUS2035,CT_sec,0.184521739,0.218333333
NUS2035,CT_sec,0.159647059,0.188
NUS2035,CT_sec,0.18,0.222758621
NUS2035,CT_sec,0.181263158,0.217857143
NUS2035,CT_sec,0.172,0.256190476
NUS2035,CT_sec,0.168,0.213
NUS2035,CT_sec,0.175047619,0.188421053
NUS2035,CT_sec,0.177692308,0.183636364
NUS2035,CT_sec,0.169185185,0.1825
NUS2035,CT_sec,0.175259259,0.182307692
NUS2035,dT_sec,0.284533333,0.3144
NUS2035,dT_sec,0.329714286,0.34
NUS2035,dT_sec,0.209,0.345
NUS2035,dT_sec,0.318588235,0.340740741
NUS2035,dT_sec,0.273142857,0.344444444
NUS2035,dT_sec,0.306823529,0.34
NUS2035,dT_sec,0.319192308,0.330769231
NUS2035,dT_sec,0.32,0.322666667
NUS2035,dT_sec,0.294285714,0.333846154
NUS2035,dT_sec,0.3352,0.303636364
NUS2035,dT_sec,0.322611111,0.36
NUS2035,dT_sec,0.322391304,0.32
NUS2035,dT_sec,0.3115,0.32
NUS2035,dT_sec,0.307068966,0.313333333
NUS2035,dT_sec,0.317863636,0.32
NUS2035,dT_sec,0.324,0.34
NUS2035,dT_sec,0.329333333,0.3
NUS2035,dT_sec,0.324,0.335714286
NUS2035,dT_sec,0.322083333,0.27
NUS2035,dT_sec,0.32425,0.321052632
NUS2035,dT_samples,62.96774194,49.84615385
NUS2035,dT_samples,77.5625,78.44444444
NUS2035,dT_samples,73.41176471,73
NUS2035,dT_samples,69.89655172,72.27777778
NUS2035,dT_samples,52.2,74.625
NUS2035,dT_samples,65.64705882,69.33333333
NUS2035,dT_samples,67.2,67.76470588
NUS2035,dT_samples,73.5483871,75
NUS2035,dT_samples,71.45454545,79
NUS2035,dT_samples,74.07692308,69.5
NUS2035,dT_samples,77.90909091,80.21052632
NUS2035,dT_samples,73.28,72.375
NUS2035,dT_samples,73.70588235,85.57142857
NUS2035,dT_samples,75.35294118,65
NUS2035,dT_samples,74.29411765,64.40909091
NUS2035,dT_samples,73.88888889,60.96774194
NUS2035,dT_samples,70.71428571,52
NUS2035,dT_samples,76.61538462,76.6
NUS2035,dT_samples,68.3,66.85
NUS2035,dT_samples,55.5,73.375
NUS2035,CT_samples,42.90625,49.9375
NUS2035,CT_samples,36.13333333,43.24
NUS2035,CT_samples,38.1875,37.15789474
NUS2035,CT_samples,39.21428571,36.5
NUS2035,CT_samples,40.67741935,39.04545455
NUS2035,CT_samples,36.9,36.46666667
NUS2035,CT_samples,39.11538462,37.11538462
NUS2035,CT_samples,32.5,43.2
NUS2035,CT_samples,36.48,36
NUS2035,CT_samples,34.94117647,38
NUS2035,CT_samples,35.79166667,39
NUS2035,CT_samples,39.43478261,38.76923077
NUS2035,CT_samples,36.22222222,38.23076923
NUS2035,CT_samples,37.34482759,39.625
NUS2035,CT_samples,37.57142857,47.33333333
NUS2035,CT_samples,33,48.25
NUS2035,CT_samples,37.66666667,49.73076923
NUS2035,CT_samples,39.05,45.14814815
NUS2035,CT_samples,29.25,31.71428571
NUS2035,CT_samples,26,47.53846154
NUS2035,RI_ratio,0.590113355,0.604828853
NUS2035,RI_ratio,0.431906001,0.762276359
NUS2035,RI_ratio,0.449664937,0.471180256
NUS2035,RI_ratio,0.467207018,0.569863166
NUS2035,RI_ratio,0.431934502,0.414559265
NUS2035,RI_ratio,0.362821404,0.619687698
NUS2035,RI_ratio,0.349416604,0.662504327
NUS2035,RI_ratio,0.36326013,0.653195345
NUS2035,RI_ratio,0.427874263,0.784812551
NUS2035,RI_ratio,0.426575968,0.75909264
NUS2035,RI_ratio,0.388298684,0.668691723
NUS2035,RI_ratio,0.630903131,0.899134799
NUS2035,RI_ratio,0.471758077,0.810289723
NUS2035,RI_ratio,0.42134407,0.87939681
NUS2035,RI_ratio,0.49232845,0.822512697
NUS2035,RI_ratio,0.486566234,0.842184587
NUS2035,RI_ratio,0.514983541,0.832459589
NUS2035,RI_ratio,0.357592547,0.655879943
NUS2035,RI_ratio,0.340401977,0.653302441
NUS2035,RI_ratio,0.46650787,0.71199569
NUS2037,PulseWidth_sec,1.0087,1.014736842
NUS2037,PulseWidth_sec,1.010842105,0.998
NUS2037,PulseWidth_sec,0.987277778,0.975
NUS2037,PulseWidth_sec,1.107294118,1.08
NUS2037,PulseWidth_sec,1.042058824,1.047368421
NUS2037,PulseWidth_sec,1.0656,1.050909091
NUS2037,PulseWidth_sec,1.0554,1.04
NUS2037,PulseWidth_sec,1.132470588,1.131764706
NUS2037,PulseWidth_sec,0.664102564,0.68
NUS2037,PulseWidth_sec,1.01147619,1.014285714
NUS2037,PulseWidth_sec,0.935769231,0.957
NUS2037,PulseWidth_sec,1.003380952,1.04
NUS2037,PulseWidth_sec,1.068952381,1.072
NUS2037,PulseWidth_sec,1.0490625,1.068421053
NUS2037,PulseWidth_sec,1.118333333,1.112941176
NUS2037,PulseWidth_sec,1.102086957,1.105454545
NUS2037,PulseWidth_sec,0.981782609,0.985714286
NUS2037,PulseWidth_sec,1.001363636,0.9825
NUS2037,PulseWidth_sec,0.996538462,0.983157895
NUS2037,PulseWidth_sec,0.995105263,1.009090909
NUS2037,CT_sec,0.180833333,0.176666667
NUS2037,CT_sec,0.185263158,0.19826087
NUS2037,CT_sec,0.187071429,0.2
NUS2037,CT_sec,0.179,0.2
NUS2037,CT_sec,0.175571429,0.243333333
NUS2037,CT_sec,0.163789474,0.178947368
NUS2037,CT_sec,0.169333333,0.181666667
NUS2037,CT_sec,0.17376,0.178
NUS2037,CT_sec,0.173333333,0.18
NUS2037,CT_sec,0.179,0.19
NUS2037,CT_sec,0.183058824,0.22
NUS2037,CT_sec,0.188428571,0.21625
NUS2037,CT_sec,0.1796,0.212
NUS2037,CT_sec,0.176,0.175555556
NUS2037,CT_sec,0.1873,0.20125
NUS2037,CT_sec,0.1886,0.197777778
NUS2037,CT_sec,0.175,0.196470588
NUS2037,CT_sec,0.1758,0.165454545
NUS2037,CT_sec,0.160571429,0.174
NUS2037,CT_sec,0.166666667,0.174285714
NUS2037,dT_sec,0.31,0.31
NUS2037,dT_sec,0.302894737,0.35
NUS2037,dT_sec,0.319866667,0.323076923
NUS2037,dT_sec,0.323533333,0.352
NUS2037,dT_sec,0.313866667,0.337
NUS2037,dT_sec,0.323666667,0.3225
NUS2037,dT_sec,0.308,0.305
NUS2037,dT_sec,0.3034,0.274545455
NUS2037,dT_sec,0.304333333,0.289230769
NUS2037,dT_sec,0.303,0.295
NUS2037,dT_sec,0.3025,0.283333333
NUS2037,dT_sec,0.295,0.48
NUS2037,dT_sec,0.3234375,0.338333333
NUS2037,dT_sec,0.303909091,0.327272727
NUS2037,dT_sec,0.321666667,0.300952381
NUS2037,dT_sec,0.292333333,0.328333333
NUS2037,dT_sec,0.3145,0.313333333
NUS2037,dT_sec,0.3125,0.292307692
NUS2037,dT_sec,0.319913043,0.307692308
NUS2037,dT_sec,0.320428571,0.345
NUS2037,dT_samples,52,56.46666667
NUS2037,dT_samples,59.11111111,61.25
NUS2037,dT_samples,56.125,70.45454545
NUS2037,dT_samples,60.27272727,62
NUS2037,dT_samples,60.1,59.6
NUS2037,dT_samples,64,66.6
NUS2037,dT_samples,59.9047619,62.77777778
NUS2037,dT_samples,63.47368421,61.71428571
NUS2037,dT_samples,59.26086957,54.23809524
NUS2037,dT_samples,59.1875,64.27777778
NUS2037,dT_samples,55.36842105,48.7
NUS2037,dT_samples,54.84210526,47.05
NUS2037,dT_samples,49.30769231,60.1
NUS2037,dT_samples,58.72222222,57.70588235
NUS2037,dT_samples,59.38095238,55.8
NUS2037,dT_samples,54.44444444,55.26666667
NUS2037,dT_samples,58,62.2
NUS2037,dT_samples,59.08333333,59.16666667
NUS2037,dT_samples,62.47619048,58.63636364
NUS2037,dT_samples,63,64
NUS2037,CT_samples,34,32.28571429
NUS2037,CT_samples,32.91304348,28
NUS2037,CT_samples,35.41176471,30.66666667
NUS2037,CT_samples,32,31.8
NUS2037,CT_samples,32.61111111,30.2
NUS2037,CT_samples,34.95454545,34.6
NUS2037,CT_samples,34.35294118,38.33333333
NUS2037,CT_samples,33,40.75
NUS2037,CT_samples,35.8,42.17391304
NUS2037,CT_samples,36.30769231,38.89473684
NUS2037,CT_samples,37.4,43.93333333
NUS2037,CT_samples,35,34.65
NUS2037,CT_samples,36.15384615,35.8
NUS2037,CT_samples,35.0625,37.8
NUS2037,CT_samples,33.95833333,34.57142857
NUS2037,CT_samples,35,39.12
NUS2037,CT_samples,34.25,35.9047619
NUS2037,CT_samples,35.38095238,36.42857143
NUS2037,CT_samples,31.33333333,31.84615385
NUS2037,CT_samples,33.61538462,33.5
NUS2037,RI_ratio,0.591625123,0.880541448
NUS2037,RI_ratio,0.647111959,0.895391678
NUS2037,RI_ratio,0.602358826,0.897401409
NUS2037,RI_ratio,0.466261482,2.204775542
NUS2037,RI_ratio,0.467061977,0.71911821
NUS2037,RI_ratio,0.546098154,0.803632626
NUS2037,RI_ratio,0.534847506,0.717040797
NUS2037,RI_ratio,0.443965739,0.662171195
NUS2037,RI_ratio,0.519461778,0.723691615
NUS2037,RI_ratio,0.381314508,0.649476855
NUS2037,RI_ratio,0.519479494,0.905410812
NUS2037,RI_ratio,0.574608373,0.908910969
NUS2037,RI_ratio,0.542349174,0.857116301
NUS2037,RI_ratio,0.482241838,0.76320296
NUS2037,RI_ratio,0.751052514,0.849764384
NUS2037,RI_ratio,0.478459666,0.831268121
NUS2037,RI_ratio,0.437031147,0.819539039
NUS2037,RI_ratio,0.508449781,0.850359827
NUS2037,RI_ratio,0.497599637,0.871123612
NUS2037,RI_ratio,0.507089597,0.838881482
NUS2038,PulseWidth_sec,0.876269231,0.878181818
NUS2038,PulseWidth_sec,0.932571429,0.941818182
NUS2038,PulseWidth_sec,0.972466667,0.9575
NUS2038,PulseWidth_sec,0.92452381,0.906666667
NUS2038,PulseWidth_sec,1.003269231,1.012727273
NUS2038,PulseWidth_sec,0.998181818,0.981538462
NUS2038,PulseWidth_sec,0.98475,0.976923077
NUS2038,PulseWidth_sec,0.9500625,0.963333333
NUS2038,PulseWidth_sec,0.9615,0.954285714
NUS2038,PulseWidth_sec,0.972818182,0.951666667
NUS2038,PulseWidth_sec,0.961421053,0.9325
NUS2038,PulseWidth_sec,0.94835,0.942222222
NUS2038,PulseWidth_sec,0.920166667,0.936923077
NUS2038,PulseWidth_sec,0.988259259,0.981111111
NUS2038,PulseWidth_sec,0.977944444,0.951428571
NUS2038,PulseWidth_sec,0.95447619,0.960869565
NUS2038,PulseWidth_sec,0.955470588,0.92
NUS2038,PulseWidth_sec,0.923142857,0.895
NUS2038,PulseWidth_sec,0.868473684,0.86375
NUS2038,PulseWidth_sec,0.872413793,0.879310345
NUS2038,CT_sec,0.1935,0.181333333
NUS2038,CT_sec,0.2,0.184705882
NUS2038,CT_sec,0.181722222,0.178
NUS2038,CT_sec,0.186095238,0.176666667
NUS2038,CT_sec,0.228769231,0.226956522
NUS2038,CT_sec,0.208692308,0.192941176
NUS2038,CT_sec,0.191333333,0.187692308
NUS2038,CT_sec,0.196909091,0.19
NUS2038,CT_sec,0.212454545,0.195384615
NUS2038,CT_sec,0.16,0.16
NUS2038,CT_sec,0.177529412,0.177142857
NUS2038,CT_sec,0.181090909,0.168333333
NUS2038,CT_sec,0.191818182,0.185714286
NUS2038,CT_sec,0.1845625,0.188571429
NUS2038,CT_sec,0.18295,0.18
NUS2038,CT_sec,0.168705882,0.178
NUS2038,CT_sec,0.203,0.188
NUS2038,CT_sec,0.189526316,0.185882353
NUS2038,CT_sec,0.185388889,0.183333333
NUS2038,CT_sec,0.187238095,0.185
NUS2038,dT_sec,0.287322581,0.215483871
NUS2038,dT_sec,0.286655172,0.22
NUS2038,dT_sec,0.293551724,0.22
NUS2038,dT_sec,0.3025,0.21862069
NUS2038,dT_sec,0.319538462,0.268461538
NUS2038,dT_sec,0.31325,0.305
NUS2038,dT_sec,0.335272727,0.337142857
NUS2038,dT_sec,0.350884615,0.35
NUS2038,dT_sec,0.317148148,0.32
NUS2038,dT_sec,0.306636364,0.316923077
NUS2038,dT_sec,0.312368421,0.348571429
NUS2038,dT_sec,0.3033,0.334666667
NUS2038,dT_sec,0.311545455,0.345882353
NUS2038,dT_sec,0.3296,0.345333333
NUS2038,dT_sec,0.313176471,0.299047619
NUS2038,dT_sec,0.3046,0.322857143
NUS2038,dT_sec,0.316416667,0.364444444
NUS2038,dT_sec,0.2986,0.296363636
NUS2038,dT_sec,0.302611111,0.316923077
NUS2038,dT_sec,0.296473684,0.323076923
NUS2038,dT_samples,63.71428571,45.78571429
NUS2038,dT_samples,65.23333333,49.92857143
NUS2038,dT_samples,66.1,65.41176471
NUS2038,dT_samples,68.68,69.14285714
NUS2038,dT_samples,67.08333333,65.33333333
NUS2038,dT_samples,66.2,66.58823529
NUS2038,dT_samples,67.875,71.6
NUS2038,dT_samples,70.4,76.16666667
NUS2038,dT_samples,66.95454545,66.21428571
NUS2038,dT_samples,69.41666667,70.7
NUS2038,dT_samples,67.31818182,65.1
NUS2038,dT_samples,65.8125,69.3
NUS2038,dT_samples,65.77777778,69.69230769
NUS2038,dT_samples,62.5,69.07692308
NUS2038,dT_samples,63.33333333,64.75
NUS2038,dT_samples,68.82352941,68.16666667
NUS2038,dT_samples,62.77777778,63.86666667
NUS2038,dT_samples,63.95833333,64.90909091
NUS2038,dT_samples,62.5,64.15789474
NUS2038,dT_samples,62.59090909,60.9
NUS2038,CT_samples,47.88,47.33333333
NUS2038,CT_samples,44.60714286,51.5
NUS2038,CT_samples,39.1,38.71428571
NUS2038,CT_samples,39.52941176,38.86666667
NUS2038,CT_samples,39.3,36.78571429
NUS2038,CT_samples,35,34.2
NUS2038,CT_samples,43.04545455,36.9047619
NUS2038,CT_samples,40.75,36.21428571
NUS2038,CT_samples,36.83333333,34.58333333
NUS2038,CT_samples,38.1,36.66666667
NUS2038,CT_samples,36.0952381,35.18181818
NUS2038,CT_samples,37.57142857,35.15384615
NUS2038,CT_samples,38.10526316,35.73333333
NUS2038,CT_samples,41,36.8
NUS2038,CT_samples,40.33333333,38.22222222
NUS2038,CT_samples,35.56521739,35.1
NUS2038,CT_samples,36.9,37.5
NUS2038,CT_samples,48.28571429,54.23333333
NUS2038,CT_samples,45.69565217,51.64285714
NUS2038,CT_samples,45.82142857,46.31578947
NUS2038,RI_ratio,0.571563725,0.890805155
NUS2038,RI_ratio,0.564295412,0.774938887
NUS2038,RI_ratio,0.471598481,0.758791034
NUS2038,RI_ratio,0.429196135,0.518939403
NUS2038,RI_ratio,0.425104732,0.655480942
NUS2038,RI_ratio,0.477537605,0.565531632
NUS2038,RI_ratio,0.494417923,0.558355023
NUS2038,RI_ratio,0.40207136,0.565069292
NUS2038,RI_ratio,0.350290821,0.602356534
NUS2038,RI_ratio,0.568737256,0.628278711
NUS2038,RI_ratio,0.401709568,0.506822817
NUS2038,RI_ratio,0.449942355,0.528325155
NUS2038,RI_ratio,0.472703076,0.528118676
NUS2038,RI_ratio,0.434380817,0.494963585
NUS2038,RI_ratio,0.449726391,0.61017117
NUS2038,RI_ratio,0.528709777,0.691244115
NUS2038,RI_ratio,0.513079609,0.635269
NUS2038,RI_ratio,0.467870005,0.73690311
NUS2038,RI_ratio,0.543268512,0.769570623
NUS2038,RI_ratio,0.603096551,0.848125896
NUS2039,PulseWidth_sec,0.817461538,0.821052632
NUS2039,PulseWidth_sec,0.874555556,0.89047619
NUS2039,PulseWidth_sec,0.892652174,0.902857143
NUS2039,PulseWidth_sec,0.852458333,0.837419355
NUS2039,PulseWidth_sec,0.918916667,0.933
NUS2039,PulseWidth_sec,0.955904762,0.9528
NUS2039,PulseWidth_sec,0.946571429,0.954
NUS2039,PulseWidth_sec,0.975266667,0.977777778
NUS2039,PulseWidth_sec,0.929809524,0.9344
NUS2039,PulseWidth_sec,0.929285714,0.92
NUS2039,PulseWidth_sec,1.171142857,1.011
NUS2039,PulseWidth_sec,0.940076923,0.94
NUS2039,PulseWidth_sec,0.978727273,0.977
NUS2039,PulseWidth_sec,0.971095238,0.972173913
NUS2039,PulseWidth_sec,0.828458333,0.838518519
NUS2039,PulseWidth_sec,1.028,1.018823529
NUS2039,PulseWidth_sec,1.008823529,0.999166667
NUS2039,PulseWidth_sec,1.011941176,0.993684211
NUS2039,PulseWidth_sec,0.944178571,0.9488
NUS2039,PulseWidth_sec,1.0345,1.018181818
NUS2039,CT_sec,0.189727273,0.181212121
NUS2039,CT_sec,0.189142857,0.186
NUS2039,CT_sec,0.191074074,0.225
NUS2039,CT_sec,0.17625,0.176363636
NUS2039,CT_sec,0.170482759,0.178571429
NUS2039,CT_sec,0.191368421,0.203333333
NUS2039,CT_sec,0.193333333,0.235
NUS2039,CT_sec,0.187310345,0.208965517
NUS2039,CT_sec,0.190782609,0.215833333
NUS2039,CT_sec,0.2006,0.215833333
NUS2039,CT_sec,0.192148148,0.22
NUS2039,CT_sec,0.191444444,0.222142857
NUS2039,CT_sec,0.20032,0.195789474
NUS2039,CT_sec,0.198916667,0.226666667
NUS2039,CT_sec,0.210384615,0.264
NUS2039,CT_sec,0.2002,0.26375
NUS2039,CT_sec,0.188722222,0.291
NUS2039,CT_sec,0.186347826,0.190588235
NUS2039,CT_sec,0.202076923,0.221818182
NUS2039,CT_sec,0.186363636,0.188888889
NUS2039,dT_sec,0.327827586,0.342857143
NUS2039,dT_sec,0.319545455,0.318888889
NUS2039,dT_sec,0.34336,0.333333333
NUS2039,dT_sec,0.349857143,0.3375
NUS2039,dT_sec,0.349478261,0.311111111
NUS2039,dT_sec,0.330947368,0.322666667
NUS2039,dT_sec,0.316214286,0.324210526
NUS2039,dT_sec,0.345789474,0.282307692
NUS2039,dT_sec,0.349375,0.35
NUS2039,dT_sec,0.363285714,0.342222222
NUS2039,dT_sec,0.313285714,0.272173913
NUS2039,dT_sec,0.337111111,0.325714286
NUS2039,dT_sec,0.338238095,0.277142857
NUS2039,dT_sec,0.307142857,0.261
NUS2039,dT_sec,0.327190476,0.2825
NUS2039,dT_sec,0.3508,0.328
NUS2039,dT_sec,0.320666667,0.346
NUS2039,dT_sec,0.3365,0.295454545
NUS2039,dT_sec,0.33955,0.295454545
NUS2039,dT_sec,0.333571429,0.23125
NUS2039,dT_samples,79.63157895,75.66666667
NUS2039,dT_samples,54.41666667,80.5
NUS2039,dT_samples,73.35294118,70.5
NUS2039,dT_samples,77.24137931,73.5
NUS2039,dT_samples,74.375,63.85185185
NUS2039,dT_samples,74.57142857,65.10344828
NUS2039,dT_samples,76.37931034,67.6
NUS2039,dT_samples,77.66666667,70.52
NUS2039,dT_samples,73,65.95454545
NUS2039,dT_samples,64.23809524,58.22727273
NUS2039,dT_samples,69,61.92
NUS2039,dT_samples,64.22222222,58.61111111
NUS2039,dT_samples,66.72,59.12
NUS2039,dT_samples,64.33333333,55.61904762
NUS2039,dT_samples,72.14285714,65.1
NUS2039,dT_samples,67,68.5
NUS2039,dT_samples,64.29166667,59.18181818
NUS2039,dT_samples,66.11764706,73.83333333
NUS2039,dT_samples,65.86666667,57.66666667
NUS2039,dT_samples,65.47368421,64
NUS2039,CT_samples,41.2962963,46.92857143
NUS2039,CT_samples,43.53333333,40.33333333
NUS2039,CT_samples,38.14285714,37.66666667
NUS2039,CT_samples,40.39285714,45.31034483
NUS2039,CT_samples,42.71428571,41.41176471
NUS2039,CT_samples,41.9,37.81818182
NUS2039,CT_samples,40.23809524,47
NUS2039,CT_samples,38.5,43.05
NUS2039,CT_samples,44.08333333,51.43478261
NUS2039,CT_samples,37.86666667,40.4
NUS2039,CT_samples,39.52173913,47.95833333
NUS2039,CT_samples,40.08,52
NUS2039,CT_samples,45.13793103,55.69230769
NUS2039,CT_samples,38.64705882,40.21052632
NUS2039,CT_samples,38.65384615,40.22727273
NUS2039,CT_samples,39.5625,52.57142857
NUS2039,CT_samples,38.75,51.76190476
NUS2039,CT_samples,34.52631579,46.4
NUS2039,CT_samples,42.61904762,47.875
NUS2039,CT_samples,40.28571429,44.57142857
NUS2039,RI_ratio,0.509364028,0.453278902
NUS2039,RI_ratio,0.271920688,0.630196086
NUS2039,RI_ratio,0.352692692,0.681227203
NUS2039,RI_ratio,0.566175706,0.745823323
NUS2039,RI_ratio,0.855894278,0.718848812
NUS2039,RI_ratio,0.321747556,0.61076487
NUS2039,RI_ratio,0.434632211,0.649274568
NUS2039,RI_ratio,0.351828043,0.747351583
NUS2039,RI_ratio,0.331645246,0.56386674
NUS2039,RI_ratio,0.536710808,0.807058982
NUS2039,RI_ratio,0.368311987,0.736325756
NUS2039,RI_ratio,1.160130242,0.645400711
NUS2039,RI_ratio,0.430751261,0.88635848
NUS2039,RI_ratio,0.333786295,0.833866102
NUS2039,RI_ratio,0.419685895,0.841458849
NUS2039,RI_ratio,0.291328459,0.617256799
NUS2039,RI_ratio,0.382657049,0.783878679
NUS2039,RI_ratio,0.476619639,0.791417227
NUS2039,RI_ratio,0.364584677,0.665064313
NUS2039,RI_ratio,0.463637184,0.823762131
NUS2040,PulseWidth_sec,0.856130435,0.867857143
NUS2040,PulseWidth_sec,0.97405,0.985925926
NUS2040,PulseWidth_sec,0.852478261,0.8544
NUS2040,PulseWidth_sec,0.868,0.8696
NUS2040,PulseWidth_sec,0.879333333,0.877333333
NUS2040,PulseWidth_sec,0.890133333,0.897037037
NUS2040,PulseWidth_sec,0.941347826,0.929285714
NUS2040,PulseWidth_sec,0.912346154,0.914482759
NUS2040,PulseWidth_sec,0.8100625,0.816875
NUS2040,PulseWidth_sec,0.864275862,0.861290323
NUS2040,PulseWidth_sec,0.882107143,0.882962963
NUS2040,PulseWidth_sec,0.896758621,0.897931034
NUS2040,PulseWidth_sec,0.896827586,0.887142857
NUS2040,PulseWidth_sec,0.914428571,0.908965517
NUS2040,PulseWidth_sec,0.887551724,0.887142857
NUS2040,PulseWidth_sec,0.957925926,0.960714286
NUS2040,PulseWidth_sec,0.973090909,0.9776
NUS2040,PulseWidth_sec,0.961481481,0.958461538
NUS2040,PulseWidth_sec,0.979592593,0.982222222
NUS2040,PulseWidth_sec,1.113692308,1.123157895
NUS2040,CT_sec,0.178153846,0.189166667
NUS2040,CT_sec,0.18,0.233333333
NUS2040,CT_sec,0.178181818,0.2
NUS2040,CT_sec,0.180827586,0.22
NUS2040,CT_sec,0.189,0.238333333
NUS2040,CT_sec,0.181206897,0.212666667
NUS2040,CT_sec,0.183,0.255384615
NUS2040,CT_sec,0.183666667,0.221666667
NUS2040,CT_sec,0.179407407,0.202307692
NUS2040,CT_sec,0.207235294,0.275238095
NUS2040,CT_sec,0.197666667,0.235
NUS2040,CT_sec,0.196517241,0.232
NUS2040,CT_sec,0.198571429,0.237931034
NUS2040,CT_sec,0.191538462,0.228148148
NUS2040,CT_sec,0.19785,0.245454545
NUS2040,CT_sec,0.196,0.2544
NUS2040,CT_sec,0.194695652,0.238461538
NUS2040,CT_sec,0.18965,0.243703704
NUS2040,CT_sec,0.202111111,0.23037037
NUS2040,CT_sec,0.210625,0.251304348
NUS2040,dT_sec,0.312413793,0.208275862
NUS2040,dT_sec,0.295090909,0.266666667
NUS2040,dT_sec,0.327423077,0.32
NUS2040,dT_sec,0.328142857,0.321818182
NUS2040,dT_sec,0.336,0.308965517
NUS2040,dT_sec,0.345272727,0.318709677
NUS2040,dT_sec,0.31745,0.292142857
NUS2040,dT_sec,0.297764706,0.263448276
NUS2040,dT_sec,0.301882353,0.263076923
NUS2040,dT_sec,0.312461538,0.27
NUS2040,dT_sec,0.31412,0.282857143
NUS2040,dT_sec,0.322913043,0.268888889
NUS2040,dT_sec,0.31265,0.276363636
NUS2040,dT_sec,0.270545455,0.268571429
NUS2040,dT_sec,0.273652174,0.251851852
NUS2040,dT_sec,0.314583333,0.251666667
NUS2040,dT_sec,0.310777778,0.23
NUS2040,dT_sec,0.321,0.254074074
NUS2040,dT_sec,0.32632,0.240909091
NUS2040,dT_sec,0.315875,0.244545455
NUS2040,dT_samples,59.60869565,46.13793103
NUS2040,dT_samples,70.14814815,46.89655172
NUS2040,dT_samples,70.57142857,44.6
NUS2040,dT_samples,76.13333333,67.7037037
NUS2040,dT_samples,82.34375,79.6
NUS2040,dT_samples,49.9,52.51851852
NUS2040,dT_samples,74.34375,68.70967742
NUS2040,dT_samples,70.27272727,59.72727273
NUS2040,dT_samples,73.74193548,68.25
NUS2040,dT_samples,74.24137931,69.85714286
NUS2040,dT_samples,72.5483871,66.77419355
NUS2040,dT_samples,73.33333333,66.51724138
NUS2040,dT_samples,69.17857143,59.57142857
NUS2040,dT_samples,66.9,58.63636364
NUS2040,dT_samples,70.22222222,61.89285714
NUS2040,dT_samples,68.84,56.2962963
NUS2040,dT_samples,68.40740741,54.59259259
NUS2040,dT_samples,75.44827586,51.84
NUS2040,dT_samples,63.57142857,51.14814815
NUS2040,dT_samples,62.33333333,56.15384615
NUS2040,CT_samples,42.07692308,57.17857143
NUS2040,CT_samples,35.9,45.46153846
NUS2040,CT_samples,41.16129032,44
NUS2040,CT_samples,44,64.92307692
NUS2040,CT_samples,39.90909091,59.55
NUS2040,CT_samples,41.96666667,46.58064516
NUS2040,CT_samples,40.64285714,44.73333333
NUS2040,CT_samples,40.53571429,49.92857143
NUS2040,CT_samples,38.84,46.34482759
NUS2040,CT_samples,35.2,45.39130435
NUS2040,CT_samples,40.04347826,50.84
NUS2040,CT_samples,41.31818182,50.33333333
NUS2040,CT_samples,41.0952381,48.70833333
NUS2040,CT_samples,41.65384615,46.42307692
NUS2040,CT_samples,43.46428571,55.46428571
NUS2040,CT_samples,41.76190476,56.19047619
NUS2040,CT_samples,39.69230769,42.92307692
NUS2040,CT_samples,40.44,42.96153846
NUS2040,CT_samples,40.59259259,42.88888889
NUS2040,CT_samples,42,47.83333333
NUS2040,RI_ratio,0.542429404,0.884929802
NUS2040,RI_ratio,0.467974516,0.795756068
NUS2040,RI_ratio,0.388297589,0.715699206
NUS2040,RI_ratio,0.409125364,0.77805722
NUS2040,RI_ratio,0.415348964,0.816883464
NUS2040,RI_ratio,0.353404959,0.725704718
NUS2040,RI_ratio,0.37389934,0.752924916
NUS2040,RI_ratio,0.408665677,0.762090986
NUS2040,RI_ratio,0.360035176,0.702994511
NUS2040,RI_ratio,0.395934315,0.794854789
NUS2040,RI_ratio,0.414234657,0.736207375
NUS2040,RI_ratio,0.518843293,0.890787722
NUS2040,RI_ratio,0.477766816,0.815760699
NUS2040,RI_ratio,0.482496028,0.784800315
NUS2040,RI_ratio,0.433709117,0.8585066
NUS2040,RI_ratio,0.449753261,0.817058264
NUS2040,RI_ratio,0.48110631,0.773094132
NUS2040,RI_ratio,0.480870596,0.803088838
NUS2040,RI_ratio,0.469188869,0.793477113
NUS2040,RI_ratio,0.492050039,0.795017506
NUS2042,PulseWidth_sec,1.007777778,1.016190476
NUS2042,PulseWidth_sec,0.9984,0.992857143
NUS2042,PulseWidth_sec,1.013588235,1.0275
NUS2042,PulseWidth_sec,1.0182,1.025454545
NUS2042,PulseWidth_sec,0.988863636,0.998
NUS2042,PulseWidth_sec,1.046272727,1.0475
NUS2042,PulseWidth_sec,1.083058824,1.082222222
NUS2042,PulseWidth_sec,0.926125,0.904
NUS2042,PulseWidth_sec,1.0172,0.96
NUS2042,PulseWidth_sec,1.000363636,0.983333333
NUS2042,PulseWidth_sec,1.011866667,1.006086957
NUS2042,PulseWidth_sec,0.989142857,0.98
NUS2042,PulseWidth_sec,0.965576923,0.961481481
NUS2042,PulseWidth_sec,0.922086957,0.9504
NUS2042,PulseWidth_sec,1.086,0.974285714
NUS2042,PulseWidth_sec,0.942368421,0.955555556
NUS2042,PulseWidth_sec,0.93304,0.924444444
NUS2042,PulseWidth_sec,0.945074074,0.962857143
NUS2042,PulseWidth_sec,0.9865,0.971428571
NUS2042,PulseWidth_sec,0.953642857,0.965714286
NUS2042,CT_sec,0.181714286,0.1888
NUS2042,CT_sec,0.185357143,0.215789474
NUS2042,CT_sec,0.18475,0.245
NUS2042,CT_sec,0.185384615,0.245263158
NUS2042,CT_sec,0.183692308,0.247692308
NUS2042,CT_sec,0.173428571,0.18
NUS2042,CT_sec,0.178,0.198888889
NUS2042,CT_sec,0.178117647,0.1928
NUS2042,CT_sec,0.176842105,0.19047619
NUS2042,CT_sec,0.176727273,0.183529412
NUS2042,CT_sec,0.184266667,0.201052632
NUS2042,CT_sec,0.184,0.1925
NUS2042,CT_sec,0.179555556,0.166666667
NUS2042,CT_sec,0.180952381,0.190909091
NUS2042,CT_sec,0.173111111,0.16
NUS2042,CT_sec,0.172769231,0.162222222
NUS2042,CT_sec,0.187291667,0.209565217
NUS2042,CT_sec,0.169,0.2
NUS2042,CT_sec,0.184727273,0.196470588
NUS2042,CT_sec,0.167111111,0.22
NUS2042,dT_sec,0.324875,0.291538462
NUS2042,dT_sec,0.33016,0.328
NUS2042,dT_sec,0.308521739,0.2696
NUS2042,dT_sec,0.3182,0.332307692
NUS2042,dT_sec,0.314578947,0.340952381
NUS2042,dT_sec,0.316208333,0.343333333
NUS2042,dT_sec,0.319142857,0.331666667
NUS2042,dT_sec,0.3145,0.331666667
NUS2042,dT_sec,0.318,0.33
NUS2042,dT_sec,0.320166667,0.354545455
NUS2042,dT_sec,0.32832,0.329230769
NUS2042,dT_sec,0.324208333,0.333846154
NUS2042,dT_sec,0.342923077,0.353333333
NUS2042,dT_sec,0.34452381,0.35
NUS2042,dT_sec,0.327333333,0.328571429
NUS2042,dT_sec,0.303318182,0.32
NUS2042,dT_sec,0.30685,0.315
NUS2042,dT_sec,0.308555556,0.335555556
NUS2042,dT_sec,0.294333333,0.294117647
NUS2042,dT_sec,0.288740741,0.290666667
NUS2042,dT_samples,62.625,61.13636364
NUS2042,dT_samples,64.35294118,64.86363636
NUS2042,dT_samples,65.45833333,62.84210526
NUS2042,dT_samples,62.9,60.69230769
NUS2042,dT_samples,62.82352941,69.83333333
NUS2042,dT_samples,60.8,69.21428571
NUS2042,dT_samples,62.64285714,65.35
NUS2042,dT_samples,59.41666667,58.55555556
NUS2042,dT_samples,58.5,63.61111111
NUS2042,dT_samples,60.28,62.39130435
NUS2042,dT_samples,57.47826087,59.26666667
NUS2042,dT_samples,60,64.45454545
NUS2042,dT_samples,68,70.64285714
NUS2042,dT_samples,68.8,59.52
NUS2042,dT_samples,67.5,66
NUS2042,dT_samples,64.46153846,53.69230769
NUS2042,dT_samples,64.96428571,62.5
NUS2042,dT_samples,61.23529412,70.63636364
NUS2042,dT_samples,65.66666667,69.42105263
NUS2042,dT_samples,65.42857143,76.05882353
NUS2042,CT_samples,35,35.6
NUS2042,CT_samples,40.58823529,42.8
NUS2042,CT_samples,36.08695652,36.72222222
NUS2042,CT_samples,35.8,45.38461538
NUS2042,CT_samples,35.30769231,45.91666667
NUS2042,CT_samples,34.33333333,40.23809524
NUS2042,CT_samples,35.47619048,35.40909091
NUS2042,CT_samples,33.86363636,37.83333333
NUS2042,CT_samples,34,36.52
NUS2042,CT_samples,34.55,35.11111111
NUS2042,CT_samples,32.875,32
NUS2042,CT_samples,33,32.66666667
NUS2042,CT_samples,33.52,34.61538462
NUS2042,CT_samples,32.9,40.94117647
NUS2042,CT_samples,33.125,45.35714286
NUS2042,CT_samples,34.94444444,38.30769231
NUS2042,CT_samples,38.30769231,45
NUS2042,CT_samples,35.6,38.16666667
NUS2042,CT_samples,36.6,40.55555556
NUS2042,CT_samples,37.13636364,38.66666667
NUS2042,RI_ratio,0.577166135,0.859403346
NUS2042,RI_ratio,0.438079482,0.768757381
NUS2042,RI_ratio,0.461045486,0.848284662
NUS2042,RI_ratio,0.446044989,0.868749702
NUS2042,RI_ratio,0.503477496,0.769629456
NUS2042,RI_ratio,0.588097227,0.803647883
NUS2042,RI_ratio,0.712119857,0.885778154
NUS2042,RI_ratio,0.450454347,0.825820619
NUS2042,RI_ratio,0.438686438,0.688255224
NUS2042,RI_ratio,0.425106259,0.665511469
NUS2042,RI_ratio,0.482554362,0.832149708
NUS2042,RI_ratio,0.506373058,0.876954306
NUS2042,RI_ratio,0.452980419,0.892795272
NUS2042,RI_ratio,0.478962238,0.807275724
NUS2042,RI_ratio,0.497611397,0.905637245
NUS2042,RI_ratio,0.455467432,0.850992892
NUS2042,RI_ratio,0.476515147,0.866410792
NUS2042,RI_ratio,0.434080058,0.763207916
NUS2042,RI_ratio,0.446853489,0.789211967
NUS2042,RI_ratio,0.454662669,0.650908891
NUS2043,PulseWidth_sec,7.038827958,0.926
NUS2043,PulseWidth_sec,0.788214286,0.789230769
NUS2043,PulseWidth_sec,0.748307692,0.726
NUS2043,PulseWidth_sec,0.9025,0.7875
NUS2043,PulseWidth_sec,0.846366667,0.855714286
NUS2043,PulseWidth_sec,0.842566667,0.846666667
NUS2043,PulseWidth_sec,5.922783247,0.81
NUS2043,PulseWidth_sec,0.817606061,0.816666667
NUS2043,PulseWidth_sec,0.782,0.7675
NUS2043,PulseWidth_sec,5.522768445,0.818181818
NUS2043,PulseWidth_sec,0.815375,0.795
NUS2043,PulseWidth_sec,0.888214286,0.932857143
NUS2043,PulseWidth_sec,0.736,0.710769231
NUS2043,PulseWidth_sec,0.736324324,0.729473684
NUS2043,PulseWidth_sec,1.238,0.855
NUS2043,PulseWidth_sec,1.317,1.17
NUS2043,PulseWidth_sec,0.837866667,0.82
NUS2043,PulseWidth_sec,1,0.933333333
NUS2043,PulseWidth_sec,0.929666667,0.876
NUS2043,PulseWidth_sec,1.242,0.845
NUS2043,CT_sec,0.169454545,0.169090909
NUS2043,CT_sec,5.987442597,0.170909091
NUS2043,CT_sec,0.181111111,0.195294118
NUS2043,CT_sec,0.15648,0.155384615
NUS2043,CT_sec,0.169090909,0.16
NUS2043,CT_sec,0.18262069,0.172307692
NUS2043,CT_sec,0.18,0.168888889
NUS2043,CT_sec,0.178,0.17
NUS2043,CT_sec,6.190118709,0.175
NUS2043,CT_sec,0.18437931,0.185625
NUS2043,CT_sec,0.176428571,0.16
NUS2043,CT_sec,0.171333333,0.172307692
NUS2043,CT_sec,0.209142857,0.26
NUS2043,CT_sec,6.344517956,0.16
NUS2043,CT_sec,0.217555556,0.16
NUS2043,CT_sec,5.884357129,0.216666667
NUS2043,CT_sec,0.1768,0.172631579
NUS2043,CT_sec,0.177,0.164615385
NUS2043,CT_sec,0.177666667,0.1675
NUS2043,CT_sec,0.188,0.165
NUS2043,dT_sec,4.592749889,0.333333333
NUS2043,dT_sec,0.273090909,0.332727273
NUS2043,dT_sec,5.135938893,0.33
NUS2043,dT_sec,5.598236807,0.34
NUS2043,dT_sec,0.297448276,0.327692308
NUS2043,dT_sec,0.274178571,0.235
NUS2043,dT_sec,0.230724138,0.299375
NUS2043,dT_sec,6.50870849,0.34
NUS2043,dT_sec,0.148724138,0.313913043
NUS2043,dT_sec,0.16675,0.284
NUS2043,dT_sec,0.17125,0.315
NUS2043,dT_sec,0.203571429,0.32
NUS2043,dT_sec,0.186,0.306153846
NUS2043,dT_sec,0.263888889,0.308
NUS2043,dT_sec,0.1452,0.307272727
NUS2043,dT_sec,0.295833333,0.323076923
NUS2043,dT_sec,0.226130435,0.314
NUS2043,dT_sec,0.1824,0.313333333
NUS2043,dT_sec,0.363,0.313333333
NUS2043,dT_sec,0.259166667,0.25
NUS2043,dT_samples,35,79.33333333
NUS2043,dT_samples,45.08333333,77.61111111
NUS2043,dT_samples,40.86363636,80.73333333
NUS2043,dT_samples,39.11111111,75.9375
NUS2043,dT_samples,48.71428571,86.26315789
NUS2043,dT_samples,50.4137931,74.91304348
NUS2043,dT_samples,6.190118709,75.75
NUS2043,dT_samples,38.14285714,73.93333333
NUS2043,dT_samples,57.25,65.03225806
NUS2043,dT_samples,43.42424242,82.70833333
NUS2043,dT_samples,59.77777778,84.76470588
NUS2043,dT_samples,42.57142857,82.58333333
NUS2043,dT_samples,49.70833333,84.61538462
NUS2043,dT_samples,8.222398388,51.57142857
NUS2043,dT_samples,6.344517956,81
NUS2043,dT_samples,61.89285714,77.73684211
NUS2043,dT_samples,58,73
NUS2043,dT_samples,58.94117647,66.61538462
NUS2043,dT_samples,68,68.33333333
NUS2043,dT_samples,67,72.33333333
NUS2043,CT_samples,44.85714286,40.84210526
NUS2043,CT_samples,42.95652174,39.28571429
NUS2043,CT_samples,41.10344828,36.92307692
NUS2043,CT_samples,40.3,36.92857143
NUS2043,CT_samples,42.56666667,40.08333333
NUS2043,CT_samples,5.922783247,38
NUS2043,CT_samples,40.85714286,37.53333333
NUS2043,CT_samples,47.58333333,41
NUS2043,CT_samples,44.84375,40.38095238
NUS2043,CT_samples,44.65714286,41.24
NUS2043,CT_samples,43.67857143,39.88235294
NUS2043,CT_samples,42.36363636,39.90909091
NUS2043,CT_samples,42.25,38.9375
NUS2043,CT_samples,6.344517956,37
NUS2043,CT_samples,55.22222222,38.4
NUS2043,CT_samples,39.83333333,35.625
NUS2043,CT_samples,40.25,36.75
NUS2043,CT_samples,35,38.5
NUS2043,CT_samples,40.71428571,35.2
NUS2043,CT_samples,37.83333333,34.6
NUS2043,RI_ratio,6.507357468,0.773054462
NUS2043,RI_ratio,5.251537759,0.805944155
NUS2043,RI_ratio,0.82870684,0.856247151
NUS2043,RI_ratio,0.78024138,0.673823425
NUS2043,RI_ratio,0.764180631,0.716521959
NUS2043,RI_ratio,0.556558347,0.760170092
NUS2043,RI_ratio,0.556607778,0.703595071
NUS2043,RI_ratio,0.63575139,0.837939295
NUS2043,RI_ratio,0.798101036,0.842077838
NUS2043,RI_ratio,0.755974252,0.944381473
NUS2043,RI_ratio,0.840354431,0.889603084
NUS2043,RI_ratio,0.693007653,0.930968315
NUS2043,RI_ratio,0.881051182,0.793129648
NUS2043,RI_ratio,0.865741484,0.880595851
NUS2043,RI_ratio,5.884357129,0.872624076
NUS2043,RI_ratio,0.828854752,0.921233623
NUS2043,RI_ratio,0.578720245,0.887286754
NUS2043,RI_ratio,0.746329791,0.893731302
NUS2043,RI_ratio,0.860584212,0.895637364
NUS2043,RI_ratio,0.587747259,0.90381676
NUS2044,PulseWidth_sec,0.843130435,0.851612903
NUS2044,PulseWidth_sec,0.81837931,0.812903226
NUS2044,PulseWidth_sec,0.833947368,0.8275
NUS2044,PulseWidth_sec,0.80044,0.797575758
NUS2044,PulseWidth_sec,0.801375,0.802424242
NUS2044,PulseWidth_sec,0.88,0.884
NUS2044,PulseWidth_sec,0.932,0.937037037
NUS2044,PulseWidth_sec,1.117,0.941176471
NUS2044,PulseWidth_sec,0.940185185,0.925555556
NUS2044,PulseWidth_sec,0.787483871,0.792121212
NUS2044,PulseWidth_sec,0.800225806,0.796551724
NUS2044,PulseWidth_sec,0.821590909,0.849090909
NUS2044,PulseWidth_sec,0.884730769,0.877777778
NUS2044,PulseWidth_sec,0.893615385,0.896521739
NUS2044,PulseWidth_sec,0.844,0.825833333
NUS2044,PulseWidth_sec,0.895961538,0.896551724
NUS2044,PulseWidth_sec,0.862714286,0.877391304
NUS2044,PulseWidth_sec,0.934153846,0.908
NUS2044,PulseWidth_sec,0.81975,0.815862069
NUS2044,PulseWidth_sec,0.8395,0.842307692
NUS2044,CT_sec,0.180296296,0.191333333
NUS2044,CT_sec,0.175666667,0.212121212
NUS2044,CT_sec,0.177142857,0.2125
NUS2044,CT_sec,0.177925926,0.22
NUS2044,CT_sec,0.179636364,0.184210526
NUS2044,CT_sec,0.184916667,0.176363636
NUS2044,CT_sec,0.184148148,0.18
NUS2044,CT_sec,0.18064,0.185714286
NUS2044,CT_sec,0.181961538,0.188888889
NUS2044,CT_sec,0.172333333,0.202758621
NUS2044,CT_sec,0.171448276,0.205
NUS2044,CT_sec,0.177266667,0.201333333
NUS2044,CT_sec,0.172095238,0.20173913
NUS2044,CT_sec,0.182333333,0.179130435
NUS2044,CT_sec,0.174526316,0.177647059
NUS2044,CT_sec,0.171047619,0.169411765
NUS2044,CT_sec,0.173290323,0.170909091
NUS2044,CT_sec,0.1828,0.191818182
NUS2044,CT_sec,0.1776,0.180869565
NUS2044,CT_sec,0.18,0.182
NUS2044,dT_sec,0.222217391,0.309677419
NUS2044,dT_sec,0.177695652,0.31125
NUS2044,dT_sec,0.310037037,0.340666667
NUS2044,dT_sec,0.171428571,0.315454545
NUS2044,dT_sec,0.313962963,0.307407407
NUS2044,dT_sec,0.324391304,0.306666667
NUS2044,dT_sec,0.324666667,0.3075
NUS2044,dT_sec,0.32308,0.306363636
NUS2044,dT_sec,0.31944,0.304
NUS2044,dT_sec,0.315310345,0.299333333
NUS2044,dT_sec,0.325666667,0.314736842
NUS2044,dT_sec,0.233,0.2704
NUS2044,dT_sec,0.292733333,0.265806452
NUS2044,dT_sec,0.32925,0.326
NUS2044,dT_sec,0.334608696,0.280833333
NUS2044,dT_sec,0.157892857,0.323448276
NUS2044,dT_sec,0.159483871,0.327333333
NUS2044,dT_sec,0.162935484,0.336875
NUS2044,dT_sec,0.169384615,0.327857143
NUS2044,dT_sec,0.35,0.288181818
NUS2044,dT_samples,51,71.03225806
NUS2044,dT_samples,71.11111111,78.86666667
NUS2044,dT_samples,36.4,76.73333333
NUS2044,dT_samples,70.7826087,69.03846154
NUS2044,dT_samples,72.04545455,67.05263158
NUS2044,dT_samples,52.12903226,66.03125
NUS2044,dT_samples,60.94117647,67.7826087
NUS2044,dT_samples,45.76190476,55.12
NUS2044,dT_samples,68.36363636,67.8
NUS2044,dT_samples,68.7,70.78571429
NUS2044,dT_samples,64.60606061,78.15151515
NUS2044,dT_samples,40.5,72.47826087
NUS2044,dT_samples,41.25,72.4
NUS2044,dT_samples,34.96,76.19354839
NUS2044,dT_samples,35.4375,71.87096774
NUS2044,dT_samples,72.07692308,70.33333333
NUS2044,dT_samples,79.33333333,80.35294118
NUS2044,dT_samples,60.94117647,72.14285714
NUS2044,dT_samples,41.88888889,50.75
NUS2044,dT_samples,60,63.6
NUS2044,CT_samples,43.90625,52.10344828
NUS2044,CT_samples,41.80769231,52.61290323
NUS2044,CT_samples,41.7826087,52.90322581
NUS2044,CT_samples,40.4,40.76
NUS2044,CT_samples,40.62962963,41.29166667
NUS2044,CT_samples,40.4,39.63636364
NUS2044,CT_samples,40.89655172,40
NUS2044,CT_samples,36,38.94117647
NUS2044,CT_samples,40.2,38.90909091
NUS2044,CT_samples,43.64705882,42.56521739
NUS2044,CT_samples,39.37037037,37.92307692
NUS2044,CT_samples,39.25,36.5
NUS2044,CT_samples,45,43.17857143
NUS2044,CT_samples,44.72413793,55.76666667
NUS2044,CT_samples,38.62962963,43
NUS2044,CT_samples,38.12,45.46666667
NUS2044,CT_samples,41.37037037,44.48275862
NUS2044,CT_samples,39.79166667,51
NUS2044,CT_samples,36.8,36.17391304
NUS2044,CT_samples,42.66666667,56.92857143
NUS2044,RI_ratio,0.610748949,0.69237837
NUS2044,RI_ratio,0.81066126,0.748190687
NUS2044,RI_ratio,0.381949636,0.715731983
NUS2044,RI_ratio,0.7836027,0.798452826
NUS2044,RI_ratio,0.65877962,0.668292426
NUS2044,RI_ratio,0.492287264,0.718774329
NUS2044,RI_ratio,0.510230682,0.732788512
NUS2044,RI_ratio,0.692082758,0.727096431
NUS2044,RI_ratio,0.830481328,0.757673488
NUS2044,RI_ratio,0.598986629,0.785823714
NUS2044,RI_ratio,0.674898651,0.767191074
NUS2044,RI_ratio,0.959048852,0.766529736
NUS2044,RI_ratio,2.024343726,0.758758747
NUS2044,RI_ratio,0.743781635,0.736375491
NUS2044,RI_ratio,0.62032164,0.670769399
NUS2044,RI_ratio,1.128572144,0.731240174
NUS2044,RI_ratio,0.920025677,0.701573144
NUS2044,RI_ratio,0.604615288,0.682648306
NUS2044,RI_ratio,0.464869375,0.64749593
NUS2044,RI_ratio,0.70589784,0.865560316
NUS2046,PulseWidth_sec,1.03144,1.0448
NUS2046,PulseWidth_sec,1.03076,1.0225
NUS2046,PulseWidth_sec,0.985884615,0.968181818
NUS2046,PulseWidth_sec,1.037208333,1.038333333
NUS2046,PulseWidth_sec,1.00432,1.008
NUS2046,PulseWidth_sec,0.999142857,1.004615385
NUS2046,PulseWidth_sec,0.989933333,0.976
NUS2046,PulseWidth_sec,1.090347826,1.088571429
NUS2046,PulseWidth_sec,1.070833333,1.072173913
NUS2046,PulseWidth_sec,1.085217391,1.117
NUS2046,PulseWidth_sec,1.091608696,1.077894737
NUS2046,PulseWidth_sec,1.109714286,1.078823529
NUS2046,PulseWidth_sec,1.006823529,1.002307692
NUS2046,PulseWidth_sec,1.081434783,1.053846154
NUS2046,PulseWidth_sec,1.083521739,1.08
NUS2046,PulseWidth_sec,1.017,1.019166667
NUS2046,PulseWidth_sec,0.943392857,0.946428571
NUS2046,PulseWidth_sec,0.965962963,0.974074074
NUS2046,PulseWidth_sec,0.999038462,1
NUS2046,PulseWidth_sec,0.997352941,1.016
NUS2046,CT_sec,0.25224,0.3096
NUS2046,CT_sec,0.293173913,0.278
NUS2046,CT_sec,0.26508,0.305
NUS2046,CT_sec,0.246166667,0.315555556
NUS2046,CT_sec,0.2662,0.322666667
NUS2046,CT_sec,0.22856,0.289166667
NUS2046,CT_sec,0.228038462,0.280769231
NUS2046,CT_sec,0.249545455,0.30173913
NUS2046,CT_sec,0.264791667,0.288695652
NUS2046,CT_sec,0.279576923,0.296153846
NUS2046,CT_sec,0.278347826,0.295454545
NUS2046,CT_sec,0.2322,0.312222222
NUS2046,CT_sec,0.242869565,0.322105263
NUS2046,CT_sec,0.279176471,0.298181818
NUS2046,CT_sec,0.249428571,0.274814815
NUS2046,CT_sec,0.26052,0.2832
NUS2046,CT_sec,0.264791667,0.284
NUS2046,CT_sec,0.246727273,0.262962963
NUS2046,CT_sec,0.249538462,0.278461538
NUS2046,CT_sec,0.258285714,0.295384615
NUS2046,dT_sec,0.282384615,0.280769231
NUS2046,dT_sec,0.252705882,0.294166667
NUS2046,dT_sec,0.1976,0.366666667
NUS2046,dT_sec,0.27312,0.293846154
NUS2046,dT_sec,0.3032,0.36
NUS2046,dT_sec,0.247846154,0.282857143
NUS2046,dT_sec,0.276818182,0.282307692
NUS2046,dT_sec,0.256,0.2544
NUS2046,dT_sec,0.251384615,0.2776
NUS2046,dT_sec,0.25128,0.2736
NUS2046,dT_sec,0.146375,0.318571429
NUS2046,dT_sec,0.273565217,0.316842105
NUS2046,dT_sec,0.228176471,0.37
NUS2046,dT_sec,0.235869565,0.349333333
NUS2046,dT_sec,0.268666667,0.240740741
NUS2046,dT_sec,0.249571429,0.235862069
NUS2046,dT_sec,0.262708333,0.312
NUS2046,dT_sec,0.256608696,0.305
NUS2046,dT_sec,0.235208333,0.311666667
NUS2046,dT_sec,0.253346154,0.2576
NUS2046,dT_samples,50.56521739,56.8
NUS2046,dT_samples,53.6,52.84
NUS2046,dT_samples,60.15384615,68.32
NUS2046,dT_samples,53.60869565,73.06666667
NUS2046,dT_samples,55.84,57.80769231
NUS2046,dT_samples,40.73684211,53.04166667
NUS2046,dT_samples,50.66666667,50.63636364
NUS2046,dT_samples,49.9047619,58.86956522
NUS2046,dT_samples,54.7826087,54.77777778
NUS2046,dT_samples,33.375,51.45454545
NUS2046,dT_samples,51.45833333,52.33333333
NUS2046,dT_samples,48.19047619,62.88888889
NUS2046,dT_samples,52.39130435,59.86363636
NUS2046,dT_samples,55.69230769,48.5
NUS2046,dT_samples,53.04545455,49.76923077
NUS2046,dT_samples,55.7037037,45.96153846
NUS2046,dT_samples,55.51851852,47.78571429
NUS2046,dT_samples,51.46153846,49.84615385
NUS2046,dT_samples,47.04545455,50
NUS2046,dT_samples,56.82142857,50.89285714
NUS2046,CT_samples,44.58333333,54
NUS2046,CT_samples,49.72727273,58.23076923
NUS2046,CT_samples,55.77272727,57.38461538
NUS2046,CT_samples,47.88,53.56
NUS2046,CT_samples,50.875,54.04
NUS2046,CT_samples,43.41666667,55.63636364
NUS2046,CT_samples,36.7,57.35714286
NUS2046,CT_samples,41,51.57142857
NUS2046,CT_samples,46.13636364,56.71428571
NUS2046,CT_samples,54.28571429,61.48
NUS2046,CT_samples,47.83333333,56.05882353
NUS2046,CT_samples,50.64,53.36
NUS2046,CT_samples,50.07407407,57.85185185
NUS2046,CT_samples,51,58.11111111
NUS2046,CT_samples,51.07692308,57.16666667
NUS2046,CT_samples,48.94444444,57.5
NUS2046,CT_samples,52.29166667,58.125
NUS2046,CT_samples,45.15384615,54.88461538
NUS2046,CT_samples,50.57692308,53.13636364
NUS2046,CT_samples,51.64285714,57.38461538
NUS2046,RI_ratio,0.567717312,0.828800996
NUS2046,RI_ratio,0.632689053,0.554856009
NUS2046,RI_ratio,4.852551485,2.127553729
NUS2046,RI_ratio,0.572469497,0.598514079
NUS2046,RI_ratio,0.587711274,0.582098657
NUS2046,RI_ratio,0.6520067,0.647301845
NUS2046,RI_ratio,0.605698536,0.682577408
NUS2046,RI_ratio,0.600090746,0.73381191
NUS2046,RI_ratio,0.587562251,5.716909677
NUS2046,RI_ratio,7.90936831,0.727836386
NUS2046,RI_ratio,14.55419021,0.698657636
NUS2046,RI_ratio,13.33165758,0.702777691
NUS2046,RI_ratio,0.675403048,0.636366732
NUS2046,RI_ratio,0.591700401,0.73531521
NUS2046,RI_ratio,0.697704212,0.83002785
NUS2046,RI_ratio,0.686227383,0.847161058
NUS2046,RI_ratio,0.623695044,0.824841603
NUS2046,RI_ratio,0.739935936,0.872892543
NUS2046,RI_ratio,0.726028198,0.854663498
NUS2046,RI_ratio,0.721891849,1.089782676
NUS2048,PulseWidth_sec,1.201,0.991111111
NUS2048,PulseWidth_sec,0.9718,0.91826087
NUS2048,PulseWidth_sec,0.922857143,0.914666667
NUS2048,PulseWidth_sec,0.924611111,0.92
NUS2048,PulseWidth_sec,0.983777778,0.983636364
NUS2048,PulseWidth_sec,0.9740625,0.962222222
NUS2048,PulseWidth_sec,0.968428571,0.963
NUS2048,PulseWidth_sec,0.992666667,0.986666667
NUS2048,PulseWidth_sec,0.98625,0.998571429
NUS2048,PulseWidth_sec,0.954888889,0.984545455
NUS2048,PulseWidth_sec,0.978363636,0.9375
NUS2048,PulseWidth_sec,0.9928,0.996363636
NUS2048,PulseWidth_sec,0.949066667,0.948333333
NUS2048,PulseWidth_sec,1.050944444,1.060952381
NUS2048,PulseWidth_sec,1.023,0.964
NUS2048,PulseWidth_sec,1.05925,0.994285714
NUS2048,PulseWidth_sec,0.793789474,0.808571429
NUS2048,PulseWidth_sec,1.054294118,1.061111111
NUS2048,PulseWidth_sec,1.067578947,1.077
NUS2048,PulseWidth_sec,1.0728125,1.091666667
NUS2048,CT_sec,0.180333333,0.185
NUS2048,CT_sec,0.180166667,0.18
NUS2048,CT_sec,0.1752,0.18
NUS2048,CT_sec,0.1764,0.193684211
NUS2048,CT_sec,0.183666667,0.182666667
NUS2048,CT_sec,0.182266667,0.230909091
NUS2048,CT_sec,0.1858,0.258333333
NUS2048,CT_sec,0.18175,0.232727273
NUS2048,CT_sec,0.193,0.193333333
NUS2048,CT_sec,0.191,0.186
NUS2048,CT_sec,0.190230769,0.184
NUS2048,CT_sec,0.1828,0.187142857
NUS2048,CT_sec,0.181230769,0.194285714
NUS2048,CT_sec,0.191,0.206
NUS2048,CT_sec,0.1875,0.193636364
NUS2048,CT_sec,0.191636364,0.199
NUS2048,CT_sec,0.1925,0.192
NUS2048,CT_sec,0.180947368,0.194285714
NUS2048,CT_sec,0.191916667,0.221176471
NUS2048,CT_sec,0.1951875,0.251666667
NUS2048,dT_sec,0.329666667,0.343333333
NUS2048,dT_sec,0.3125,0.3
NUS2048,dT_sec,0.321625,0.342857143
NUS2048,dT_sec,0.312,0.315789474
NUS2048,dT_sec,0.315230769,0.299
NUS2048,dT_sec,0.32145,0.273076923
NUS2048,dT_sec,0.323538462,0.285
NUS2048,dT_sec,0.32585,0.335384615
NUS2048,dT_sec,0.32075,0.335
NUS2048,dT_sec,0.324176471,0.325333333
NUS2048,dT_sec,0.3165,0.294117647
NUS2048,dT_sec,0.322235294,0.331111111
NUS2048,dT_sec,0.309166667,0.3
NUS2048,dT_sec,0.174125,0.273333333
NUS2048,dT_sec,0.2635,0.285454545
NUS2048,dT_sec,0.316,0.323529412
NUS2048,dT_sec,0.173125,0.324285714
NUS2048,dT_sec,0.3019,0.346
NUS2048,dT_sec,0.32575,0.292941176
NUS2048,dT_sec,0.333277778,0.275833333
NUS2048,dT_samples,65.8,66.65217391
NUS2048,dT_samples,70.73333333,72.33333333
NUS2048,dT_samples,66.22222222,67.54545455
NUS2048,dT_samples,70.25,67
NUS2048,dT_samples,54.8,66.10526316
NUS2048,dT_samples,66.28571429,63.76190476
NUS2048,dT_samples,54,68.44444444
NUS2048,dT_samples,63.92307692,63.66666667
NUS2048,dT_samples,63.64705882,63.4375
NUS2048,dT_samples,65.41176471,64.9375
NUS2048,dT_samples,63.5,81.23529412
NUS2048,dT_samples,62.26315789,62.375
NUS2048,dT_samples,65.25,63.4
NUS2048,dT_samples,64.13043478,62.09090909
NUS2048,dT_samples,56.3,63
NUS2048,dT_samples,69.70833333,63.13636364
NUS2048,dT_samples,62,59.16666667
NUS2048,dT_samples,61.25,58.47058824
NUS2048,dT_samples,61.63636364,51.19047619
NUS2048,dT_samples,51.8,47.625
NUS2048,CT_samples,36.85714286,35.16666667
NUS2048,CT_samples,36.86363636,50.95652174
NUS2048,CT_samples,34.86666667,34
NUS2048,CT_samples,37.6875,35.57142857
NUS2048,CT_samples,37.31578947,49.82608696
NUS2048,CT_samples,36.85,46.96
NUS2048,CT_samples,37.15384615,45.83333333
NUS2048,CT_samples,36.9,47.24
NUS2048,CT_samples,37.61538462,36.06666667
NUS2048,CT_samples,38.27272727,38.125
NUS2048,CT_samples,37.07142857,35.2
NUS2048,CT_samples,36.75,37.45
NUS2048,CT_samples,39.06666667,38.5
NUS2048,CT_samples,35.85714286,40.35714286
NUS2048,CT_samples,35.8,33.13333333
NUS2048,CT_samples,35.875,34.71428571
NUS2048,CT_samples,36.11764706,42.77272727
NUS2048,CT_samples,36.2,42.95238095
NUS2048,CT_samples,35.9375,43.95833333
NUS2048,CT_samples,37,43.0952381
NUS2048,RI_ratio,0.633611228,0.914109015
NUS2048,RI_ratio,0.464456824,0.81791782
NUS2048,RI_ratio,0.528583283,0.794374964
NUS2048,RI_ratio,0.644951912,0.736951687
NUS2048,RI_ratio,0.529608667,0.789414963
NUS2048,RI_ratio,0.539692981,0.928981869
NUS2048,RI_ratio,0.473530825,0.878777051
NUS2048,RI_ratio,0.463177628,0.848457879
NUS2048,RI_ratio,0.472208859,0.847604521
NUS2048,RI_ratio,0.544796159,0.822437769
NUS2048,RI_ratio,0.539646298,0.75112696
NUS2048,RI_ratio,0.487699658,0.736774334
NUS2048,RI_ratio,0.472119923,0.741742009
NUS2048,RI_ratio,0.669491765,0.896777477
NUS2048,RI_ratio,0.59894955,0.935486597
NUS2048,RI_ratio,0.545212505,0.789568077
NUS2048,RI_ratio,0.449770811,0.723201621
NUS2048,RI_ratio,0.478197996,0.774057357
NUS2048,RI_ratio,0.56030122,0.917472027
NUS2048,RI_ratio,0.568370048,0.893896594
NUS2049,PulseWidth_sec,1.045125,1.0448
NUS2049,PulseWidth_sec,0.998538462,0.997391304
NUS2049,PulseWidth_sec,0.991318182,0.988571429
NUS2049,PulseWidth_sec,1.031375,0.988888889
NUS2049,PulseWidth_sec,1.046142857,1.04
NUS2049,PulseWidth_sec,1.03975,1.04
NUS2049,PulseWidth_sec,1.046307692,1
NUS2049,PulseWidth_sec,1.118846154,1.129090909
NUS2049,PulseWidth_sec,1.2405,1.12
NUS2049,PulseWidth_sec,1.08585,1.07
NUS2049,PulseWidth_sec,1.0112,1.04
NUS2049,PulseWidth_sec,1.032642857,0.98
NUS2049,PulseWidth_sec,1.1849,1.103636364
NUS2049,PulseWidth_sec,1.477,1.06
NUS2049,PulseWidth_sec,1.027538462,1.02
NUS2049,PulseWidth_sec,1.109681818,1.055
NUS2049,PulseWidth_sec,1.148619048,1.14
NUS2049,PulseWidth_sec,1.2592,1.134285714
NUS2049,PulseWidth_sec,1.182166667,1.1275
NUS2049,PulseWidth_sec,1.2445,1.215384615
NUS2049,CT_sec,0.18916,0.1856
NUS2049,CT_sec,0.181888889,0.183478261
NUS2049,CT_sec,0.182545455,0.190909091
NUS2049,CT_sec,0.186714286,0.194666667
NUS2049,CT_sec,0.188083333,0.190666667
NUS2049,CT_sec,0.186916667,0.192
NUS2049,CT_sec,0.171368421,0.166666667
NUS2049,CT_sec,0.190111111,0.218571429
NUS2049,CT_sec,0.156,0.16
NUS2049,CT_sec,0.178333333,0.216666667
NUS2049,CT_sec,0.183,0.173333333
NUS2049,CT_sec,0.131,0.22
NUS2049,CT_sec,0.184,0.2
NUS2049,CT_sec,0.12975,0.206666667
NUS2049,CT_sec,0.171833333,0.21
NUS2049,CT_sec,0.194,0.217777778
NUS2049,CT_sec,0.189,0.198461538
NUS2049,CT_sec,0.199357143,0.213333333
NUS2049,CT_sec,0.203,0.186666667
NUS2049,CT_sec,0.19325,0.18
NUS2049,dT_sec,0.334181818,0.35826087
NUS2049,dT_sec,0.323714286,0.366666667
NUS2049,dT_sec,0.324565217,0.377777778
NUS2049,dT_sec,0.3275625,0.366666667
NUS2049,dT_sec,0.337333333,0.377142857
NUS2049,dT_sec,0.3395,0.35
NUS2049,dT_sec,0.302833333,0.4
NUS2049,dT_sec,0.311307692,0.368
NUS2049,dT_sec,0.336888889,0.353333333
NUS2049,dT_sec,0.34375,0.41
NUS2049,dT_sec,0.336,0.42
NUS2049,dT_sec,0.34675,0.4375
NUS2049,dT_sec,0.441333333,0.425
NUS2049,dT_sec,0.350222222,0.406666667
NUS2049,dT_sec,0.338,0.434545455
NUS2049,dT_sec,0.345,0.34
NUS2049,dT_sec,0.3384,0.418333333
NUS2049,dT_sec,0.303928571,0.334444444
NUS2049,dT_sec,0.3336,0.367692308
NUS2049,dT_sec,6.172691486,0.44
NUS2049,dT_samples,62.64285714,66.90909091
NUS2049,dT_samples,65.1875,69.56521739
NUS2049,dT_samples,66.13333333,67.20833333
NUS2049,dT_samples,63.8,70.16666667
NUS2049,dT_samples,65.32,65.25
NUS2049,dT_samples,59.8,88.42857143
NUS2049,dT_samples,63.47058824,66
NUS2049,dT_samples,61.72222222,69.4
NUS2049,dT_samples,57.875,56
NUS2049,dT_samples,60,77.25
NUS2049,dT_samples,61.45454545,89
NUS2049,dT_samples,62.36363636,72.5
NUS2049,dT_samples,58.6,80.5
NUS2049,dT_samples,69.14285714,69.66666667
NUS2049,dT_samples,52.77777778,70.54545455
NUS2049,dT_samples,52.5,70.33333333
NUS2049,dT_samples,60.33333333,68.6
NUS2049,dT_samples,54.875,59.6
NUS2049,dT_samples,56,84.25
NUS2049,dT_samples,54.15,81.28571429
NUS2049,CT_samples,35.58333333,41.92
NUS2049,CT_samples,36.33333333,33.65
NUS2049,CT_samples,36.53333333,34.8125
NUS2049,CT_samples,37.80769231,35.78947368
NUS2049,CT_samples,36.14285714,35.48
NUS2049,CT_samples,34.5,32.83333333
NUS2049,CT_samples,35.85714286,36.125
NUS2049,CT_samples,35.3,33.5
NUS2049,CT_samples,32.375,34.5
NUS2049,CT_samples,32.88235294,31.14285714
NUS2049,CT_samples,32.09090909,31
NUS2049,CT_samples,28.75,32
NUS2049,CT_samples,37.25,39.16666667
NUS2049,CT_samples,33.6,29.25
NUS2049,CT_samples,31.5,44.3
NUS2049,CT_samples,27,36.25
NUS2049,CT_samples,30,34.55555556
NUS2049,CT_samples,30,29
NUS2049,CT_samples,27,31.66666667
NUS2049,CT_samples,33,42.15384615
NUS2049,RI_ratio,0.628038203,0.92763336
NUS2049,RI_ratio,0.45075281,0.578036013
NUS2049,RI_ratio,0.439987718,0.598015743
NUS2049,RI_ratio,0.460820553,0.556864759
NUS2049,RI_ratio,0.480132423,0.81681694
NUS2049,RI_ratio,0.465697644,0.794930508
NUS2049,RI_ratio,0.427863413,0.520340904
NUS2049,RI_ratio,0.545023952,0.872010012
NUS2049,RI_ratio,0.513003318,0.630653871
NUS2049,RI_ratio,0.594810341,0.703922653
NUS2049,RI_ratio,0.376839751,0.825654131
NUS2049,RI_ratio,0.503899073,0.917861873
NUS2049,RI_ratio,0.483303114,0.810287313
NUS2049,RI_ratio,0.541710921,1.599156191
NUS2049,RI_ratio,0.409685728,0.618098991
NUS2049,RI_ratio,0.370486084,0.802973878
NUS2049,RI_ratio,4.222620978,0.740044253
NUS2049,RI_ratio,0.364759024,0.713677396
NUS2049,RI_ratio,0.520357843,0.723042543
NUS2049,RI_ratio,0.556613852,9.779602385
NUS2050,PulseWidth_sec,1.0855,1.084
NUS2050,PulseWidth_sec,1.191,1.035714286
NUS2050,PulseWidth_sec,1.036625,1.024444444
NUS2050,PulseWidth_sec,1.1135,0.942222222
NUS2050,PulseWidth_sec,1.006444444,0.963333333
NUS2050,PulseWidth_sec,0.932533333,0.905263158
NUS2050,PulseWidth_sec,1.094,1.014
NUS2050,PulseWidth_sec,0.924619048,0.907058824
NUS2050,PulseWidth_sec,1.012,0.895555556
NUS2050,PulseWidth_sec,0.9495,0.902105263
NUS2050,PulseWidth_sec,1.041,0.909473684
NUS2050,PulseWidth_sec,1.2912,1.233333333
NUS2050,PulseWidth_sec,1.195555556,1.173333333
NUS2050,PulseWidth_sec,1.1155,1.072
NUS2050,PulseWidth_sec,1.0494,1.034285714
NUS2050,PulseWidth_sec,1.0986,1.008
NUS2050,PulseWidth_sec,1.010777778,0.972307692
NUS2050,PulseWidth_sec,1.126,1.042
NUS2050,PulseWidth_sec,1.106,1.089333333
NUS2050,PulseWidth_sec,1.095785714,1.057777778
NUS2050,CT_sec,0.173333333,0.171111111
NUS2050,CT_sec,0.174,0.172
NUS2050,CT_sec,0.178,0.182
NUS2050,CT_sec,0.177142857,0.174545455
NUS2050,CT_sec,0.176285714,0.172727273
NUS2050,CT_sec,0.17,0.191764706
NUS2050,CT_sec,0.172571429,0.182857143
NUS2050,CT_sec,0.1765,0.18
NUS2050,CT_sec,0.1796,0.172
NUS2050,CT_sec,0.178666667,0.175
NUS2050,CT_sec,0.180285714,0.18
NUS2050,CT_sec,0.18,0.175555556
NUS2050,CT_sec,0.183111111,0.171428571
NUS2050,CT_sec,0.181818182,0.175
NUS2050,CT_sec,0.179714286,0.172
NUS2050,CT_sec,0.179733333,0.173333333
NUS2050,CT_sec,0.179692308,0.166666667
NUS2050,CT_sec,0.181142857,0.175555556
NUS2050,CT_sec,0.179714286,0.185454545
NUS2050,CT_sec,0.179157895,0.178181818
NUS2050,dT_sec,0.308857143,0.350769231
NUS2050,dT_sec,0.330533333,0.34
NUS2050,dT_sec,0.345409091,0.341176471
NUS2050,dT_sec,0.341666667,0.38
NUS2050,dT_sec,0.337391304,0.345
NUS2050,dT_sec,0.326038462,0.345555556
NUS2050,dT_sec,0.327090909,0.344285714
NUS2050,dT_sec,0.348571429,0.334285714
NUS2050,dT_sec,0.329642857,0.366666667
NUS2050,dT_sec,0.272,0.334
NUS2050,dT_sec,0.324588235,0.356666667
NUS2050,dT_sec,0.332,0.353333333
NUS2050,dT_sec,0.3273,0.334
NUS2050,dT_sec,0.336,0.33625
NUS2050,dT_sec,0.327571429,0.351666667
NUS2050,dT_sec,0.321076923,0.363333333
NUS2050,dT_sec,0.336636364,0.372
NUS2050,dT_sec,0.3035,0.333333333
NUS2050,dT_sec,0.324222222,0.341333333
NUS2050,dT_sec,0.317545455,0.341904762
NUS2050,dT_samples,40.91666667,58.32142857
NUS2050,dT_samples,66.23529412,69.4
NUS2050,dT_samples,60.28571429,65.05882353
NUS2050,dT_samples,62.42857143,66.92307692
NUS2050,dT_samples,57.5,67.11111111
NUS2050,dT_samples,68.5625,67.05263158
NUS2050,dT_samples,65.35714286,68.28571429
NUS2050,dT_samples,70.47058824,69.33333333
NUS2050,dT_samples,71.83333333,69
NUS2050,dT_samples,69.5,69.93333333
NUS2050,dT_samples,72.17241379,72.7
NUS2050,dT_samples,64.5,66.84210526
NUS2050,dT_samples,58.06666667,63.9
NUS2050,dT_samples,60,65.92307692
NUS2050,dT_samples,65.86363636,68.125
NUS2050,dT_samples,59.5,63
NUS2050,dT_samples,58.38461538,69.83333333
NUS2050,dT_samples,57.81818182,67
NUS2050,dT_samples,58.71428571,61.22222222
NUS2050,dT_samples,57.3,64.5
NUS2050,CT_samples,30.75,31.54545455
NUS2050,CT_samples,32.18181818,32.53333333
NUS2050,CT_samples,34,38
NUS2050,CT_samples,31.81818182,32.54545455
NUS2050,CT_samples,34.09090909,35.58823529
NUS2050,CT_samples,35.76470588,36.72222222
NUS2050,CT_samples,36.15789474,36.15384615
NUS2050,CT_samples,34.375,35.69230769
NUS2050,CT_samples,38.03448276,37.2
NUS2050,CT_samples,38.15384615,36.6875
NUS2050,CT_samples,33,39.94736842
NUS2050,CT_samples,32.71428571,31.25
NUS2050,CT_samples,30.07142857,29.8
NUS2050,CT_samples,33.23809524,33.8125
NUS2050,CT_samples,32.625,34.14285714
NUS2050,CT_samples,34.22222222,33.71428571
NUS2050,CT_samples,33.5,30.5
NUS2050,CT_samples,32.8,33.42857143
NUS2050,CT_samples,31.375,32.875
NUS2050,CT_samples,31.14285714,30.6
NUS2050,RI_ratio,0.496610749,0.805136792
NUS2050,RI_ratio,0.459721022,0.768037009
NUS2050,RI_ratio,0.472405819,0.705525318
NUS2050,RI_ratio,0.544679116,0.753608462
NUS2050,RI_ratio,0.410954967,0.667057644
NUS2050,RI_ratio,0.437399337,0.665880213
NUS2050,RI_ratio,0.494038217,0.778678368
NUS2050,RI_ratio,0.448935874,0.779037432
NUS2050,RI_ratio,0.375483995,0.667509336
NUS2050,RI_ratio,0.360757495,0.682736598
NUS2050,RI_ratio,0.413059111,0.595094322
NUS2050,RI_ratio,0.406116164,0.582535769
NUS2050,RI_ratio,0.426285223,0.741688743
NUS2050,RI_ratio,0.450780917,0.720049764
NUS2050,RI_ratio,0.413056793,0.680771971
NUS2050,RI_ratio,0.490905905,0.674526768
NUS2050,RI_ratio,0.470216261,0.699286127
NUS2050,RI_ratio,0.444047662,0.734931625
NUS2050,RI_ratio,0.487480723,0.738955505
NUS2050,RI_ratio,0.457041304,0.791441418
NUS2051,PulseWidth_sec,0.986791667,0.9864
NUS2051,PulseWidth_sec,0.945962963,0.949166667
NUS2051,PulseWidth_sec,0.997571429,0.988571429
NUS2051,PulseWidth_sec,0.9822,0.953333333
NUS2051,PulseWidth_sec,0.906142857,0.904347826
NUS2051,PulseWidth_sec,0.904166667,0.864444444
NUS2051,PulseWidth_sec,0.99308,0.996
NUS2051,PulseWidth_sec,0.984458333,0.966153846
NUS2051,PulseWidth_sec,0.993807692,0.996923077
NUS2051,PulseWidth_sec,1.062666667,1.135
NUS2051,PulseWidth_sec,1.031277778,1.003333333
NUS2051,PulseWidth_sec,1.0635,1.014285714
NUS2051,PulseWidth_sec,1.127,1.026666667
NUS2051,PulseWidth_sec,1.01375,0.98
NUS2051,PulseWidth_sec,1.006333333,1.03
NUS2051,PulseWidth_sec,5.891349678,0.915555556
NUS2051,PulseWidth_sec,0.859,0.862222222
NUS2051,PulseWidth_sec,1.0617,0.96
NUS2051,PulseWidth_sec,1.0376,0.964
NUS2051,PulseWidth_sec,0.9707,0.96
NUS2051,CT_sec,0.168235294,0.196363636
NUS2051,CT_sec,0.171862069,0.1725
NUS2051,CT_sec,0.178,0.171111111
NUS2051,CT_sec,0.17826087,0.192307692
NUS2051,CT_sec,0.1775,0.182857143
NUS2051,CT_sec,0.179,0.182666667
NUS2051,CT_sec,0.177777778,0.176
NUS2051,CT_sec,0.16992,0.16
NUS2051,CT_sec,0.181230769,0.193333333
NUS2051,CT_sec,0.182461538,0.186666667
NUS2051,CT_sec,6.08372539,0.164
NUS2051,CT_sec,0.170352941,0.164444444
NUS2051,CT_sec,0.168210526,0.17
NUS2051,CT_sec,0.166222222,0.168571429
NUS2051,CT_sec,0.177818182,0.176923077
NUS2051,CT_sec,0.166666667,0.16
NUS2051,CT_sec,0.159,0.161428571
NUS2051,CT_sec,0.154,0.16
NUS2051,CT_sec,0.168444444,0.158
NUS2051,CT_sec,0.162666667,0.166666667
NUS2051,dT_sec,0.341052632,0.323333333
NUS2051,dT_sec,0.340666667,0.328888889
NUS2051,dT_sec,0.3295,0.321333333
NUS2051,dT_sec,0.330333333,0.362857143
NUS2051,dT_sec,0.278551724,0.28
NUS2051,dT_sec,0.308769231,0.33
NUS2051,dT_sec,0.306,0.315384615
NUS2051,dT_sec,0.3195,0.348571429
NUS2051,dT_sec,0.3468,0.3625
NUS2051,dT_sec,0.348428571,0.356666667
NUS2051,dT_sec,0.332,0.38
NUS2051,dT_sec,0.3272,0.405454545
NUS2051,dT_sec,0.330727273,0.343529412
NUS2051,dT_sec,0.319941176,0.329230769
NUS2051,dT_sec,0.322909091,0.377777778
NUS2051,dT_sec,0.3288,0.344
NUS2051,dT_sec,0.3218,0.33
NUS2051,dT_sec,0.277,0.295555556
NUS2051,dT_sec,0.237333333,0.283333333
NUS2051,dT_sec,0.152,0.28
NUS2051,dT_samples,67.08695652,61.875
NUS2051,dT_samples,71.69230769,65.92
NUS2051,dT_samples,72.21428571,65.11538462
NUS2051,dT_samples,63,68.41666667
NUS2051,dT_samples,61.92307692,62.26923077
NUS2051,dT_samples,64.52380952,64.0952381
NUS2051,dT_samples,66.22727273,63.75
NUS2051,dT_samples,65.86363636,64.52941176
NUS2051,dT_samples,65.9047619,64.65
NUS2051,dT_samples,58.25,64.77777778
NUS2051,dT_samples,62.08333333,63.15384615
NUS2051,dT_samples,58.88888889,72.66666667
NUS2051,dT_samples,67.57692308,74.5
NUS2051,dT_samples,66.1,75.57142857
NUS2051,dT_samples,63.16666667,70.13333333
NUS2051,dT_samples,62.35714286,71.5
NUS2051,dT_samples,66,75.22222222
NUS2051,dT_samples,64.53846154,77.77777778
NUS2051,dT_samples,58.8125,65
NUS2051,dT_samples,55.77777778,65
NUS2051,CT_samples,36.25,42
NUS2051,CT_samples,33.79166667,37.6
NUS2051,CT_samples,35.73076923,35.64705882
NUS2051,CT_samples,35.51851852,33.5
NUS2051,CT_samples,32.68421053,29.85714286
NUS2051,CT_samples,36.22727273,36.95238095
NUS2051,CT_samples,36.05,37.28571429
NUS2051,CT_samples,32.05,31.81818182
NUS2051,CT_samples,33.5625,34.66666667
NUS2051,CT_samples,36.11111111,35.33333333
NUS2051,CT_samples,36.34782609,36.91304348
NUS2051,CT_samples,35.52173913,34
NUS2051,CT_samples,33.54545455,32.66666667
NUS2051,CT_samples,34,34.5
NUS2051,CT_samples,34.25,33.45454545
NUS2051,CT_samples,29,30.8
NUS2051,CT_samples,29.125,33.53846154
NUS2051,CT_samples,33.7,32.84615385
NUS2051,CT_samples,32.6,33.27272727
NUS2051,CT_samples,48.94285714,44.36363636
NUS2051,RI_ratio,0.238421305,0.65646945
NUS2051,RI_ratio,0.272845601,0.676282245
NUS2051,RI_ratio,0.277269259,0.680817481
NUS2051,RI_ratio,0.300553794,0.690625116
NUS2051,RI_ratio,0.256095551,0.706664137
NUS2051,RI_ratio,0.319207881,0.698366865
NUS2051,RI_ratio,0.441497908,0.661712552
NUS2051,RI_ratio,0.408120662,0.754990498
NUS2051,RI_ratio,0.529994161,0.749853258
NUS2051,RI_ratio,0.787900766,0.60896092
NUS2051,RI_ratio,0.249709012,0.431879679
NUS2051,RI_ratio,0.488957809,0.684979991
NUS2051,RI_ratio,0.436858816,0.582447393
NUS2051,RI_ratio,0.427220616,0.487023043
NUS2051,RI_ratio,0.412809725,0.503118198
NUS2051,RI_ratio,0.441052966,0.525139637
NUS2051,RI_ratio,0.50501686,0.590256896
NUS2051,RI_ratio,0.465396862,0.609454299
NUS2051,RI_ratio,0.399047713,0.548940773
NUS2051,RI_ratio,0.530453301,0.534425902
NUS2052,PulseWidth_sec,1.088,1.066956522
NUS2052,PulseWidth_sec,1.217833333,1.16
NUS2052,PulseWidth_sec,1.008416667,0.984444444
NUS2052,PulseWidth_sec,1.189692308,1.18
NUS2052,PulseWidth_sec,1.271,1.2
NUS2052,PulseWidth_sec,1.217,1.21
NUS2052,PulseWidth_sec,1.199727273,1.175714286
NUS2052,PulseWidth_sec,1.187277778,1.193333333
NUS2052,PulseWidth_sec,1.2092,1.173333333
NUS2052,PulseWidth_sec,1.204444444,1.140909091
NUS2052,PulseWidth_sec,1.169823529,1.137272727
NUS2052,PulseWidth_sec,1.193142857,1.103809524
NUS2052,PulseWidth_sec,1.1013,1.080869565
NUS2052,PulseWidth_sec,1.075136364,1.06375
NUS2052,PulseWidth_sec,1.148,1.065333333
NUS2052,PulseWidth_sec,1.192090909,1.122222222
NUS2052,PulseWidth_sec,0.82075,0.84
NUS2052,PulseWidth_sec,0.989708333,0.988695652
NUS2052,PulseWidth_sec,0.996615385,0.995714286
NUS2052,PulseWidth_sec,1.164384615,1.116
NUS2052,CT_sec,0.18,0.166666667
NUS2052,CT_sec,0.203,0.187777778
NUS2052,CT_sec,0.174909091,0.17
NUS2052,CT_sec,0.19425,0.20625
NUS2052,CT_sec,0.186444444,0.196363636
NUS2052,CT_sec,0.180444444,0.215789474
NUS2052,CT_sec,0.185428571,0.224545455
NUS2052,CT_sec,0.186666667,0.221052632
NUS2052,CT_sec,0.184,0.221818182
NUS2052,CT_sec,0.199,0.208235294
NUS2052,CT_sec,0.198428571,0.2
NUS2052,CT_sec,0.197352941,0.202
NUS2052,CT_sec,0.198230769,0.206153846
NUS2052,CT_sec,0.1836,0.193333333
NUS2052,CT_sec,0.182461538,0.191666667
NUS2052,CT_sec,0.182875,0.193333333
NUS2052,CT_sec,0.203181818,0.2
NUS2052,CT_sec,0.203941176,0.215789474
NUS2052,CT_sec,0.204111111,0.206666667
NUS2052,CT_sec,0.189615385,0.185
NUS2052,dT_sec,0.328695652,0.3425
NUS2052,dT_sec,0.352,0.3325
NUS2052,dT_sec,0.356263158,0.380952381
NUS2052,dT_sec,0.367,0.39125
NUS2052,dT_sec,0.373666667,0.405714286
NUS2052,dT_sec,0.348714286,0.325
NUS2052,dT_sec,0.3506,0.338
NUS2052,dT_sec,0.3508,0.354666667
NUS2052,dT_sec,0.355,0.342666667
NUS2052,dT_sec,0.352125,0.331818182
NUS2052,dT_sec,0.383,0.385
NUS2052,dT_sec,0.3495,0.334117647
NUS2052,dT_sec,0.369823529,0.255454545
NUS2052,dT_sec,0.375888889,0.334285714
NUS2052,dT_sec,0.351653846,0.397777778
NUS2052,dT_sec,0.387,0.356
NUS2052,dT_sec,0.383444444,0.355384615
NUS2052,dT_sec,0.333882353,0.348421053
NUS2052,dT_sec,0.350181818,0.345217391
NUS2052,dT_sec,0.350944444,0.37875
NUS2052,dT_samples,69.3,76.25
NUS2052,dT_samples,64.66666667,74.16666667
NUS2052,dT_samples,60.13333333,66.41666667
NUS2052,dT_samples,59.6,58.5
NUS2052,dT_samples,60,73.22222222
NUS2052,dT_samples,57.9375,58.6875
NUS2052,dT_samples,60.31818182,61.42857143
NUS2052,dT_samples,57.47368421,56.28571429
NUS2052,dT_samples,60.41176471,55.64705882
NUS2052,dT_samples,58,55.2
NUS2052,dT_samples,60.5,56.08333333
NUS2052,dT_samples,61.85714286,62.85714286
NUS2052,dT_samples,64,57.91666667
NUS2052,dT_samples,67.36363636,72.83333333
NUS2052,dT_samples,65.08333333,63.72727273
NUS2052,dT_samples,66.91666667,66.15384615
NUS2052,dT_samples,55.90909091,61.21428571
NUS2052,dT_samples,58.23529412,62.42105263
NUS2052,dT_samples,66.7,67.15789474
NUS2052,dT_samples,63,69
NUS2052,CT_samples,30.5,29.2
NUS2052,CT_samples,35.875,32.2
NUS2052,CT_samples,30.72727273,31
NUS2052,CT_samples,35.45454545,30.5
NUS2052,CT_samples,31.22222222,32
NUS2052,CT_samples,30.36842105,34.42105263
NUS2052,CT_samples,31.58333333,35.39130435
NUS2052,CT_samples,31.8,38.14285714
NUS2052,CT_samples,33.05,43.2173913
NUS2052,CT_samples,32.5,38.66666667
NUS2052,CT_samples,36.57142857,35.8125
NUS2052,CT_samples,31.54545455,35
NUS2052,CT_samples,30.58333333,32.3
NUS2052,CT_samples,31.38461538,31.5
NUS2052,CT_samples,34,37.86666667
NUS2052,CT_samples,34.05555556,35.69230769
NUS2052,CT_samples,34.77777778,35.38888889
NUS2052,CT_samples,37.27272727,35.94444444
NUS2052,CT_samples,39.81818182,41.60869565
NUS2052,CT_samples,40.62962963,41.125
NUS2052,RI_ratio,0.418219339,0.692749573
NUS2052,RI_ratio,0.375968389,0.79247115
NUS2052,RI_ratio,0.503871479,0.775528473
NUS2052,RI_ratio,0.339062981,0.618799196
NUS2052,RI_ratio,0.334872602,0.622988587
NUS2052,RI_ratio,0.396264169,0.748182793
NUS2052,RI_ratio,0.308390912,4.5781308
NUS2052,RI_ratio,0.397331948,0.832591751
NUS2052,RI_ratio,0.431066201,0.672468328
NUS2052,RI_ratio,0.336972033,0.7540927
NUS2052,RI_ratio,0.355219599,0.65370734
NUS2052,RI_ratio,0.359656141,0.677158142
NUS2052,RI_ratio,0.292272147,0.669725783
NUS2052,RI_ratio,0.280122644,0.665384318
NUS2052,RI_ratio,0.320507914,0.674926489
NUS2052,RI_ratio,0.429338219,0.756832138
NUS2052,RI_ratio,0.431649178,0.761079252
NUS2052,RI_ratio,0.33951073,0.58383652
NUS2052,RI_ratio,0.349970107,0.61932322
NUS2052,RI_ratio,0.362284281,0.612882908
NUS2054,PulseWidth_sec,0.829615385,0.828
NUS2054,PulseWidth_sec,0.845681818,0.853913043
NUS2054,PulseWidth_sec,0.87125,0.866666667
NUS2054,PulseWidth_sec,0.93764,0.929333333
NUS2054,PulseWidth_sec,0.9373,0.936666667
NUS2054,PulseWidth_sec,0.973055556,0.974444444
NUS2054,PulseWidth_sec,0.983791667,0.971428571
NUS2054,PulseWidth_sec,0.806037037,0.811851852
NUS2054,PulseWidth_sec,0.7866875,0.792258065
NUS2054,PulseWidth_sec,0.890916667,0.886086957
NUS2054,PulseWidth_sec,0.840066667,0.8675
NUS2054,PulseWidth_sec,0.917074074,0.888
NUS2054,PulseWidth_sec,0.932705882,0.903636364
NUS2054,PulseWidth_sec,0.912681818,0.91
NUS2054,PulseWidth_sec,0.869071429,0.87
NUS2054,PulseWidth_sec,0.853866667,0.850322581
NUS2054,PulseWidth_sec,0.9085,0.888235294
NUS2054,PulseWidth_sec,0.878037037,0.868
NUS2054,PulseWidth_sec,0.849,0.853548387
NUS2054,PulseWidth_sec,0.88905,0.885
NUS2054,CT_sec,0.181772727,0.176923077
NUS2054,CT_sec,0.182833333,0.191
NUS2054,CT_sec,0.180421053,0.181904762
NUS2054,CT_sec,0.1752,0.18
NUS2054,CT_sec,0.181111111,0.185
NUS2054,CT_sec,0.182833333,0.183809524
NUS2054,CT_sec,0.177538462,0.18
NUS2054,CT_sec,0.189875,0.176
NUS2054,CT_sec,0.176695652,0.176666667
NUS2054,CT_sec,0.182666667,0.188461538
NUS2054,CT_sec,0.182,0.191538462
NUS2054,CT_sec,0.17475,0.168333333
NUS2054,CT_sec,0.17462069,0.1776
NUS2054,CT_sec,0.173391304,0.17826087
NUS2054,CT_sec,0.174125,0.174375
NUS2054,CT_sec,0.174,0.179310345
NUS2054,CT_sec,0.175285714,0.182307692
NUS2054,CT_sec,0.18,0.183809524
NUS2054,CT_sec,0.172571429,0.171111111
NUS2054,CT_sec,0.175733333,0.178709677
NUS2054,dT_sec,0.288043478,0.32
NUS2054,dT_sec,0.24825,0.3
NUS2054,dT_sec,0.319576923,0.288461538
NUS2054,dT_sec,0.244882353,0.318461538
NUS2054,dT_sec,0.173241379,0.31
NUS2054,dT_sec,0.262666667,0.34
NUS2054,dT_sec,0.269047619,0.34
NUS2054,dT_sec,0.217,0.321176471
NUS2054,dT_sec,0.323678571,0.301538462
NUS2054,dT_sec,0.220833333,0.3
NUS2054,dT_sec,0.267,0.294545455
NUS2054,dT_sec,0.26188,0.308387097
NUS2054,dT_sec,0.28037037,0.313333333
NUS2054,dT_sec,0.301633333,0.314166667
NUS2054,dT_sec,0.176533333,0.323333333
NUS2054,dT_sec,0.19235,0.315
NUS2054,dT_sec,0.238173913,0.313
NUS2054,dT_sec,0.269521739,0.312
NUS2054,dT_sec,0.314818182,0.318461538
NUS2054,dT_sec,0.20425,0.304285714
NUS2054,dT_samples,43.32258065,58.33333333
NUS2054,dT_samples,38.33333333,75.53333333
NUS2054,dT_samples,42.43478261,61.43478261
NUS2054,dT_samples,35.88888889,61.66666667
NUS2054,dT_samples,70.72413793,67.44444444
NUS2054,dT_samples,30.28571429,65.21428571
NUS2054,dT_samples,41,74.8
NUS2054,dT_samples,55.33333333,77.4
NUS2054,dT_samples,47,73.33333333
NUS2054,dT_samples,54.80952381,72.8
NUS2054,dT_samples,43.37931034,68.8125
NUS2054,dT_samples,74,70.35714286
NUS2054,dT_samples,75.10344828,69.8
NUS2054,dT_samples,72.2,67.57142857
NUS2054,dT_samples,47.33333333,65.28571429
NUS2054,dT_samples,44.9,62.42857143
NUS2054,dT_samples,40.32142857,73.83333333
NUS2054,dT_samples,71.06666667,73
NUS2054,dT_samples,42.3,69.6
NUS2054,dT_samples,54.22222222,71.21052632
NUS2054,CT_samples,39.57142857,37
NUS2054,CT_samples,38.9,36.53846154
NUS2054,CT_samples,37.04761905,37.48
NUS2054,CT_samples,36.6,36.77272727
NUS2054,CT_samples,43.30769231,42.32
NUS2054,CT_samples,41.34482759,38.08333333
NUS2054,CT_samples,42.92307692,39.59090909
NUS2054,CT_samples,40.61538462,40.55555556
NUS2054,CT_samples,39.58333333,39.03846154
NUS2054,CT_samples,42.65217391,41.14285714
NUS2054,CT_samples,34.78947368,33.11764706
NUS2054,CT_samples,37.36363636,35.21428571
NUS2054,CT_samples,33.92,33.66666667
NUS2054,CT_samples,40.63333333,40.06896552
NUS2054,CT_samples,37.42857143,37.70833333
NUS2054,CT_samples,39.03846154,39.10714286
NUS2054,CT_samples,38.5,37.35294118
NUS2054,CT_samples,41.03333333,38.30434783
NUS2054,CT_samples,37.69230769,39.30769231
NUS2054,CT_samples,46.48,53.65217391
NUS2054,RI_ratio,0.730208661,0.681225244
NUS2054,RI_ratio,0.530265416,0.667705173
NUS2054,RI_ratio,0.775072245,0.871855476
NUS2054,RI_ratio,0.68377041,0.840951395
NUS2054,RI_ratio,0.690419671,0.833021074
NUS2054,RI_ratio,0.543646503,0.669146749
NUS2054,RI_ratio,0.719242719,0.747730503
NUS2054,RI_ratio,0.759298344,0.781002832
NUS2054,RI_ratio,0.629634821,0.694014804
NUS2054,RI_ratio,0.68918352,0.782403512
NUS2054,RI_ratio,0.833866711,0.964364862
NUS2054,RI_ratio,0.773631535,0.679717127
NUS2054,RI_ratio,0.428497077,0.643840859
NUS2054,RI_ratio,0.49224944,0.694264383
NUS2054,RI_ratio,0.603570186,0.667018583
NUS2054,RI_ratio,0.635323589,0.714688849
NUS2054,RI_ratio,0.518018301,0.741536343
NUS2054,RI_ratio,0.704957607,0.731402018
NUS2054,RI_ratio,0.610711774,0.742839012
NUS2054,RI_ratio,0.669271864,0.766978101
NUS2055,PulseWidth_sec,0.9938125,0.982222222
NUS2055,PulseWidth_sec,0.971115385,0.9688
NUS2055,PulseWidth_sec,0.935666667,0.94
NUS2055,PulseWidth_sec,0.916391304,0.922222222
NUS2055,PulseWidth_sec,0.9442,0.942666667
NUS2055,PulseWidth_sec,0.927,0.931111111
NUS2055,PulseWidth_sec,0.836655172,0.839166667
NUS2055,PulseWidth_sec,0.926518519,0.923076923
NUS2055,PulseWidth_sec,0.926071429,0.925454545
NUS2055,PulseWidth_sec,1.03004,1.0376
NUS2055,PulseWidth_sec,1.03664,1.04
NUS2055,PulseWidth_sec,1.033352941,1.024210526
NUS2055,PulseWidth_sec,1.014807692,1.027058824
NUS2055,PulseWidth_sec,1.000041667,0.9952
NUS2055,PulseWidth_sec,1.005791667,0.999047619
NUS2055,PulseWidth_sec,1.03396,1.0368
NUS2055,PulseWidth_sec,1.0047,0.995454545
NUS2055,PulseWidth_sec,0.997842105,0.99
NUS2055,PulseWidth_sec,1.003423077,1.009166667
NUS2055,PulseWidth_sec,0.955884615,0.956363636
NUS2055,CT_sec,0.1889,0.216551724
NUS2055,CT_sec,0.187038462,0.198333333
NUS2055,CT_sec,0.18875,0.226153846
NUS2055,CT_sec,0.188714286,0.207142857
NUS2055,CT_sec,0.179333333,0.2
NUS2055,CT_sec,0.186904762,0.205
NUS2055,CT_sec,0.182666667,0.196923077
NUS2055,CT_sec,0.181384615,0.198666667
NUS2055,CT_sec,0.169103448,0.170833333
NUS2055,CT_sec,0.187,0.211
NUS2055,CT_sec,0.186333333,0.236363636
NUS2055,CT_sec,0.184625,0.2208
NUS2055,CT_sec,0.1876,0.22
NUS2055,CT_sec,0.18975,0.228181818
NUS2055,CT_sec,0.19132,0.236
NUS2055,CT_sec,0.192291667,0.241818182
NUS2055,CT_sec,0.194041667,0.2552
NUS2055,CT_sec,0.187807692,0.1984
NUS2055,CT_sec,0.174736842,0.176923077
NUS2055,CT_sec,0.18735,0.223636364
NUS2055,dT_sec,0.337333333,0.281176471
NUS2055,dT_sec,0.324909091,0.264166667
NUS2055,dT_sec,0.312259259,0.271034483
NUS2055,dT_sec,0.329185185,0.306666667
NUS2055,dT_sec,0.354238095,0.304761905
NUS2055,dT_sec,0.344458333,0.304
NUS2055,dT_sec,0.346041667,0.303529412
NUS2055,dT_sec,0.3344,0.2984
NUS2055,dT_sec,0.315555556,0.324347826
NUS2055,dT_sec,0.352857143,0.296666667
NUS2055,dT_sec,0.328769231,0.252
NUS2055,dT_sec,0.33056,0.2608
NUS2055,dT_sec,0.316,0.2825
NUS2055,dT_sec,0.321275862,0.324705882
NUS2055,dT_sec,0.3445,0.34
NUS2055,dT_sec,0.31868,0.2824
NUS2055,dT_sec,0.31636,0.2912
NUS2055,dT_sec,0.31888,0.284
NUS2055,dT_sec,0.324444444,0.316296296
NUS2055,dT_sec,0.313095238,0.306666667
NUS2055,dT_samples,64.0625,57.88888889
NUS2055,dT_samples,62.6,52.52
NUS2055,dT_samples,63.41666667,59.52
NUS2055,dT_samples,75.7826087,64
NUS2055,dT_samples,70.73333333,59.25
NUS2055,dT_samples,64.25,55
NUS2055,dT_samples,65.79166667,52.54166667
NUS2055,dT_samples,67,56.79166667
NUS2055,dT_samples,64.47826087,51.20833333
NUS2055,dT_samples,65.22727273,47.27272727
NUS2055,dT_samples,63.69230769,64.62962963
NUS2055,dT_samples,61.68181818,62.63636364
NUS2055,dT_samples,62.32,57.32
NUS2055,dT_samples,57.0952381,46.59090909
NUS2055,dT_samples,68,51.48148148
NUS2055,dT_samples,60.5,66.88888889
NUS2055,dT_samples,65.4,58.63636364
NUS2055,dT_samples,67.92307692,61.51851852
NUS2055,dT_samples,63.13333333,49.875
NUS2055,dT_samples,64,58.83333333
NUS2055,CT_samples,44.89655172,66.625
NUS2055,CT_samples,39.54545455,42.22727273
NUS2055,CT_samples,39.38888889,43.15789474
NUS2055,CT_samples,37.91666667,41.05882353
NUS2055,CT_samples,38.86956522,41.2
NUS2055,CT_samples,39.4,39.91666667
NUS2055,CT_samples,40.0625,39.35714286
NUS2055,CT_samples,39,43.36363636
NUS2055,CT_samples,37.25,48.2173913
NUS2055,CT_samples,37,43.5
NUS2055,CT_samples,36.79166667,49.56
NUS2055,CT_samples,36.2173913,44.83333333
NUS2055,CT_samples,36.81818182,44.59090909
NUS2055,CT_samples,35.85714286,39.7826087
NUS2055,CT_samples,36.41666667,43.375
NUS2055,CT_samples,35.95833333,45.57692308
NUS2055,CT_samples,36.78571429,45.88
NUS2055,CT_samples,40,45.63636364
NUS2055,CT_samples,43.75862069,53.93103448
NUS2055,CT_samples,41.07692308,47.16
NUS2055,RI_ratio,0.423537046,0.82403956
NUS2055,RI_ratio,0.278993855,0.672295805
NUS2055,RI_ratio,0.291630329,0.664961762
NUS2055,RI_ratio,0.422247397,0.580414292
NUS2055,RI_ratio,0.444251997,0.828330425
NUS2055,RI_ratio,0.361770979,0.767240542
NUS2055,RI_ratio,0.354634224,0.765835876
NUS2055,RI_ratio,0.390184792,0.809845406
NUS2055,RI_ratio,0.376833897,0.765785963
NUS2055,RI_ratio,0.474563261,0.898053744
NUS2055,RI_ratio,0.413026923,0.7844689
NUS2055,RI_ratio,0.395627855,0.803448462
NUS2055,RI_ratio,0.414590567,0.846496107
NUS2055,RI_ratio,0.41166794,0.87420548
NUS2055,RI_ratio,0.445784729,0.839667134
NUS2055,RI_ratio,0.342231812,0.697359567
NUS2055,RI_ratio,0.458724209,0.763589817
NUS2055,RI_ratio,0.428781286,0.7045922
NUS2055,RI_ratio,0.317901359,0.596541006
NUS2055,RI_ratio,0.41218166,0.758738412
NUS2057,PulseWidth_sec,1.107928571,1.06
NUS2057,PulseWidth_sec,1.180428571,1.106666667
NUS2057,PulseWidth_sec,1.04125,1.022222222
NUS2057,PulseWidth_sec,1.125,1
NUS2057,PulseWidth_sec,1.1634,0.92
NUS2057,PulseWidth_sec,1.095555556,1.083333333
NUS2057,PulseWidth_sec,1.090615385,1.04
NUS2057,PulseWidth_sec,1.078555556,1.055
NUS2057,PulseWidth_sec,1.086842105,1.096
NUS2057,PulseWidth_sec,1.101666667,1.086666667
NUS2057,PulseWidth_sec,1.184166667,1.08
NUS2057,PulseWidth_sec,1.1035,1.095
NUS2057,PulseWidth_sec,1.105222222,1.09
NUS2057,PulseWidth_sec,1.0969375,1.077142857
NUS2057,PulseWidth_sec,1.2655,0.81
NUS2057,PulseWidth_sec,1.080428571,1.06
NUS2057,PulseWidth_sec,1.049,0.892941176
NUS2057,PulseWidth_sec,1.2305,1.186666667
NUS2057,PulseWidth_sec,1.11745,1.115
NUS2057,PulseWidth_sec,1.001578947,1.011111111
NUS2057,CT_sec,0.187666667,0.243846154
NUS2057,CT_sec,0.176923077,0.18
NUS2057,CT_sec,0.177263158,0.17
NUS2057,CT_sec,0.1828,0.176
NUS2057,CT_sec,0.1816,0.18
NUS2057,CT_sec,0.176666667,0.18
NUS2057,CT_sec,0.179384615,0.17
NUS2057,CT_sec,0.1764,0.17
NUS2057,CT_sec,0.182315789,0.18
NUS2057,CT_sec,0.181454545,0.1875
NUS2057,CT_sec,0.1784,0.185
NUS2057,CT_sec,0.1832,0.186666667
NUS2057,CT_sec,0.168,0.185714286
NUS2057,CT_sec,0.180333333,0.232
NUS2057,CT_sec,0.168666667,0.181428571
NUS2057,CT_sec,0.184,0.18
NUS2057,CT_sec,0.191764706,0.18
NUS2057,CT_sec,0.1904,0.2
NUS2057,CT_sec,0.189714286,0.23
NUS2057,CT_sec,0.18675,0.2025
NUS2057,dT_sec,0.346461538,0.42
NUS2057,dT_sec,0.345,0.3925
NUS2057,dT_sec,0.344923077,0.36
NUS2057,dT_sec,0.359777778,0.4525
NUS2057,dT_sec,0.354529412,0.52
NUS2057,dT_sec,0.347,0.5
NUS2057,dT_sec,0.351272727,0.456
NUS2057,dT_sec,0.352666667,0.41
NUS2057,dT_sec,0.322,0.315
NUS2057,dT_sec,0.34,0.353333333
NUS2057,dT_sec,0.351666667,0.38
NUS2057,dT_sec,0.365666667,0.4025
NUS2057,dT_sec,0.339555556,0.348333333
NUS2057,dT_sec,0.332,0.327142857
NUS2057,dT_sec,0.32075,0.332857143
NUS2057,dT_sec,0.358153846,0.433333333
NUS2057,dT_sec,0.35255,0.466666667
NUS2057,dT_sec,0.3429375,0.373333333
NUS2057,dT_sec,0.34,0.313333333
NUS2057,dT_sec,0.341882353,0.372
NUS2057,dT_samples,60.7,77.4
NUS2057,dT_samples,57,65.33333333
NUS2057,dT_samples,67.55555556,72.8
NUS2057,dT_samples,69.8125,69
NUS2057,dT_samples,67.16666667,82.66666667
NUS2057,dT_samples,65.31578947,81.8
NUS2057,dT_samples,64.4,81.75
NUS2057,dT_samples,62,69.375
NUS2057,dT_samples,65.07142857,94
NUS2057,dT_samples,75.75,60.5
NUS2057,dT_samples,55,69
NUS2057,dT_samples,55,70.66666667
NUS2057,dT_samples,56.625,64.08333333
NUS2057,dT_samples,55.4,60
NUS2057,dT_samples,58.94117647,87
NUS2057,dT_samples,61.95,80.66666667
NUS2057,dT_samples,56.44444444,58.875
NUS2057,dT_samples,53.75,58.66666667
NUS2057,dT_samples,61.5,73.75
NUS2057,dT_samples,53,65
NUS2057,CT_samples,31.07692308,27.33333333
NUS2057,CT_samples,31.22222222,34
NUS2057,CT_samples,28,39.5
NUS2057,CT_samples,33.28571429,32
NUS2057,CT_samples,32.68421053,31.22222222
NUS2057,CT_samples,31.83333333,31.33333333
NUS2057,CT_samples,31.66666667,31.88888889
NUS2057,CT_samples,28,32.33333333
NUS2057,CT_samples,30.75,31.75
NUS2057,CT_samples,33.2,35
NUS2057,CT_samples,34.76923077,29
NUS2057,CT_samples,30.33333333,40.6
NUS2057,CT_samples,30.5,45.57142857
NUS2057,CT_samples,28,29.66666667
NUS2057,CT_samples,33.5625,42.47619048
NUS2057,CT_samples,32.2,52.1
NUS2057,CT_samples,28.5,30.11111111
NUS2057,CT_samples,31.75,40.77777778
NUS2057,CT_samples,36.41666667,35.41666667
NUS2057,CT_samples,35.47368421,34
NUS2057,RI_ratio,0.569347311,0.862271011
NUS2057,RI_ratio,0.44082587,0.750286763
NUS2057,RI_ratio,0.504155794,0.75904118
NUS2057,RI_ratio,0.352112631,0.644956776
NUS2057,RI_ratio,0.351180598,0.584300211
NUS2057,RI_ratio,0.320817797,0.712289067
NUS2057,RI_ratio,0.357273744,0.791380187
NUS2057,RI_ratio,0.341435956,0.757030642
NUS2057,RI_ratio,0.370341766,0.763507242
NUS2057,RI_ratio,0.372896735,0.693073907
NUS2057,RI_ratio,0.340025045,0.740516174
NUS2057,RI_ratio,0.387781217,0.841193585
NUS2057,RI_ratio,0.377763023,0.803856509
NUS2057,RI_ratio,0.494501818,0.649653086
NUS2057,RI_ratio,0.432089935,0.890118312
NUS2057,RI_ratio,0.560862083,0.935607256
NUS2057,RI_ratio,0.36099026,0.930871739
NUS2057,RI_ratio,0.44734995,0.658422244
NUS2057,RI_ratio,0.490544287,0.820304206
NUS2057,RI_ratio,0.486846164,0.827063672
NUS2059,PulseWidth_sec,1.058714286,1.056
NUS2059,PulseWidth_sec,0.971148148,0.96125
NUS2059,PulseWidth_sec,1.0645,1.069166667
NUS2059,PulseWidth_sec,1.084181818,1.095833333
NUS2059,PulseWidth_sec,1.0621,1.061666667
NUS2059,PulseWidth_sec,1.057333333,1.068181818
NUS2059,PulseWidth_sec,1.0840625,1.09
NUS2059,PulseWidth_sec,1.062181818,1.064285714
NUS2059,PulseWidth_sec,1.0922,1.070909091
NUS2059,PulseWidth_sec,1.0572,1.064347826
NUS2059,PulseWidth_sec,1.062333333,1.109565217
NUS2059,PulseWidth_sec,1.1425,1.132631579
NUS2059,PulseWidth_sec,1.127625,1.11
NUS2059,PulseWidth_sec,1.11875,1.122105263
NUS2059,PulseWidth_sec,1.143761905,1.1525
NUS2059,PulseWidth_sec,1.09373913,1.082608696
NUS2059,PulseWidth_sec,1.116434783,1.11625
NUS2059,PulseWidth_sec,1.16235,1.149090909
NUS2059,PulseWidth_sec,1.1365,1.14
NUS2059,PulseWidth_sec,1.104,1.16
NUS2059,CT_sec,0.232727273,0.344
NUS2059,CT_sec,0.244928571,0.347826087
NUS2059,CT_sec,0.2774,0.347
NUS2059,CT_sec,0.2175,0.333684211
NUS2059,CT_sec,0.290923077,0.315384615
NUS2059,CT_sec,0.284058824,0.32875
NUS2059,CT_sec,0.326434783,0.337142857
NUS2059,CT_sec,0.314294118,0.334
NUS2059,CT_sec,0.316809524,0.343529412
NUS2059,CT_sec,0.325181818,0.324444444
NUS2059,CT_sec,0.322363636,0.335384615
NUS2059,CT_sec,0.313190476,0.316470588
NUS2059,CT_sec,0.306181818,0.313846154
NUS2059,CT_sec,0.324809524,0.334444444
NUS2059,CT_sec,0.308384615,0.32
NUS2059,CT_sec,0.311,0.326666667
NUS2059,CT_sec,0.321421053,0.331428571
NUS2059,CT_sec,0.309409091,0.350769231
NUS2059,CT_sec,0.301285714,0.35
NUS2059,CT_sec,0.3138,0.338181818
NUS2059,dT_sec,0.332695652,0.216923077
NUS2059,dT_sec,0.29208,0.258333333
NUS2059,dT_sec,0.27256,0.246666667
NUS2059,dT_sec,0.279192308,0.2575
NUS2059,dT_sec,0.121833333,0.286666667
NUS2059,dT_sec,0.317666667,0.293913043
NUS2059,dT_sec,0.402,0.275
NUS2059,dT_sec,0.247,0.303157895
NUS2059,dT_sec,0.315142857,0.327272727
NUS2059,dT_sec,0.281,0.278571429
NUS2059,dT_sec,0.166555556,0.34625
NUS2059,dT_sec,0.207166667,0.296666667
NUS2059,dT_sec,0.318238095,0.361333333
NUS2059,dT_sec,0.241809524,0.253846154
NUS2059,dT_sec,0.240043478,0.326315789
NUS2059,dT_sec,0.245619048,0.288571429
NUS2059,dT_sec,0.247952381,0.313333333
NUS2059,dT_sec,0.24772,0.276521739
NUS2059,dT_sec,0.243545455,0.301
NUS2059,dT_sec,0.259866667,0.3175
NUS2059,dT_samples,66.62962963,58.73913043
NUS2059,dT_samples,45.92,45.08
NUS2059,dT_samples,53,53.31578947
NUS2059,dT_samples,36.5,49.85714286
NUS2059,dT_samples,49.5,49.78947368
NUS2059,dT_samples,51,51.45
NUS2059,dT_samples,36.75,48.8125
NUS2059,dT_samples,15,62.46153846
NUS2059,dT_samples,45.9375,50.8125
NUS2059,dT_samples,13.4,53.92857143
NUS2059,dT_samples,44,52.57894737
NUS2059,dT_samples,38.71428571,51.76470588
NUS2059,dT_samples,41.95238095,54.92857143
NUS2059,dT_samples,42,47
NUS2059,dT_samples,43.19047619,55.6
NUS2059,dT_samples,43,51.35714286
NUS2059,dT_samples,43.19047619,49.85714286
NUS2059,dT_samples,48.57692308,49.68181818
NUS2059,dT_samples,43.43478261,48.5
NUS2059,dT_samples,45.95454545,55.8125
NUS2059,CT_samples,46.42307692,62.96153846
NUS2059,CT_samples,45.54545455,47.37037037
NUS2059,CT_samples,52.89655172,68.62068966
NUS2059,CT_samples,51.7037037,58.1875
NUS2059,CT_samples,51.40740741,61.875
NUS2059,CT_samples,50.32,64.44
NUS2059,CT_samples,55.03846154,65.125
NUS2059,CT_samples,40.54545455,62.1
NUS2059,CT_samples,49.11111111,60.15789474
NUS2059,CT_samples,43.09090909,60.21052632
NUS2059,CT_samples,41.77777778,59.95652174
NUS2059,CT_samples,47.3,61.08333333
NUS2059,CT_samples,58.17391304,59.39130435
NUS2059,CT_samples,57.68181818,59.27272727
NUS2059,CT_samples,58.41176471,60.2173913
NUS2059,CT_samples,55.78571429,56.13333333
NUS2059,CT_samples,56.47826087,56.78947368
NUS2059,CT_samples,57.58333333,57.05
NUS2059,CT_samples,61.11538462,62.22222222
NUS2059,CT_samples,51.4375,55.625
NUS2059,RI_ratio,0.58987548,0.822740608
NUS2059,RI_ratio,0.414259559,0.782091805
NUS2059,RI_ratio,2.093736612,0.886615051
NUS2059,RI_ratio,0.555499131,0.767461039
NUS2059,RI_ratio,0.545863053,0.783974254
NUS2059,RI_ratio,87.60416898,0.769907158
NUS2059,RI_ratio,0.653734066,0.788235658
NUS2059,RI_ratio,0.867745508,0.777314241
NUS2059,RI_ratio,9.76378256,0.753707483
NUS2059,RI_ratio,3.955161753,0.790755094
NUS2059,RI_ratio,0.635220077,0.782856966
NUS2059,RI_ratio,0.991560646,0.795922615
NUS2059,RI_ratio,0.662153391,0.869005084
NUS2059,RI_ratio,0.71945177,0.83480042
NUS2059,RI_ratio,0.70247977,0.749747024
NUS2059,RI_ratio,0.735738239,0.76006138
NUS2059,RI_ratio,0.748773578,0.7425182
NUS2059,RI_ratio,0.703349691,0.688940468
NUS2059,RI_ratio,0.652977129,0.731472413
NUS2059,RI_ratio,0.640588379,0.839016862
NUS2060,PulseWidth_sec,1.086166667,1.087368421
NUS2060,PulseWidth_sec,1.0609,1.066363636
NUS2060,PulseWidth_sec,1.046705882,1.0475
NUS2060,PulseWidth_sec,1.005727273,1.007368421
NUS2060,PulseWidth_sec,0.984894737,0.9675
NUS2060,PulseWidth_sec,1.080125,1.088333333
NUS2060,PulseWidth_sec,1.189,1.124444444
NUS2060,PulseWidth_sec,0.981083333,0.993846154
NUS2060,PulseWidth_sec,1.084782609,1.084347826
NUS2060,PulseWidth_sec,1.033833333,1.066
NUS2060,PulseWidth_sec,1.028625,1.0325
NUS2060,PulseWidth_sec,1.036791667,1.041666667
NUS2060,PulseWidth_sec,1.0264,1.020769231
NUS2060,PulseWidth_sec,0.959333333,0.934
NUS2060,PulseWidth_sec,1.034,1.0656
NUS2060,PulseWidth_sec,1.027909091,1.015555556
NUS2060,PulseWidth_sec,0.970185185,0.96
NUS2060,PulseWidth_sec,1.107,1.101333333
NUS2060,PulseWidth_sec,1.072769231,1.0975
NUS2060,PulseWidth_sec,1.119,1.13
NUS2060,CT_sec,0.22026087,0.2
NUS2060,CT_sec,0.220214286,0.205882353
NUS2060,CT_sec,0.22325,0.2375
NUS2060,CT_sec,0.2154,0.2008
NUS2060,CT_sec,0.2255,0.207
NUS2060,CT_sec,0.228235294,0.202105263
NUS2060,CT_sec,0.225470588,0.22
NUS2060,CT_sec,0.22628,0.2104
NUS2060,CT_sec,0.225272727,0.202666667
NUS2060,CT_sec,0.22676,0.21
NUS2060,CT_sec,0.22075,0.2088
NUS2060,CT_sec,0.219157895,0.206666667
NUS2060,CT_sec,0.21624,0.177777778
NUS2060,CT_sec,0.205125,0.178333333
NUS2060,CT_sec,0.211058824,0.186666667
NUS2060,CT_sec,0.233263158,0.237894737
NUS2060,CT_sec,0.245,0.218
NUS2060,CT_sec,0.21,0.19
NUS2060,CT_sec,0.217565217,0.194285714
NUS2060,CT_sec,0.22,0.193333333
NUS2060,dT_sec,0.288538462,0.32
NUS2060,dT_sec,0.303944444,0.2975
NUS2060,dT_sec,0.327208333,0.371428571
NUS2060,dT_sec,0.295357143,0.351428571
NUS2060,dT_sec,0.313958333,0.236153846
NUS2060,dT_sec,0.321538462,0.315
NUS2060,dT_sec,0.334409091,0.3432
NUS2060,dT_sec,0.33447619,0.337142857
NUS2060,dT_sec,0.321166667,0.31625
NUS2060,dT_sec,0.3296,0.312
NUS2060,dT_sec,0.31247619,0.338
NUS2060,dT_sec,0.299684211,0.353333333
NUS2060,dT_sec,0.3098,0.38
NUS2060,dT_sec,0.295166667,0.365714286
NUS2060,dT_sec,0.301947368,0.35
NUS2060,dT_sec,0.2803,0.343333333
NUS2060,dT_sec,0.317217391,0.306
NUS2060,dT_sec,0.3141,0.291428571
NUS2060,dT_sec,0.291166667,0.358095238
NUS2060,dT_sec,0.317826087,0.351428571
NUS2060,dT_samples,60.26315789,69.5
NUS2060,dT_samples,62.25,66.61904762
NUS2060,dT_samples,60.32,40.91304348
NUS2060,dT_samples,59.26086957,55.91304348
NUS2060,dT_samples,61.79166667,62.125
NUS2060,dT_samples,62.54166667,62.56
NUS2060,dT_samples,58,62.08
NUS2060,dT_samples,64.47058824,58.6875
NUS2060,dT_samples,63,63
NUS2060,dT_samples,62.07142857,68.45833333
NUS2060,dT_samples,63.88235294,65.5
NUS2060,dT_samples,60.39130435,64.58333333
NUS2060,dT_samples,59.4375,65.64285714
NUS2060,dT_samples,52.3125,66.5
NUS2060,dT_samples,56.41666667,53.2
NUS2060,dT_samples,59.30434783,97.42105263
NUS2060,dT_samples,58.18181818,117.6
NUS2060,dT_samples,58.30769231,68.22727273
NUS2060,dT_samples,59.26666667,67.04545455
NUS2060,dT_samples,57.2,60.58823529
NUS2060,CT_samples,40.77777778,35.38888889
NUS2060,CT_samples,47.28571429,39.16666667
NUS2060,CT_samples,42.875,39.79166667
NUS2060,CT_samples,43.6875,41.11764706
NUS2060,CT_samples,42.09090909,37.375
NUS2060,CT_samples,46.8,41.35294118
NUS2060,CT_samples,41.58823529,34.75
NUS2060,CT_samples,40.92,34.38095238
NUS2060,CT_samples,40.45454545,33.77777778
NUS2060,CT_samples,38.25,34.33333333
NUS2060,CT_samples,39.38461538,35.25
NUS2060,CT_samples,38.9047619,32.85714286
NUS2060,CT_samples,47.84615385,39.96
NUS2060,CT_samples,41.08333333,36.33333333
NUS2060,CT_samples,38.18181818,55.73684211
NUS2060,CT_samples,39.5,55.28571429
NUS2060,CT_samples,39.27272727,56.3
NUS2060,CT_samples,37.63636364,34.22222222
NUS2060,CT_samples,36,33.25
NUS2060,CT_samples,44.23529412,39.7
NUS2060,RI_ratio,0.524761891,0.568425206
NUS2060,RI_ratio,0.591849835,0.738140665
NUS2060,RI_ratio,0.606882411,0.75750487
NUS2060,RI_ratio,0.536047125,0.699979883
NUS2060,RI_ratio,0.559097119,0.684172592
NUS2060,RI_ratio,0.655171294,0.691731123
NUS2060,RI_ratio,0.533672071,0.843992042
NUS2060,RI_ratio,0.517756229,0.717148783
NUS2060,RI_ratio,0.509407476,0.645271628
NUS2060,RI_ratio,0.479321322,0.613057353
NUS2060,RI_ratio,0.485076516,0.621060394
NUS2060,RI_ratio,0.600721084,0.582238522
NUS2060,RI_ratio,0.468889066,0.534064532
NUS2060,RI_ratio,0.516300492,0.585082301
NUS2060,RI_ratio,0.460720515,0.559589742
NUS2060,RI_ratio,0.468705475,0.52408344
NUS2060,RI_ratio,0.470175475,0.550315267
NUS2060,RI_ratio,0.683007169,0.66980219
NUS2060,RI_ratio,0.636582947,0.820157257
NUS2060,RI_ratio,0.602599169,0.693433277
NUS2061,PulseWidth_sec,1.100526316,1.085217391
NUS2061,PulseWidth_sec,1.018722222,1.010434783
NUS2061,PulseWidth_sec,1.038555556,1.0536
NUS2061,PulseWidth_sec,1.137944444,1.137142857
NUS2061,PulseWidth_sec,1.125052632,1.119
NUS2061,PulseWidth_sec,1.140227273,1.138181818
NUS2061,PulseWidth_sec,1.018529412,1.0432
NUS2061,PulseWidth_sec,0.856521739,0.864444444
NUS2061,PulseWidth_sec,1.086,1.089090909
NUS2061,PulseWidth_sec,1.122571429,1.119090909
NUS2061,PulseWidth_sec,1.092315789,1.103157895
NUS2061,PulseWidth_sec,1.084904762,1.095454545
NUS2061,PulseWidth_sec,1.00126087,1.006363636
NUS2061,PulseWidth_sec,1.090941176,1.1025
NUS2061,PulseWidth_sec,1.089375,1.11
NUS2061,PulseWidth_sec,1.130863636,1.121904762
NUS2061,PulseWidth_sec,0.931117647,0.9275
NUS2061,PulseWidth_sec,1.171588235,1.18
NUS2061,PulseWidth_sec,1.240666667,1.14
NUS2061,PulseWidth_sec,1.199058824,1.155
NUS2061,CT_sec,0.227833333,0.297333333
NUS2061,CT_sec,0.211380952,0.26
NUS2061,CT_sec,0.254,0.3128
NUS2061,CT_sec,0.205666667,0.308
NUS2061,CT_sec,0.24,0.305333333
NUS2061,CT_sec,0.217090909,0.265217391
NUS2061,CT_sec,0.218052632,0.287
NUS2061,CT_sec,0.2274,0.276842105
NUS2061,CT_sec,0.224043478,0.275833333
NUS2061,CT_sec,0.211473684,0.310526316
NUS2061,CT_sec,0.203666667,0.311
NUS2061,CT_sec,0.1985,0.27
NUS2061,CT_sec,0.189166667,0.264444444
NUS2061,CT_sec,0.20156,0.2848
NUS2061,CT_sec,0.199238095,0.249230769
NUS2061,CT_sec,0.198,0.295789474
NUS2061,CT_sec,0.2230625,0.286
NUS2061,CT_sec,0.236884615,0.292592593
NUS2061,CT_sec,0.212263158,0.343636364
NUS2061,CT_sec,0.197111111,0.2832
NUS2061,dT_sec,0.32248,0.28
NUS2061,dT_sec,0.272888889,0.249166667
NUS2061,dT_sec,0.3265625,0.3
NUS2061,dT_sec,0.3281,0.276363636
NUS2061,dT_sec,0.327789474,0.28
NUS2061,dT_sec,0.3285,0.284166667
NUS2061,dT_sec,0.331777778,0.283478261
NUS2061,dT_sec,0.338666667,0.292727273
NUS2061,dT_sec,0.316681818,0.271818182
NUS2061,dT_sec,0.292764706,0.2968
NUS2061,dT_sec,0.31475,0.231538462
NUS2061,dT_sec,0.326318182,0.31
NUS2061,dT_sec,0.155,0.285217391
NUS2061,dT_sec,0.316307692,0.243478261
NUS2061,dT_sec,0.24575,0.2825
NUS2061,dT_sec,0.269666667,0.242
NUS2061,dT_sec,0.3362,0.271818182
NUS2061,dT_sec,0.125,0.244761905
NUS2061,dT_sec,0.32345,0.275454545
NUS2061,dT_sec,0.301,0.314
NUS2061,dT_samples,60.59090909,54.60869565
NUS2061,dT_samples,47.5,58.39130435
NUS2061,dT_samples,61.40909091,55.73913043
NUS2061,dT_samples,59.5,49.43478261
NUS2061,dT_samples,56.27272727,43.125
NUS2061,dT_samples,55.26315789,58.13043478
NUS2061,dT_samples,57.2,37.86363636
NUS2061,dT_samples,56.61904762,48.4
NUS2061,dT_samples,59.27272727,52.4
NUS2061,dT_samples,47.33333333,50.66666667
NUS2061,dT_samples,29.25,56.25
NUS2061,dT_samples,46.6,52.69565217
NUS2061,dT_samples,67.27586207,52.18518519
NUS2061,dT_samples,68.60714286,60.43478261
NUS2061,dT_samples,55.77777778,43.18181818
NUS2061,dT_samples,60.84615385,55.30434783
NUS2061,dT_samples,53.25,54.4375
NUS2061,dT_samples,57.10526316,42.30434783
NUS2061,dT_samples,56.89473684,54.15789474
NUS2061,dT_samples,34.92857143,52.66666667
NUS2061,CT_samples,46.25806452,49.03225806
NUS2061,CT_samples,46.38888889,50.45
NUS2061,CT_samples,36.81818182,49
NUS2061,CT_samples,39.33333333,48.30434783
NUS2061,CT_samples,38.57142857,50.95652174
NUS2061,CT_samples,35.2,49.73913043
NUS2061,CT_samples,39.57894737,50.36842105
NUS2061,CT_samples,38.33333333,56.18181818
NUS2061,CT_samples,38.36363636,55.41666667
NUS2061,CT_samples,39.92,49.86363636
NUS2061,CT_samples,40,50.96296296
NUS2061,CT_samples,38.18181818,50.79166667
NUS2061,CT_samples,34.16666667,55.58333333
NUS2061,CT_samples,36.54545455,52.78947368
NUS2061,CT_samples,35.53333333,49.52380952
NUS2061,CT_samples,43.26315789,51.65217391
NUS2061,CT_samples,40.125,51.375
NUS2061,CT_samples,39.36,52.86363636
NUS2061,CT_samples,41.76923077,58.38095238
NUS2061,CT_samples,34.8,57.33333333
NUS2061,RI_ratio,0.586285354,0.761451866
NUS2061,RI_ratio,0.616821502,0.923258413
NUS2061,RI_ratio,0.588281303,0.899183273
NUS2061,RI_ratio,0.564765592,0.816331542
NUS2061,RI_ratio,0.57790499,0.868910625
NUS2061,RI_ratio,0.6309418,0.862017045
NUS2061,RI_ratio,0.597579163,0.879448163
NUS2061,RI_ratio,0.596227922,0.847698917
NUS2061,RI_ratio,0.594021017,0.854572999
NUS2061,RI_ratio,0.614242898,0.898047663
NUS2061,RI_ratio,0.669058358,0.92184447
NUS2061,RI_ratio,0.631332333,0.882471669
NUS2061,RI_ratio,0.566584816,0.849479418
NUS2061,RI_ratio,0.540158613,0.813127918
NUS2061,RI_ratio,0.588400231,0.833965295
NUS2061,RI_ratio,0.593813997,0.888688512
NUS2061,RI_ratio,0.642776439,0.851136097
NUS2061,RI_ratio,0.620907432,0.856444927
NUS2061,RI_ratio,0.613394235,0.921469949
NUS2061,RI_ratio,0.650999618,0.927945547
NUS2062,PulseWidth_sec,1.1545,1.088888889
NUS2062,PulseWidth_sec,0.985941176,0.987272727
NUS2062,PulseWidth_sec,1.070695652,1.063
NUS2062,PulseWidth_sec,1.154333333,1.133684211
NUS2062,PulseWidth_sec,1.2282,1.186666667
NUS2062,PulseWidth_sec,1.137736842,1.110588235
NUS2062,PulseWidth_sec,1.145916667,1.12
NUS2062,PulseWidth_sec,1.046684211,1.02
NUS2062,PulseWidth_sec,1.03315,1.01
NUS2062,PulseWidth_sec,1.161,1.03
NUS2062,PulseWidth_sec,1.195,1.04
NUS2062,PulseWidth_sec,0.9698125,0.954
NUS2062,PulseWidth_sec,1.126333333,0.97
NUS2062,PulseWidth_sec,0.908,0.873076923
NUS2062,PulseWidth_sec,1.103,1.04
NUS2062,PulseWidth_sec,1.133,1.025
NUS2062,PulseWidth_sec,1.120375,1.08625
NUS2062,PulseWidth_sec,1.109888889,1.095789474
NUS2062,PulseWidth_sec,1.0155,0.933333333
NUS2062,PulseWidth_sec,1.206727273,1.181538462
NUS2062,CT_sec,0.182,0.2025
NUS2062,CT_sec,0.194388889,0.203529412
NUS2062,CT_sec,0.1988,0.212727273
NUS2062,CT_sec,0.185941176,0.198333333
NUS2062,CT_sec,0.203,0.202857143
NUS2062,CT_sec,7.411878909,0.204545455
NUS2062,CT_sec,0.18,0.235
NUS2062,CT_sec,0.186,0.25
NUS2062,CT_sec,0.178444444,0.191538462
NUS2062,CT_sec,0.173,0.176
NUS2062,CT_sec,0.171692308,0.18
NUS2062,CT_sec,0.184,0.177142857
NUS2062,CT_sec,0.074,0.18
NUS2062,CT_sec,0.199307692,0.2675
NUS2062,CT_sec,0.181571429,0.198181818
NUS2062,CT_sec,0.187666667,0.19
NUS2062,CT_sec,0.191333333,0.198461538
NUS2062,CT_sec,0.187,0.209090909
NUS2062,CT_sec,0.189,0.19
NUS2062,CT_sec,0.168,0.182
NUS2062,dT_sec,0.363,0.343636364
NUS2062,dT_sec,0.3515,0.338
NUS2062,dT_sec,0.348,0.48
NUS2062,dT_sec,0.348,0.35
NUS2062,dT_sec,0.337333333,0.36
NUS2062,dT_sec,0.343142857,0.297272727
NUS2062,dT_sec,0.330642857,0.39
NUS2062,dT_sec,0.338,0.305217391
NUS2062,dT_sec,0.3427,0.29
NUS2062,dT_sec,0.349,0.376
NUS2062,dT_sec,0.345571429,0.314444444
NUS2062,dT_sec,0.347333333,0.363333333
NUS2062,dT_sec,0.361875,0.384
NUS2062,dT_sec,0.353416667,0.370526316
NUS2062,dT_sec,0.354588235,0.38
NUS2062,dT_sec,0.359692308,0.375294118
NUS2062,dT_sec,0.3733125,0.385
NUS2062,dT_sec,0.3658,0.36
NUS2062,dT_sec,0.36873913,0.347826087
NUS2062,dT_sec,0.379705882,0.39
NUS2062,dT_samples,61.5,65
NUS2062,dT_samples,62.5,56.64285714
NUS2062,dT_samples,65.2,75.75
NUS2062,dT_samples,54.66666667,68.33333333
NUS2062,dT_samples,67.85714286,57.36363636
NUS2062,dT_samples,58.33333333,71.21428571
NUS2062,dT_samples,69,68.09090909
NUS2062,dT_samples,64.75,65.27272727
NUS2062,dT_samples,62.23529412,65.5
NUS2062,dT_samples,70.11764706,70.8
NUS2062,dT_samples,68.6,67.92307692
NUS2062,dT_samples,72.6,72.30769231
NUS2062,dT_samples,63.4,62
NUS2062,dT_samples,63.8,70.6
NUS2062,dT_samples,61.65,65.82352941
NUS2062,dT_samples,60.35714286,67.66666667
NUS2062,dT_samples,61,66.88888889
NUS2062,dT_samples,62.46153846,63.69230769
NUS2062,dT_samples,63,68.58823529
NUS2062,dT_samples,54,66.625
NUS2062,CT_samples,42.85714286,39.45454545
NUS2062,CT_samples,33.6,34.11111111
NUS2062,CT_samples,34.2,37.125
NUS2062,CT_samples,33.06666667,37.5
NUS2062,CT_samples,35.69230769,30.33333333
NUS2062,CT_samples,37.71428571,37
NUS2062,CT_samples,29.8,44.47368421
NUS2062,CT_samples,36.69230769,46
NUS2062,CT_samples,37.92857143,42.85714286
NUS2062,CT_samples,38,43.45454545
NUS2062,CT_samples,32.4,30
NUS2062,CT_samples,38.07692308,38.5
NUS2062,CT_samples,30.5,32.33333333
NUS2062,CT_samples,33.41176471,31.63636364
NUS2062,CT_samples,34.90909091,38.11111111
NUS2062,CT_samples,35.41666667,36.83333333
NUS2062,CT_samples,34.58823529,43.625
NUS2062,CT_samples,30.75,39.375
NUS2062,CT_samples,31.6,37.5
NUS2062,CT_samples,31.72727273,31.875
NUS2062,RI_ratio,0.434332636,0.810125728
NUS2062,RI_ratio,0.36149002,0.596702578
NUS2062,RI_ratio,0.365284019,1.136016062
NUS2062,RI_ratio,0.37088399,0.666641334
NUS2062,RI_ratio,0.371216543,0.818203371
NUS2062,RI_ratio,0.425702455,0.569243551
NUS2062,RI_ratio,0.859294481,0.531333658
NUS2062,RI_ratio,0.536090233,0.633319643
NUS2062,RI_ratio,0.456000131,0.482242629
NUS2062,RI_ratio,0.454059757,0.822614362
NUS2062,RI_ratio,0.383768493,0.845403811
NUS2062,RI_ratio,0.421256726,0.732252847
NUS2062,RI_ratio,0.327511248,0.80905018
NUS2062,RI_ratio,0.296828091,0.850407338
NUS2062,RI_ratio,0.350818039,0.646807401
NUS2062,RI_ratio,0.400778827,0.788640758
NUS2062,RI_ratio,0.372015877,0.623058693
NUS2062,RI_ratio,0.338205969,0.801326757
NUS2062,RI_ratio,0.447439951,0.668539135
NUS2062,RI_ratio,0.302818326,0.803629991
NUS2063,PulseWidth_sec,1.0034,0.9896
NUS2063,PulseWidth_sec,0.98,0.846923077
NUS2063,PulseWidth_sec,0.7281875,0.725454545
NUS2063,PulseWidth_sec,1.002923077,0.955294118
NUS2063,PulseWidth_sec,0.992818182,0.969230769
NUS2063,PulseWidth_sec,1.001041667,0.98875
NUS2063,PulseWidth_sec,0.895666667,0.897333333
NUS2063,PulseWidth_sec,0.948038462,0.913913043
NUS2063,PulseWidth_sec,1.02356,1.014545455
NUS2063,PulseWidth_sec,0.987807692,0.995
NUS2063,PulseWidth_sec,0.990705882,0.96
NUS2063,PulseWidth_sec,0.913818182,0.948333333
NUS2063,PulseWidth_sec,0.990222222,0.993684211
NUS2063,PulseWidth_sec,0.98908,0.992
NUS2063,PulseWidth_sec,0.96825,1
NUS2063,PulseWidth_sec,1.019555556,0.937272727
NUS2063,PulseWidth_sec,1.009090909,1.015
NUS2063,PulseWidth_sec,1.043,0.97
NUS2063,PulseWidth_sec,0.8094,0.8056
NUS2063,PulseWidth_sec,0.811344828,0.825
NUS2063,CT_sec,0.183666667,0.184
NUS2063,CT_sec,0.1808,0.185714286
NUS2063,CT_sec,0.185212121,0.1776
NUS2063,CT_sec,0.192,0.188888889
NUS2063,CT_sec,0.1898,0.193076923
NUS2063,CT_sec,0.186916667,0.18
NUS2063,CT_sec,0.192615385,0.183333333
NUS2063,CT_sec,0.187095238,0.181428571
NUS2063,CT_sec,0.188423077,0.181666667
NUS2063,CT_sec,0.189333333,0.190769231
NUS2063,CT_sec,0.187904762,0.190833333
NUS2063,CT_sec,0.190375,0.187777778
NUS2063,CT_sec,0.1846,0.18
NUS2063,CT_sec,0.186428571,0.1888
NUS2063,CT_sec,0.188,0.178666667
NUS2063,CT_sec,0.1875,0.174117647
NUS2063,CT_sec,0.19056,0.185454545
NUS2063,CT_sec,0.1895,0.185263158
NUS2063,CT_sec,0.183625,0.18875
NUS2063,CT_sec,0.184153846,0.184166667
NUS2063,dT_sec,0.164458333,0.310769231
NUS2063,dT_sec,0.23,0.33
NUS2063,dT_sec,0.315416667,0.299230769
NUS2063,dT_sec,0.280272727,0.34
NUS2063,dT_sec,0.330083333,0.308695652
NUS2063,dT_sec,0.317217391,0.352857143
NUS2063,dT_sec,0.363928571,0.353333333
NUS2063,dT_sec,0.362,0.356
NUS2063,dT_sec,0.281882353,0.32875
NUS2063,dT_sec,0.317291667,0.333684211
NUS2063,dT_sec,0.320038462,0.338666667
NUS2063,dT_sec,0.314035714,0.32
NUS2063,dT_sec,0.338166667,0.34375
NUS2063,dT_sec,0.263851852,0.32
NUS2063,dT_sec,0.207230769,0.34
NUS2063,dT_sec,0.31885,0.34
NUS2063,dT_sec,0.328,0.335
NUS2063,dT_sec,0.305333333,0.3525
NUS2063,dT_sec,0.300588235,0.294545455
NUS2063,dT_sec,0.3215,0.304285714
NUS2063,dT_samples,55.45454545,69.57142857
NUS2063,dT_samples,51.44444444,77.7
NUS2063,dT_samples,68.7,67
NUS2063,dT_samples,68.41666667,66.88888889
NUS2063,dT_samples,64.04166667,62.66666667
NUS2063,dT_samples,49.26666667,71.76923077
NUS2063,dT_samples,67.875,47.84615385
NUS2063,dT_samples,47.85,74.6
NUS2063,dT_samples,64.55555556,67.61538462
NUS2063,dT_samples,60.47058824,65.5
NUS2063,dT_samples,65.35294118,63
NUS2063,dT_samples,63.55555556,62.35
NUS2063,dT_samples,68.85714286,70.83333333
NUS2063,dT_samples,59.14285714,42.96153846
NUS2063,dT_samples,55,84
NUS2063,dT_samples,57.75,70.25
NUS2063,dT_samples,67.76,63.22727273
NUS2063,dT_samples,63.47619048,68.11764706
NUS2063,dT_samples,63.30434783,70.08333333
NUS2063,dT_samples,64.14814815,71.28571429
NUS2063,CT_samples,40.91666667,44.61538462
NUS2063,CT_samples,38.63636364,39.90909091
NUS2063,CT_samples,33.36842105,32.8
NUS2063,CT_samples,34.72222222,35.5
NUS2063,CT_samples,36.92,33.06666667
NUS2063,CT_samples,39.96428571,42.33333333
NUS2063,CT_samples,42.27586207,46.81481481
NUS2063,CT_samples,37,31.5
NUS2063,CT_samples,36.88,34
NUS2063,CT_samples,37.05882353,35.28571429
NUS2063,CT_samples,37.03846154,9.585377767
NUS2063,CT_samples,37.72222222,37.8
NUS2063,CT_samples,38.59090909,36.52380952
NUS2063,CT_samples,37.5,54.13636364
NUS2063,CT_samples,32,40.05263158
NUS2063,CT_samples,41.85714286,36.6
NUS2063,CT_samples,37.76190476,34.85
NUS2063,CT_samples,38.45833333,36.21052632
NUS2063,CT_samples,37.06666667,35.05263158
NUS2063,CT_samples,47.28571429,43.38709677
NUS2063,RI_ratio,0.808471439,0.658972247
NUS2063,RI_ratio,0.333646589,0.633168205
NUS2063,RI_ratio,0.520705109,0.630159373
NUS2063,RI_ratio,0.369831425,0.589203889
NUS2063,RI_ratio,0.327312337,0.599495897
NUS2063,RI_ratio,0.374492416,0.678483161
NUS2063,RI_ratio,0.667455239,0.762212889
NUS2063,RI_ratio,0.781364761,0.852495017
NUS2063,RI_ratio,0.519169525,0.4470262
NUS2063,RI_ratio,0.466408902,0.45156167
NUS2063,RI_ratio,0.465955568,0.532109949
NUS2063,RI_ratio,0.509693236,0.558916304
NUS2063,RI_ratio,0.506444138,0.580217831
NUS2063,RI_ratio,0.46515335,0.544611644
NUS2063,RI_ratio,0.449244588,2.558411156
NUS2063,RI_ratio,0.427084258,9.585377767
NUS2063,RI_ratio,0.476233144,3.50129313
NUS2063,RI_ratio,0.442260675,0.422488133
NUS2063,RI_ratio,0.415748335,0.472340578
NUS2063,RI_ratio,0.494372126,0.704554015
NUS2065,PulseWidth_sec,0.917227273,16.60047936
NUS2065,PulseWidth_sec,1.012,0.985333333
NUS2065,PulseWidth_sec,1.1228,1.050769231
NUS2065,PulseWidth_sec,0.938521739,0.932
NUS2065,PulseWidth_sec,1.0265,1.006666667
NUS2065,PulseWidth_sec,1.092782609,1.14
NUS2065,PulseWidth_sec,1.217444444,1.13
NUS2065,PulseWidth_sec,1.293,1.015
NUS2065,PulseWidth_sec,1.28,1.18
NUS2065,PulseWidth_sec,1.215214286,1.104
NUS2065,PulseWidth_sec,1.212,1.056363636
NUS2065,PulseWidth_sec,1.117333333,0.844
NUS2065,PulseWidth_sec,0.892875,0.9
NUS2065,PulseWidth_sec,0.8865,0.88
NUS2065,PulseWidth_sec,1.009266667,0.986666667
NUS2065,PulseWidth_sec,1.183909091,1.138333333
NUS2065,PulseWidth_sec,1.174368421,1.139047619
NUS2065,PulseWidth_sec,1.146157895,1.138823529
NUS2065,PulseWidth_sec,1.042,1.016923077
NUS2065,PulseWidth_sec,1.389333333,1.332
NUS2065,CT_sec,0.2264,0.18
NUS2065,CT_sec,0.196909091,0.24
NUS2065,CT_sec,0.209,0.18
NUS2065,CT_sec,0.20775,0.302727273
NUS2065,CT_sec,0.200130435,0.186
NUS2065,CT_sec,0.198833333,0.187272727
NUS2065,CT_sec,0.2266,0.326315789
NUS2065,CT_sec,0.195727273,0.394117647
NUS2065,CT_sec,0.200333333,0.213333333
NUS2065,CT_sec,0.200777778,0.216666667
NUS2065,CT_sec,0.197357143,0.208
NUS2065,CT_sec,0.1958,0.221818182
NUS2065,CT_sec,0.202,0.236363636
NUS2065,CT_sec,0.1932,0.302857143
NUS2065,CT_sec,0.205230769,0.28
NUS2065,CT_sec,0.168,9.144332286
NUS2065,CT_sec,0.201,0.22
NUS2065,CT_sec,0.180208333,0.14
NUS2065,CT_sec,0.1948125,0.286363636
NUS2065,CT_sec,0.203666667,0.2025
NUS2065,dT_sec,0.277266667,0.294285714
NUS2065,dT_sec,0.290142857,16.60047936
NUS2065,dT_sec,0.2528,0.270909091
NUS2065,dT_sec,0.287666667,0.275
NUS2065,dT_sec,0.259363636,0.31
NUS2065,dT_sec,0.291,0.215
NUS2065,dT_sec,0.279,0.248235294
NUS2065,dT_sec,0.2771,0.273333333
NUS2065,dT_sec,0.315642857,8.478087783
NUS2065,dT_sec,0.179333333,0.318571429
NUS2065,dT_sec,0.1728,0.335
NUS2065,dT_sec,0.2476,0.310909091
NUS2065,dT_sec,0.2452,0.202857143
NUS2065,dT_sec,0.27675,0.313333333
NUS2065,dT_sec,0.18625,0.193636364
NUS2065,dT_sec,0.1208,0.246153846
NUS2065,dT_sec,0.18375,0.184
NUS2065,dT_sec,0.288733333,0.282352941
NUS2065,dT_sec,0.304666667,0.305
NUS2065,dT_sec,0.283142857,0.306666667
NUS2065,dT_samples,64.53333333,69.14285714
NUS2065,dT_samples,59.14285714,16.60047936
NUS2065,dT_samples,60.45833333,57.47058824
NUS2065,dT_samples,57.4,50.17647059
NUS2065,dT_samples,45.75,53.33333333
NUS2065,dT_samples,49.8,61.625
NUS2065,dT_samples,41.47058824,50.11111111
NUS2065,dT_samples,55.2173913,60
NUS2065,dT_samples,57.20833333,7.947226506
NUS2065,dT_samples,55.66666667,60.16666667
NUS2065,dT_samples,61.25,68
NUS2065,dT_samples,58.875,62
NUS2065,dT_samples,38.10526316,61
NUS2065,dT_samples,32.75,36.36363636
NUS2065,dT_samples,41.05882353,44.57142857
NUS2065,dT_samples,48.2,47.41176471
NUS2065,dT_samples,53.0625,57.75
NUS2065,dT_samples,43,64.57142857
NUS2065,dT_samples,46.66666667,58.8
NUS2065,dT_samples,51.33333333,63.92307692
NUS2065,CT_samples,34.6,31.42857143
NUS2065,CT_samples,39.4,45
NUS2065,CT_samples,36.125,50.90909091
NUS2065,CT_samples,34.19047619,32.91666667
NUS2065,CT_samples,37.41666667,33.59090909
NUS2065,CT_samples,42.4375,48.05882353
NUS2065,CT_samples,39.6,44.33333333
NUS2065,CT_samples,36.375,35
NUS2065,CT_samples,35.5,54.78571429
NUS2065,CT_samples,38,9.144332286
NUS2065,CT_samples,32.375,29
NUS2065,CT_samples,40.125,29.5
NUS2065,CT_samples,37.25,34
NUS2065,CT_samples,36,31.75
NUS2065,CT_samples,37.5,53.14285714
NUS2065,CT_samples,36.72727273,48.5
NUS2065,CT_samples,29.83333333,40.125
NUS2065,CT_samples,30,40.57142857
NUS2065,CT_samples,31.33333333,39
NUS2065,CT_samples,38.66666667,32.69230769
NUS2065,RI_ratio,0.658633793,0.777443247
NUS2065,RI_ratio,0.524479376,0.649327538
NUS2065,RI_ratio,0.749668282,0.845835896
NUS2065,RI_ratio,0.674117355,0.890975919
NUS2065,RI_ratio,0.778011521,1.061101129
NUS2065,RI_ratio,0.668498978,0.863148068
NUS2065,RI_ratio,0.802878302,0.910176422
NUS2065,RI_ratio,0.689020758,0.369541764
NUS2065,RI_ratio,0.654277354,0.153271959
NUS2065,RI_ratio,0.709430563,2.404331539
NUS2065,RI_ratio,0.5884499,0.750403021
NUS2065,RI_ratio,0.518885909,0.637719134
NUS2065,RI_ratio,0.712145594,0.781749145
NUS2065,RI_ratio,0.727406374,0.48014931
NUS2065,RI_ratio,0.698826373,0.790431924
NUS2065,RI_ratio,0.76216454,0.900492313
NUS2065,RI_ratio,0.850152413,0.838383278
NUS2065,RI_ratio,0.599662931,0.65938162
NUS2065,RI_ratio,0.592435341,0.938564589
NUS2065,RI_ratio,0.740112901,0.737400463
NUS2067,PulseWidth_sec,0.816928571,0.808
NUS2067,PulseWidth_sec,0.85488,0.834117647
NUS2067,PulseWidth_sec,0.877333333,0.80875
NUS2067,PulseWidth_sec,0.851615385,0.892307692
NUS2067,PulseWidth_sec,0.802545455,0.801666667
NUS2067,PulseWidth_sec,0.78225,0.782857143
NUS2067,PulseWidth_sec,0.786103448,0.792592593
NUS2067,PulseWidth_sec,0.842909091,0.8376
NUS2067,PulseWidth_sec,0.711322581,0.717419355
NUS2067,PulseWidth_sec,0.7514,0.755151515
NUS2067,PulseWidth_sec,0.710842105,0.707027027
NUS2067,PulseWidth_sec,0.722111111,0.713125
NUS2067,PulseWidth_sec,0.718973684,0.717297297
NUS2067,PulseWidth_sec,0.737378378,0.738888889
NUS2067,PulseWidth_sec,0.760611111,0.765625
NUS2067,PulseWidth_sec,0.743555556,0.742758621
NUS2067,PulseWidth_sec,0.845,0.847
NUS2067,PulseWidth_sec,0.8585,0.8624
NUS2067,PulseWidth_sec,0.863933333,0.8616
NUS2067,PulseWidth_sec,0.88984,0.897894737
NUS2067,CT_sec,0.186125,0.36
NUS2067,CT_sec,0.186923077,0.325
NUS2067,CT_sec,0.185181818,0.2408
NUS2067,CT_sec,0.163352941,0.254285714
NUS2067,CT_sec,0.198967742,0.198333333
NUS2067,CT_sec,0.194096774,0.192903226
NUS2067,CT_sec,0.1956,0.19862069
NUS2067,CT_sec,0.214925926,0.222307692
NUS2067,CT_sec,0.215964286,0.212592593
NUS2067,CT_sec,0.2058125,0.224516129
NUS2067,CT_sec,0.206366667,0.188461538
NUS2067,CT_sec,0.191512821,0.2345
NUS2067,CT_sec,0.201612903,0.222105263
NUS2067,CT_sec,0.199407407,0.228125
NUS2067,CT_sec,0.191833333,0.225454545
NUS2067,CT_sec,0.193810811,0.213333333
NUS2067,CT_sec,0.213774194,0.251538462
NUS2067,CT_sec,0.206459459,0.24
NUS2067,CT_sec,0.187911765,0.193142857
NUS2067,CT_sec,0.20012,0.2312
NUS2067,dT_sec,0.303551724,10.45498769
NUS2067,dT_sec,0.294,0.27862069
NUS2067,dT_sec,0.271594595,0.29
NUS2067,dT_sec,0.273318182,0.222631579
NUS2067,dT_sec,0.275736842,0.225714286
NUS2067,dT_sec,0.27175,0.235789474
NUS2067,dT_sec,0.26890625,0.210857143
NUS2067,dT_sec,0.2571,0.228333333
NUS2067,dT_sec,0.27432,0.260571429
NUS2067,dT_sec,0.283214286,0.260625
NUS2067,dT_sec,0.253444444,0.278125
NUS2067,dT_sec,0.3022,0.294117647
NUS2067,dT_sec,0.3128,0.271034483
NUS2067,dT_sec,0.274785714,0.26
NUS2067,dT_sec,0.282967742,0.227647059
NUS2067,dT_sec,0.2602,0.2616
NUS2067,dT_sec,0.261666667,0.251333333
NUS2067,dT_sec,0.272608696,0.23
NUS2067,dT_sec,0.282103448,0.228965517
NUS2067,dT_sec,0.262333333,0.2352
NUS2067,dT_samples,42.82352941,52
NUS2067,dT_samples,53,49.66666667
NUS2067,dT_samples,44.75,53
NUS2067,dT_samples,49,42.11111111
NUS2067,dT_samples,67.63636364,52
NUS2067,dT_samples,47.66666667,48.25
NUS2067,dT_samples,63.28571429,55.29411765
NUS2067,dT_samples,74.33333333,78.6875
NUS2067,dT_samples,55.53846154,64.08333333
NUS2067,dT_samples,69.92592593,68
NUS2067,dT_samples,75.16666667,59.35135135
NUS2067,dT_samples,68.125,66.94117647
NUS2067,dT_samples,81.6,64.41025641
NUS2067,dT_samples,76.1,65.21052632
NUS2067,dT_samples,78.14814815,57.70967742
NUS2067,dT_samples,76.35294118,64.71052632
NUS2067,dT_samples,73.9,63.11111111
NUS2067,dT_samples,76.24324324,70.42857143
NUS2067,dT_samples,80.76923077,75.15384615
NUS2067,dT_samples,70.03030303,52.1875
NUS2067,CT_samples,45.46153846,72.25
NUS2067,CT_samples,48.48484848,61
NUS2067,CT_samples,34.33333333,54.5
NUS2067,CT_samples,39.88235294,52.4
NUS2067,CT_samples,52.21875,62.96875
NUS2067,CT_samples,48.27272727,45.95833333
NUS2067,CT_samples,52.61764706,55.41176471
NUS2067,CT_samples,55.89473684,64.78947368
NUS2067,CT_samples,54.24324324,63.94285714
NUS2067,CT_samples,54.86842105,65.10526316
NUS2067,CT_samples,51.5,52.90625
NUS2067,CT_samples,51.97435897,51.94871795
NUS2067,CT_samples,58.02777778,65.80555556
NUS2067,CT_samples,45.08,41.57142857
NUS2067,CT_samples,49.44827586,61.75
NUS2067,CT_samples,45.09375,48
NUS2067,CT_samples,49.08695652,53.03333333
NUS2067,CT_samples,50.11538462,51.375
NUS2067,CT_samples,45.75862069,57.5862069
NUS2067,CT_samples,45.52631579,42.9
NUS2067,RI_ratio,0.622472754,0.843766146
NUS2067,RI_ratio,0.722944266,0.87382628
NUS2067,RI_ratio,0.588381185,9.105810138
NUS2067,RI_ratio,0.628597787,0.722162356
NUS2067,RI_ratio,0.548177592,0.676258427
NUS2067,RI_ratio,0.50174765,0.685425121
NUS2067,RI_ratio,0.618247377,0.763995114
NUS2067,RI_ratio,0.640382038,0.766271671
NUS2067,RI_ratio,0.641165064,0.864801121
NUS2067,RI_ratio,0.584389459,0.842399327
NUS2067,RI_ratio,0.597140042,0.824012583
NUS2067,RI_ratio,0.667250229,0.869305128
NUS2067,RI_ratio,0.617016136,0.91183972
NUS2067,RI_ratio,0.435250485,0.637154797
NUS2067,RI_ratio,0.62885882,0.84742792
NUS2067,RI_ratio,0.733945669,0.845006174
NUS2067,RI_ratio,0.630232363,0.864281738
NUS2067,RI_ratio,0.496133867,0.827036002
NUS2067,RI_ratio,0.639011632,0.895665104
NUS2067,RI_ratio,0.600957639,0.799387536
NUS2068,PulseWidth_sec,1.158666667,0.9
NUS2068,PulseWidth_sec,1.1785,1.143333333
NUS2068,PulseWidth_sec,1.201916667,1.073333333
NUS2068,PulseWidth_sec,1.166789474,1.12
NUS2068,PulseWidth_sec,1.150294118,1.2
NUS2068,PulseWidth_sec,1.141636364,0.94
NUS2068,PulseWidth_sec,1.138941176,1.056
NUS2068,PulseWidth_sec,1.186857143,1.084
NUS2068,PulseWidth_sec,1.1285,1.05
NUS2068,PulseWidth_sec,1.238,1.161052632
NUS2068,PulseWidth_sec,1.242625,1.103333333
NUS2068,PulseWidth_sec,1.23675,1.004444444
NUS2068,PulseWidth_sec,1.228083333,1.126666667
NUS2068,PulseWidth_sec,1.26125,1.077647059
NUS2068,PulseWidth_sec,1.204625,1.173333333
NUS2068,PulseWidth_sec,1.207333333,1.167058824
NUS2068,PulseWidth_sec,1.274166667,1.04
NUS2068,PulseWidth_sec,1.225285714,1.128
NUS2068,PulseWidth_sec,1.2532,1.22
NUS2068,PulseWidth_sec,1.1855,1.195
NUS2068,CT_sec,0.194785714,0.198
NUS2068,CT_sec,0.1938125,0.207619048
NUS2068,CT_sec,0.198,0.19
NUS2068,CT_sec,0.193416667,0.18
NUS2068,CT_sec,0.184764706,0.18
NUS2068,CT_sec,0.181181818,0.173333333
NUS2068,CT_sec,0.186,0.174
NUS2068,CT_sec,0.193666667,0.195
NUS2068,CT_sec,0.218428571,0.178666667
NUS2068,CT_sec,0.194555556,0.18
NUS2068,CT_sec,0.193461538,0.18
NUS2068,CT_sec,0.194384615,0.175555556
NUS2068,CT_sec,0.190375,0.178181818
NUS2068,CT_sec,0.194,0.182222222
NUS2068,CT_sec,0.197,0.175294118
NUS2068,CT_sec,0.193666667,0.194545455
NUS2068,CT_sec,0.195,0.181666667
NUS2068,CT_sec,0.1942,0.178333333
NUS2068,CT_sec,0.191454545,0.183636364
NUS2068,CT_sec,0.18875,0.186666667
NUS2068,dT_sec,0.234727273,0.302352941
NUS2068,dT_sec,0.3345,0.328333333
NUS2068,dT_sec,0.371315789,0.310909091
NUS2068,dT_sec,0.355,0.32
NUS2068,dT_sec,0.166,0.297333333
NUS2068,dT_sec,0.353214286,0.326666667
NUS2068,dT_sec,0.3965,0.306666667
NUS2068,dT_sec,0.40025,0.316666667
NUS2068,dT_sec,0.374333333,0.317647059
NUS2068,dT_sec,0.376777778,0.312631579
NUS2068,dT_sec,0.376454545,0.3475
NUS2068,dT_sec,0.3775,0.332727273
NUS2068,dT_sec,0.370272727,0.33
NUS2068,dT_sec,0.370428571,0.332
NUS2068,dT_sec,0.367,0.352
NUS2068,dT_sec,0.367,0.346666667
NUS2068,dT_sec,0.3865,0.32
NUS2068,dT_sec,0.3505,0.338666667
NUS2068,dT_sec,0.375,0.369333333
NUS2068,dT_sec,0.34875,0.344
NUS2068,dT_samples,62.14285714,56.33333333
NUS2068,dT_samples,46.72727273,66.41176471
NUS2068,dT_samples,63.8125,51.9047619
NUS2068,dT_samples,51.58333333,52.33333333
NUS2068,dT_samples,63.76923077,53.78571429
NUS2068,dT_samples,67.41176471,57.6
NUS2068,dT_samples,64.55,57.14285714
NUS2068,dT_samples,59.5,60.2
NUS2068,dT_samples,59.6,56.33333333
NUS2068,dT_samples,64.9,53
NUS2068,dT_samples,59.78571429,64
NUS2068,dT_samples,64,53.42857143
NUS2068,dT_samples,63.625,53.45454545
NUS2068,dT_samples,65.54545455,58.6
NUS2068,dT_samples,63.75,58.29411765
NUS2068,dT_samples,63,57.7
NUS2068,dT_samples,66,50.22222222
NUS2068,dT_samples,60.36363636,57.375
NUS2068,dT_samples,58.6,56.41666667
NUS2068,dT_samples,60,55.07142857
NUS2068,CT_samples,31.14285714,30.66666667
NUS2068,CT_samples,32.66666667,33.16666667
NUS2068,CT_samples,32.30769231,31.78571429
NUS2068,CT_samples,32.84210526,32.18181818
NUS2068,CT_samples,30.75,37
NUS2068,CT_samples,31,31.8
NUS2068,CT_samples,31.6,30.16666667
NUS2068,CT_samples,43.8,33.26666667
NUS2068,CT_samples,32,33.3
NUS2068,CT_samples,36,29.30769231
NUS2068,CT_samples,30.55555556,31.92307692
NUS2068,CT_samples,31.76923077,28.85714286
NUS2068,CT_samples,31.46153846,28.66666667
NUS2068,CT_samples,30.625,34
NUS2068,CT_samples,35,31.2
NUS2068,CT_samples,31,29.125
NUS2068,CT_samples,30.77777778,29.53846154
NUS2068,CT_samples,31.42857143,30
NUS2068,CT_samples,30.8,29.4
NUS2068,CT_samples,33,29.35714286
NUS2068,RI_ratio,0.415133508,0.615501518
NUS2068,RI_ratio,0.796751464,0.704103967
NUS2068,RI_ratio,0.627212747,0.855692242
NUS2068,RI_ratio,0.386600867,0.877784763
NUS2068,RI_ratio,3.174521102,0.644681555
NUS2068,RI_ratio,0.540149024,0.722579892
NUS2068,RI_ratio,0.391461858,0.818534815
NUS2068,RI_ratio,0.593008764,0.724445755
NUS2068,RI_ratio,0.537318809,0.800149682
NUS2068,RI_ratio,0.383797954,0.75062791
NUS2068,RI_ratio,0.359704526,0.773814265
NUS2068,RI_ratio,0.360755636,0.763402881
NUS2068,RI_ratio,0.307122389,0.763834146
NUS2068,RI_ratio,0.320303095,0.81944655
NUS2068,RI_ratio,0.793862695,0.817660971
NUS2068,RI_ratio,0.438970486,0.829675715
NUS2068,RI_ratio,0.45519704,0.834127639
NUS2068,RI_ratio,0.454084651,0.82984322
NUS2068,RI_ratio,7.429299319,0.84022455
NUS2068,RI_ratio,0.455012219,0.799524579
NUS2069,PulseWidth_sec,0.8229375,0.834375
NUS2069,PulseWidth_sec,0.837266667,0.74
NUS2069,PulseWidth_sec,0.88562069,0.895
NUS2069,PulseWidth_sec,0.92376,0.917142857
NUS2069,PulseWidth_sec,0.853888889,0.855483871
NUS2069,PulseWidth_sec,0.840153846,0.846206897
NUS2069,PulseWidth_sec,0.848517241,0.857419355
NUS2069,PulseWidth_sec,0.919,0.922857143
NUS2069,PulseWidth_sec,0.810606061,0.814482759
NUS2069,PulseWidth_sec,0.780885714,0.784117647
NUS2069,PulseWidth_sec,0.81140625,0.816296296
NUS2069,PulseWidth_sec,0.787939394,0.788235294
NUS2069,PulseWidth_sec,0.856612903,0.866666667
NUS2069,PulseWidth_sec,0.8295625,0.824375
NUS2069,PulseWidth_sec,0.870423077,0.874166667
NUS2069,PulseWidth_sec,0.902655172,0.901111111
NUS2069,PulseWidth_sec,0.969192308,0.9672
NUS2069,PulseWidth_sec,0.879857143,0.882307692
NUS2069,PulseWidth_sec,0.897107143,0.89047619
NUS2069,PulseWidth_sec,0.897769231,0.886428571
NUS2069,CT_sec,0.206916667,0.192571429
NUS2069,CT_sec,0.207352941,0.204242424
NUS2069,CT_sec,0.213714286,0.193076923
NUS2069,CT_sec,0.202310345,0.186666667
NUS2069,CT_sec,0.193588235,0.182424242
NUS2069,CT_sec,0.22172,0.195555556
NUS2069,CT_sec,0.242833333,0.21826087
NUS2069,CT_sec,0.203,0.195333333
NUS2069,CT_sec,0.194034483,0.198181818
NUS2069,CT_sec,0.192689655,0.1856
NUS2069,CT_sec,0.19469697,0.186086957
NUS2069,CT_sec,0.198461538,0.183529412
NUS2069,CT_sec,0.188206897,0.187647059
NUS2069,CT_sec,0.185962963,0.169090909
NUS2069,CT_sec,0.206714286,0.18
NUS2069,CT_sec,0.192782609,0.184347826
NUS2069,CT_sec,0.202285714,0.223
NUS2069,CT_sec,0.217,0.255862069
NUS2069,CT_sec,0.186952381,0.174285714
NUS2069,CT_sec,0.198482759,0.215714286
NUS2069,dT_sec,0.231904762,0.266086957
NUS2069,dT_sec,0.253766667,0.252142857
NUS2069,dT_sec,0.265846154,0.250967742
NUS2069,dT_sec,0.272826087,0.269090909
NUS2069,dT_sec,0.292454545,0.298666667
NUS2069,dT_sec,0.293137931,0.278857143
NUS2069,dT_sec,0.284787879,0.282941176
NUS2069,dT_sec,0.307291667,0.25625
NUS2069,dT_sec,0.281757576,0.258787879
NUS2069,dT_sec,0.275967742,0.268125
NUS2069,dT_sec,0.290142857,0.287222222
NUS2069,dT_sec,0.297516129,0.280689655
NUS2069,dT_sec,0.28315,0.274666667
NUS2069,dT_sec,0.3079,0.281333333
NUS2069,dT_sec,0.304769231,0.293636364
NUS2069,dT_sec,0.271931034,0.22
NUS2069,dT_sec,0.277478261,0.26
NUS2069,dT_sec,0.2783,0.2875
NUS2069,dT_sec,0.3133,0.247333333
NUS2069,dT_sec,0.291269231,0.267407407
NUS2069,dT_samples,59.32258065,59.5625
NUS2069,dT_samples,60.75,55.34375
NUS2069,dT_samples,60.36363636,55.03125
NUS2069,dT_samples,60.96153846,65
NUS2069,dT_samples,65.72222222,72.375
NUS2069,dT_samples,53.90909091,60.12
NUS2069,dT_samples,62.1,59.82142857
NUS2069,dT_samples,74.6875,71.46666667
NUS2069,dT_samples,62.3030303,64.80769231
NUS2069,dT_samples,69.60714286,70.05882353
NUS2069,dT_samples,66.12903226,64.8125
NUS2069,dT_samples,68.93333333,60.17241379
NUS2069,dT_samples,69.48275862,61.93333333
NUS2069,dT_samples,67.55172414,63.80769231
NUS2069,dT_samples,61.85714286,65.27777778
NUS2069,dT_samples,61.20689655,44.62068966
NUS2069,dT_samples,61.53333333,44.51724138
NUS2069,dT_samples,61.18518519,60.26086957
NUS2069,dT_samples,66.79310345,47.73333333
NUS2069,dT_samples,52.92307692,59.92
NUS2069,CT_samples,52.16,42.23076923
NUS2069,CT_samples,53.5483871,55.75862069
NUS2069,CT_samples,47.58823529,45.25806452
NUS2069,CT_samples,46.75,45.23076923
NUS2069,CT_samples,43.5625,42.78571429
NUS2069,CT_samples,47.9375,48.96875
NUS2069,CT_samples,54.29032258,44.8
NUS2069,CT_samples,47.96,40.14285714
NUS2069,CT_samples,44.45454545,38.18181818
NUS2069,CT_samples,45.95652174,40.6
NUS2069,CT_samples,44.2,41.25925926
NUS2069,CT_samples,44.16666667,41.86666667
NUS2069,CT_samples,43.58064516,41.46666667
NUS2069,CT_samples,50.51724138,49.27777778
NUS2069,CT_samples,42.03703704,42
NUS2069,CT_samples,45.96666667,41.19047619
NUS2069,CT_samples,49,38.03703704
NUS2069,CT_samples,50.33333333,47.83333333
NUS2069,CT_samples,48.5,60.42857143
NUS2069,CT_samples,50.68,50.77272727
NUS2069,RI_ratio,0.717680363,0.602460003
NUS2069,RI_ratio,0.641039708,0.669652174
NUS2069,RI_ratio,0.736222226,0.65166653
NUS2069,RI_ratio,0.723647055,0.415225456
NUS2069,RI_ratio,0.661363127,1.521734811
NUS2069,RI_ratio,0.616932141,0.620398086
NUS2069,RI_ratio,0.669459214,0.661840091
NUS2069,RI_ratio,0.508864513,0.43955852
NUS2069,RI_ratio,0.576400894,0.568422409
NUS2069,RI_ratio,0.627967515,0.589548131
NUS2069,RI_ratio,0.604401601,0.732493608
NUS2069,RI_ratio,0.612499946,0.653630245
NUS2069,RI_ratio,0.642549814,0.668679304
NUS2069,RI_ratio,0.586345311,0.695347952
NUS2069,RI_ratio,0.493992259,0.640157321
NUS2069,RI_ratio,0.571046652,0.684587051
NUS2069,RI_ratio,0.676987778,0.882969618
NUS2069,RI_ratio,0.622612031,0.816523889
NUS2069,RI_ratio,0.589959327,0.736810292
NUS2069,RI_ratio,0.504566604,0.755502563
NUS2070,PulseWidth_sec,0.849172414,0.853043478
NUS2070,PulseWidth_sec,0.873,0.887407407
NUS2070,PulseWidth_sec,0.898862069,0.9064
NUS2070,PulseWidth_sec,0.93635,0.9176
NUS2070,PulseWidth_sec,0.909666667,0.94
NUS2070,PulseWidth_sec,0.92544,0.948461538
NUS2070,PulseWidth_sec,0.921192308,0.923846154
NUS2070,PulseWidth_sec,0.90404,0.915
NUS2070,PulseWidth_sec,0.884478261,0.877692308
NUS2070,PulseWidth_sec,0.8354375,0.848387097
NUS2070,PulseWidth_sec,0.94376,0.958518519
NUS2070,PulseWidth_sec,1.042933333,1.01
NUS2070,PulseWidth_sec,0.978470588,0.98
NUS2070,PulseWidth_sec,0.96788,0.9568
NUS2070,PulseWidth_sec,0.95604,0.959
NUS2070,PulseWidth_sec,0.934777778,0.938823529
NUS2070,PulseWidth_sec,0.924434783,0.921052632
NUS2070,PulseWidth_sec,0.933851852,0.937647059
NUS2070,PulseWidth_sec,1.0016875,1.008
NUS2070,PulseWidth_sec,0.913,0.883636364
NUS2070,CT_sec,0.195318182,0.206153846
NUS2070,CT_sec,0.203428571,0.234074074
NUS2070,CT_sec,0.199615385,0.2368
NUS2070,CT_sec,0.195607143,0.225185185
NUS2070,CT_sec,0.199482759,0.224166667
NUS2070,CT_sec,0.195043478,0.228888889
NUS2070,CT_sec,0.1928,0.209090909
NUS2070,CT_sec,0.181642857,0.200833333
NUS2070,CT_sec,0.196782609,0.21
NUS2070,CT_sec,0.204419355,0.21862069
NUS2070,CT_sec,0.204142857,0.2325
NUS2070,CT_sec,0.199238095,0.295294118
NUS2070,CT_sec,0.2012,0.2848
NUS2070,CT_sec,0.213642857,0.238571429
NUS2070,CT_sec,0.208111111,0.196
NUS2070,CT_sec,0.187782609,0.248695652
NUS2070,CT_sec,0.200818182,0.276296296
NUS2070,CT_sec,0.202148148,0.267692308
NUS2070,CT_sec,0.201,0.265
NUS2070,CT_sec,0.209346154,0.265263158
NUS2070,dT_sec,0.296857143,0.2624
NUS2070,dT_sec,0.29962069,0.2544
NUS2070,dT_sec,0.302571429,0.297333333
NUS2070,dT_sec,0.304692308,0.268275862
NUS2070,dT_sec,0.296541667,0.270588235
NUS2070,dT_sec,0.294551724,0.273846154
NUS2070,dT_sec,0.287193548,0.267096774
NUS2070,dT_sec,0.291814815,0.274782609
NUS2070,dT_sec,0.299967742,0.254482759
NUS2070,dT_sec,0.300758621,0.274193548
NUS2070,dT_sec,0.2986,0.285714286
NUS2070,dT_sec,0.282935484,0.255833333
NUS2070,dT_sec,0.291772727,0.207368421
NUS2070,dT_sec,0.304615385,0.286
NUS2070,dT_sec,0.2882,0.233333333
NUS2070,dT_sec,0.312944444,0.257272727
NUS2070,dT_sec,0.299842105,0.26
NUS2070,dT_sec,0.295111111,0.276
NUS2070,dT_sec,0.31225,0.2648
NUS2070,dT_sec,0.309814815,0.243157895
NUS2070,dT_samples,66.44827586,57.4137931
NUS2070,dT_samples,67.17857143,57.67857143
NUS2070,dT_samples,66.96428571,63.19230769
NUS2070,dT_samples,65.36,57.8
NUS2070,dT_samples,62.88,59.08
NUS2070,dT_samples,71.03448276,60.13333333
NUS2070,dT_samples,69.83870968,59.75862069
NUS2070,dT_samples,59.75,67.85714286
NUS2070,dT_samples,67.23333333,59.18181818
NUS2070,dT_samples,57.41666667,44.33333333
NUS2070,dT_samples,62.23076923,74.28571429
NUS2070,dT_samples,61.0625,66.6
NUS2070,dT_samples,60.19047619,49.75
NUS2070,dT_samples,66.33333333,52.4
NUS2070,dT_samples,59.56,44.54166667
NUS2070,dT_samples,61.31818182,50.76
NUS2070,dT_samples,60.04347826,56.5
NUS2070,dT_samples,62.15384615,55.33333333
NUS2070,dT_samples,61.2,60.6875
NUS2070,dT_samples,59.75,44.64285714
NUS2070,CT_samples,46.26666667,52.60714286
NUS2070,CT_samples,43.7826087,44.30769231
NUS2070,CT_samples,42.04347826,45.40909091
NUS2070,CT_samples,43.22727273,45.79166667
NUS2070,CT_samples,43.40909091,52.20833333
NUS2070,CT_samples,42.80769231,46.7037037
NUS2070,CT_samples,42.12,46.77777778
NUS2070,CT_samples,41.92592593,47.6
NUS2070,CT_samples,45.3,47.33333333
NUS2070,CT_samples,49.28,55.86206897
NUS2070,CT_samples,48.55882353,50.4
NUS2070,CT_samples,46.25806452,45.76666667
NUS2070,CT_samples,47.87096774,47.51724138
NUS2070,CT_samples,42.05882353,43.83333333
NUS2070,CT_samples,38.38461538,53.20833333
NUS2070,CT_samples,42.25925926,54.39285714
NUS2070,CT_samples,41,49.33333333
NUS2070,CT_samples,39,50.84
NUS2070,CT_samples,39.79166667,53.30434783
NUS2070,CT_samples,44.42307692,58.57894737
NUS2070,RI_ratio,0.61064454,0.866863515
NUS2070,RI_ratio,0.572817962,0.799559209
NUS2070,RI_ratio,0.578842891,0.823078123
NUS2070,RI_ratio,0.556396556,1.43813681
NUS2070,RI_ratio,0.510985856,0.818740046
NUS2070,RI_ratio,0.545190127,0.858574932
NUS2070,RI_ratio,0.557899691,0.85863031
NUS2070,RI_ratio,0.597255043,0.865281154
NUS2070,RI_ratio,0.602917515,0.864112177
NUS2070,RI_ratio,0.587722232,0.809205923
NUS2070,RI_ratio,0.545877879,0.80041584
NUS2070,RI_ratio,0.536496607,0.781942517
NUS2070,RI_ratio,0.532022366,0.764301893
NUS2070,RI_ratio,0.525229626,0.873916508
NUS2070,RI_ratio,0.605573197,0.927809272
NUS2070,RI_ratio,0.565309758,0.89780561
NUS2070,RI_ratio,0.497941355,0.698302955
NUS2070,RI_ratio,0.620688598,1.604649884
NUS2070,RI_ratio,0.635588233,1.22378769
NUS2070,RI_ratio,0.59537836,0.840092438
NUS2071,PulseWidth_sec,1.216,1.18
NUS2071,PulseWidth_sec,1.246,0.908
NUS2071,PulseWidth_sec,1.2265,1.059047619
NUS2071,PulseWidth_sec,0.9539,0.915555556
NUS2071,PulseWidth_sec,1.168571429,1.012
NUS2071,PulseWidth_sec,1.105888889,1.046666667
NUS2071,PulseWidth_sec,1.229333333,1.142857143
NUS2071,PulseWidth_sec,1.2646,1.166666667
NUS2071,PulseWidth_sec,1.277,1.195
NUS2071,PulseWidth_sec,1.402333333,1.002857143
NUS2071,PulseWidth_sec,1.199,1.004
NUS2071,PulseWidth_sec,1.373,1.12
NUS2071,PulseWidth_sec,1.082,1.025555556
NUS2071,PulseWidth_sec,0.959714286,0.857777778
NUS2071,PulseWidth_sec,1.3495,1.056
NUS2071,PulseWidth_sec,1.0095,0.972307692
NUS2071,PulseWidth_sec,1.023428571,0.978333333
NUS2071,PulseWidth_sec,1.3965,1.02
NUS2071,PulseWidth_sec,1.4025,1.15
NUS2071,PulseWidth_sec,1.1215,0.964
NUS2071,CT_sec,0.1958125,0.211818182
NUS2071,CT_sec,0.191375,0.2
NUS2071,CT_sec,0.182111111,0.201333333
NUS2071,CT_sec,0.1854,0.2
NUS2071,CT_sec,0.1938,0.217777778
NUS2071,CT_sec,0.098,0.188
NUS2071,CT_sec,0.204217391,0.224615385
NUS2071,CT_sec,0.1405,0.228571429
NUS2071,CT_sec,0.1872,0.192857143
NUS2071,CT_sec,0.182,0.189090909
NUS2071,CT_sec,0.182,0.21
NUS2071,CT_sec,0.190333333,0.210588235
NUS2071,CT_sec,0.194066667,0.206315789
NUS2071,CT_sec,0.1946,0.204210526
NUS2071,CT_sec,0.183846154,0.222222222
NUS2071,CT_sec,7.579796355,0.175
NUS2071,CT_sec,0.158,0.192
NUS2071,CT_sec,0.164,0.16
NUS2071,CT_sec,7.82363442,0.16
NUS2071,CT_sec,0.168,0.16
NUS2071,dT_sec,0.349842105,0.352
NUS2071,dT_sec,0.330285714,0.378181818
NUS2071,dT_sec,0.3305,0.404615385
NUS2071,dT_sec,0.248,0.375
NUS2071,dT_sec,0.347,0.348571429
NUS2071,dT_sec,0.32425,0.3475
NUS2071,dT_sec,0.357,0.346
NUS2071,dT_sec,0.385,0.395
NUS2071,dT_sec,0.34,0.315384615
NUS2071,dT_sec,0.324,0.3464
NUS2071,dT_sec,0.3634,0.36
NUS2071,dT_sec,0.3566,0.35
NUS2071,dT_sec,0.339,0.35
NUS2071,dT_sec,6.216867494,0.392941176
NUS2071,dT_sec,0.339,0.352
NUS2071,dT_sec,0.42375,0.354545455
NUS2071,dT_sec,0.3555,0.358888889
NUS2071,dT_sec,0.44025,0.366315789
NUS2071,dT_sec,0.375,0.3825
NUS2071,dT_sec,6.664128878,0.384
NUS2071,dT_samples,58.30769231,60.73684211
NUS2071,dT_samples,52.75,64.875
NUS2071,dT_samples,67.2173913,60.61538462
NUS2071,dT_samples,69.33333333,72.85714286
NUS2071,dT_samples,64,72.55555556
NUS2071,dT_samples,70.55555556,76.59090909
NUS2071,dT_samples,72.66666667,73.78947368
NUS2071,dT_samples,70.4,72.47368421
NUS2071,dT_samples,75.5,76.76190476
NUS2071,dT_samples,72.91666667,69.72222222
NUS2071,dT_samples,57,71.11111111
NUS2071,dT_samples,7.35880989,70.63636364
NUS2071,dT_samples,56.5,71.5
NUS2071,dT_samples,57.5,75.875
NUS2071,dT_samples,57.66666667,74.2
NUS2071,dT_samples,55,71
NUS2071,dT_samples,57.75,67.33333333
NUS2071,dT_samples,6.664128878,79.6
NUS2071,dT_samples,71,74
NUS2071,dT_samples,55,74
NUS2071,CT_samples,29.375,32.38461538
NUS2071,CT_samples,27.5,30.25
NUS2071,CT_samples,32.5,38.1
NUS2071,CT_samples,7.451534076,33.90909091
NUS2071,CT_samples,34.14285714,39.08333333
NUS2071,CT_samples,33.63636364,42.47826087
NUS2071,CT_samples,34.91666667,36.75
NUS2071,CT_samples,29.55555556,33.33333333
NUS2071,CT_samples,28.66666667,34
NUS2071,CT_samples,30.8,39.94117647
NUS2071,CT_samples,13,41.5
NUS2071,CT_samples,37.58333333,42.53846154
NUS2071,CT_samples,8.654409005,40.21428571
NUS2071,CT_samples,7.35880989,41.63636364
NUS2071,CT_samples,6.911766149,39.2
NUS2071,CT_samples,25.5,32.5
NUS2071,CT_samples,26,31
NUS2071,CT_samples,32.5,34
NUS2071,CT_samples,31.07692308,34
NUS2071,CT_samples,28.5,28
NUS2071,RI_ratio,0.454171586,0.962119362
NUS2071,RI_ratio,0.386825761,0.668689063
NUS2071,RI_ratio,0.472443784,0.791482752
NUS2071,RI_ratio,0.385348737,0.727294571
NUS2071,RI_ratio,2.826120376,0.689148755
NUS2071,RI_ratio,0.335161342,0.633503165
NUS2071,RI_ratio,0.453310494,0.701642242
NUS2071,RI_ratio,1.322750663,0.671857293
NUS2071,RI_ratio,14.71461331,0.604520694
NUS2071,RI_ratio,0.392470827,0.602522761
NUS2071,RI_ratio,0.307180297,0.597922153
NUS2071,RI_ratio,0.299375858,0.573416606
NUS2071,RI_ratio,3.6071406,0.646871047
NUS2071,RI_ratio,0.399069894,0.640964669
NUS2071,RI_ratio,0.302024318,0.65918671
NUS2071,RI_ratio,7.35880989,0.60356972
NUS2071,RI_ratio,25.63002951,0.587793271
NUS2071,RI_ratio,0.286192055,0.608940772
NUS2071,RI_ratio,0.256529411,0.518571141
NUS2071,RI_ratio,0.177085374,0.450934436
NUS2072,PulseWidth_sec,1.141777778,1.0144
NUS2072,PulseWidth_sec,0.9773,0.996153846
NUS2072,PulseWidth_sec,1.253882353,0.9904
NUS2072,PulseWidth_sec,1.16775,0.974782609
NUS2072,PulseWidth_sec,1.176153846,0.986666667
NUS2072,PulseWidth_sec,1.253857143,0.9808
NUS2072,PulseWidth_sec,1.1855,1.013333333
NUS2072,PulseWidth_sec,0.85825,0.934482759
NUS2072,PulseWidth_sec,1.2085,0.948
NUS2072,PulseWidth_sec,1.3925,0.855
NUS2072,PulseWidth_sec,1.2654,0.934285714
NUS2072,PulseWidth_sec,1.32,0.868
NUS2072,PulseWidth_sec,1.245571429,0.904827586
NUS2072,PulseWidth_sec,0.9798,0.951428571
NUS2072,PulseWidth_sec,1.133,0.927142857
NUS2072,PulseWidth_sec,1.109,0.869166667
NUS2072,PulseWidth_sec,1.264,0.9832
NUS2072,PulseWidth_sec,1.243,0.949230769
NUS2072,PulseWidth_sec,1.309,0.957272727
NUS2072,PulseWidth_sec,1.051,1.013333333
NUS2072,CT_sec,0.2345,0.302307692
NUS2072,CT_sec,0.2029,0.292307692
NUS2072,CT_sec,0.217411765,0.2808
NUS2072,CT_sec,0.19875,0.187826087
NUS2072,CT_sec,0.183875,0.2025
NUS2072,CT_sec,0.289,0.203
NUS2072,CT_sec,0.1812,0.207142857
NUS2072,CT_sec,0.2267,0.2032
NUS2072,CT_sec,0.235,0.227586207
NUS2072,CT_sec,0.1915,0.210714286
NUS2072,CT_sec,0.2032,0.207857143
NUS2072,CT_sec,0.2225,0.2112
NUS2072,CT_sec,0.21525,0.207142857
NUS2072,CT_sec,0.18,0.207142857
NUS2072,CT_sec,0.195,0.221666667
NUS2072,CT_sec,0.2075,0.22
NUS2072,CT_sec,0.25,0.203333333
NUS2072,CT_sec,0.256133333,0.237391304
NUS2072,CT_sec,0.279,0.221538462
NUS2072,CT_sec,0.250666667,0.188888889
NUS2072,dT_sec,0.308111111,0.2368
NUS2072,dT_sec,0.2285,0.21
NUS2072,dT_sec,0.2298,0.213076923
NUS2072,dT_sec,0.334285714,0.3176
NUS2072,dT_sec,0.2885,0.335833333
NUS2072,dT_sec,0.371857143,0.3248
NUS2072,dT_sec,0.362230769,0.32173913
NUS2072,dT_sec,0.1875,0.320689655
NUS2072,dT_sec,0.2883,0.32962963
NUS2072,dT_sec,0.3884,0.31
NUS2072,dT_sec,0.3469,0.304
NUS2072,dT_sec,0.270857143,0.283448276
NUS2072,dT_sec,0.1365,0.32
NUS2072,dT_sec,0.335,0.319259259
NUS2072,dT_sec,0.141,0.319285714
NUS2072,dT_sec,0.363,0.301666667
NUS2072,dT_sec,0.316,0.3016
NUS2072,dT_sec,0.398,0.297037037
NUS2072,dT_sec,0.301866667,0.268695652
NUS2072,dT_sec,0.2722,0.298461538
NUS2072,dT_samples,54.04761905,68.64285714
NUS2072,dT_samples,39.83333333,39.88461538
NUS2072,dT_samples,45,43.2173913
NUS2072,dT_samples,58.07692308,60.18518519
NUS2072,dT_samples,47.33333333,64.41666667
NUS2072,dT_samples,60.85714286,64.48
NUS2072,dT_samples,48,67.28571429
NUS2072,dT_samples,37.5,74.1
NUS2072,dT_samples,61,64.46428571
NUS2072,dT_samples,52.2,67.72
NUS2072,dT_samples,42.14285714,60.51724138
NUS2072,dT_samples,35.5,65.40740741
NUS2072,dT_samples,32,65.85714286
NUS2072,dT_samples,45.625,63.72413793
NUS2072,dT_samples,44,67.5
NUS2072,dT_samples,49.5,59.16
NUS2072,dT_samples,70,59.48148148
NUS2072,dT_samples,43.6,61.07692308
NUS2072,dT_samples,52,70.22727273
NUS2072,dT_samples,40.16666667,65
NUS2072,CT_samples,42.33333333,58.57692308
NUS2072,CT_samples,40.9,56.73076923
NUS2072,CT_samples,34.35294118,54.52
NUS2072,CT_samples,37.75,56.52173913
NUS2072,CT_samples,33.16666667,35.5
NUS2072,CT_samples,31,40.2
NUS2072,CT_samples,45.25,42.82758621
NUS2072,CT_samples,37.66666667,41.96
NUS2072,CT_samples,37.25,42.21428571
NUS2072,CT_samples,34,44.8
NUS2072,CT_samples,41,41.92
NUS2072,CT_samples,34.5,44.10344828
NUS2072,CT_samples,35,48.66666667
NUS2072,CT_samples,40.5,43.52
NUS2072,CT_samples,14,45.59259259
NUS2072,CT_samples,40.73333333,46.69565217
NUS2072,CT_samples,44.4,44.53846154
NUS2072,CT_samples,31,40.31818182
NUS2072,CT_samples,39.5,36.27777778
NUS2072,CT_samples,41,36
NUS2072,RI_ratio,0.633585309,0.531739617
NUS2072,RI_ratio,0.669118376,0.878490607
NUS2072,RI_ratio,0.630426165,0.873921682
NUS2072,RI_ratio,0.554441391,0.815831239
NUS2072,RI_ratio,0.532106658,0.793670242
NUS2072,RI_ratio,3.489730377,0.708770897
NUS2072,RI_ratio,0.678053192,0.690128581
NUS2072,RI_ratio,0.714773434,0.683105743
NUS2072,RI_ratio,0.628181427,0.612790237
NUS2072,RI_ratio,0.642754634,0.591672249
NUS2072,RI_ratio,0.729390258,0.704194676
NUS2072,RI_ratio,0.900873716,0.614883202
NUS2072,RI_ratio,0.594460933,0.616306217
NUS2072,RI_ratio,0.728072744,0.621466326
NUS2072,RI_ratio,0.855561177,0.617241294
NUS2072,RI_ratio,0.70798938,0.648503235
NUS2072,RI_ratio,0.657295127,0.652791393
NUS2072,RI_ratio,0.651368311,0.677864519
NUS2072,RI_ratio,15.05746027,0.696629451
NUS2072,RI_ratio,0.727306542,0.616342833
NUS2073,PulseWidth_sec,1.059857143,1.1
NUS2073,PulseWidth_sec,1.094692308,1.08
NUS2073,PulseWidth_sec,1.129333333,0.89
NUS2073,PulseWidth_sec,1.107555556,1.024
NUS2073,PulseWidth_sec,1.029791667,1.026666667
NUS2073,PulseWidth_sec,1.051055556,1.18
NUS2073,PulseWidth_sec,1.0245,1
NUS2073,PulseWidth_sec,1.085875,9.538218099
NUS2073,PulseWidth_sec,1.103636364,1.06
NUS2073,PulseWidth_sec,1.03416,1.039090909
NUS2073,PulseWidth_sec,1.0272,1.041111111
NUS2073,PulseWidth_sec,1.028083333,1.034782609
NUS2073,PulseWidth_sec,1.04384,1.046666667
NUS2073,PulseWidth_sec,1.0298,1.04
NUS2073,PulseWidth_sec,0.949277778,0.932857143
NUS2073,PulseWidth_sec,1.00372,1.0112
NUS2073,PulseWidth_sec,1.02124,1.023333333
NUS2073,PulseWidth_sec,1.0015,1.008695652
NUS2073,PulseWidth_sec,1.01516,1.01
NUS2073,PulseWidth_sec,1.11825,0.96
NUS2073,CT_sec,0.188761905,0.242352941
NUS2073,CT_sec,0.187285714,0.22
NUS2073,CT_sec,0.182,0.235
NUS2073,CT_sec,0.185388889,0.22
NUS2073,CT_sec,0.185333333,0.226666667
NUS2073,CT_sec,0.17495,0.23
NUS2073,CT_sec,0.191,0.226666667
NUS2073,CT_sec,0.183076923,0.21625
NUS2073,CT_sec,0.18304,0.217142857
NUS2073,CT_sec,0.188,0.19375
NUS2073,CT_sec,0.178909091,0.2625
NUS2073,CT_sec,0.175818182,0.263076923
NUS2073,CT_sec,0.178666667,0.242352941
NUS2073,CT_sec,0.179636364,0.297692308
NUS2073,CT_sec,0.181,0.2872
NUS2073,CT_sec,0.188666667,0.237142857
NUS2073,CT_sec,0.1905,0.232
NUS2073,CT_sec,0.187869565,0.2225
NUS2073,CT_sec,0.176571429,9.054225268
NUS2073,CT_sec,0.18064,0.203333333
NUS2073,dT_sec,0.329,0.28
NUS2073,dT_sec,0.33875,0.284
NUS2073,dT_sec,0.333333333,0.324
NUS2073,dT_sec,0.332111111,0.31
NUS2073,dT_sec,0.351958333,0.333333333
NUS2073,dT_sec,0.353636364,0.305
NUS2073,dT_sec,0.346611111,0.27
NUS2073,dT_sec,0.3862,0.3
NUS2073,dT_sec,0.34816,0.304545455
NUS2073,dT_sec,0.35832,0.312380952
NUS2073,dT_sec,0.344357143,0.343478261
NUS2073,dT_sec,0.35944,0.302
NUS2073,dT_sec,0.359583333,0.313333333
NUS2073,dT_sec,0.341666667,0.291538462
NUS2073,dT_sec,0.336,0.38375
NUS2073,dT_sec,0.345666667,0.285217391
NUS2073,dT_sec,0.340083333,0.32
NUS2073,dT_sec,0.336666667,0.325714286
NUS2073,dT_sec,0.354133333,0.369230769
NUS2073,dT_sec,0.344176471,0.371666667
NUS2073,dT_samples,61.07692308,50.2
NUS2073,dT_samples,64.66666667,54
NUS2073,dT_samples,63.22222222,63.83333333
NUS2073,dT_samples,67.79166667,62.33333333
NUS2073,dT_samples,73.45,65
NUS2073,dT_samples,66.70833333,60.38095238
NUS2073,dT_samples,70.08,61.76190476
NUS2073,dT_samples,69.875,57.69565217
NUS2073,dT_samples,69.54545455,57.55555556
NUS2073,dT_samples,71,64.3125
NUS2073,dT_samples,67.43478261,58.52380952
NUS2073,dT_samples,67.88,61.85714286
NUS2073,dT_samples,68.05,64.6
NUS2073,dT_samples,65.32,50.58333333
NUS2073,dT_samples,64.64,49.41666667
NUS2073,dT_samples,68,54.56
NUS2073,dT_samples,70.54545455,58.96153846
NUS2073,dT_samples,61,64.44444444
NUS2073,dT_samples,62.83333333,62
NUS2073,dT_samples,70.4,67.56521739
NUS2073,CT_samples,34.11111111,42.9
NUS2073,CT_samples,34.84615385,36
NUS2073,CT_samples,35.6,43.18181818
NUS2073,CT_samples,35.38461538,43.8
NUS2073,CT_samples,35.375,46.42857143
NUS2073,CT_samples,33.66666667,43.4
NUS2073,CT_samples,34.7,34
NUS2073,CT_samples,33.5,48
NUS2073,CT_samples,33.18181818,36
NUS2073,CT_samples,35.125,42.56521739
NUS2073,CT_samples,34.31818182,41.44444444
NUS2073,CT_samples,34.34782609,40.76190476
NUS2073,CT_samples,34.64,39.95238095
NUS2073,CT_samples,34.58333333,41.77777778
NUS2073,CT_samples,36.38095238,39.6
NUS2073,CT_samples,36.7,37.53333333
NUS2073,CT_samples,33.88888889,57.55555556
NUS2073,CT_samples,35.16666667,44
NUS2073,CT_samples,36.8,43.04347826
NUS2073,CT_samples,33.55555556,32.7
NUS2073,RI_ratio,0.29660943,0.951481851
NUS2073,RI_ratio,0.327413377,0.716026371
NUS2073,RI_ratio,2.075799143,0.874159553
NUS2073,RI_ratio,0.295329523,0.921696614
NUS2073,RI_ratio,0.302205267,0.888207569
NUS2073,RI_ratio,0.286636873,0.881144237
NUS2073,RI_ratio,0.285568303,0.874789875
NUS2073,RI_ratio,0.29080693,0.883650871
NUS2073,RI_ratio,0.494563805,0.890803215
NUS2073,RI_ratio,0.432049517,0.746047405
NUS2073,RI_ratio,0.390866451,0.853211798
NUS2073,RI_ratio,0.28558323,0.862638206
NUS2073,RI_ratio,0.337583373,0.926308971
NUS2073,RI_ratio,0.304949865,0.901301493
NUS2073,RI_ratio,0.345596912,0.893936069
NUS2073,RI_ratio,0.315683125,0.903639037
NUS2073,RI_ratio,0.443670977,0.881902842
NUS2073,RI_ratio,0.392604446,0.825125191
NUS2073,RI_ratio,0.435659941,0.730580062
NUS2073,RI_ratio,0.351746126,0.636399305
NUS2074,PulseWidth_sec,1.03004,1.0328
NUS2074,PulseWidth_sec,1.0609,1.060833333
NUS2074,PulseWidth_sec,1.049304348,1.0475
NUS2074,PulseWidth_sec,1.068764706,1.0875
NUS2074,PulseWidth_sec,1.04668,1.0504
NUS2074,PulseWidth_sec,1.17775,1.030833333
NUS2074,PulseWidth_sec,1.061136364,1.0624
NUS2074,PulseWidth_sec,1.126954545,1.111111111
NUS2074,PulseWidth_sec,1.184625,1.181666667
NUS2074,PulseWidth_sec,1.144166667,1.12
NUS2074,PulseWidth_sec,1.0891,1.057142857
NUS2074,PulseWidth_sec,1.1285,1.118
NUS2074,PulseWidth_sec,1.099863636,1.085
NUS2074,PulseWidth_sec,1.20205,1.207058824
NUS2074,PulseWidth_sec,1.218052632,1.202666667
NUS2074,PulseWidth_sec,1.180272727,1.170588235
NUS2074,PulseWidth_sec,1.020333333,1.04
NUS2074,PulseWidth_sec,1.037526316,1.03625
NUS2074,PulseWidth_sec,1.2037,1.20952381
NUS2074,PulseWidth_sec,1.125272727,1.14
NUS2074,CT_sec,0.1865,0.214166667
NUS2074,CT_sec,0.1861,0.212727273
NUS2074,CT_sec,0.1914,0.2352
NUS2074,CT_sec,0.191090909,0.244166667
NUS2074,CT_sec,0.192190476,0.237
NUS2074,CT_sec,0.189608696,0.184285714
NUS2074,CT_sec,0.187727273,0.197333333
NUS2074,CT_sec,0.187,0.196
NUS2074,CT_sec,0.1868,0.231538462
NUS2074,CT_sec,0.187894737,0.224
NUS2074,CT_sec,0.175111111,0.216666667
NUS2074,CT_sec,0.1862,0.225217391
NUS2074,CT_sec,0.1838,0.218947368
NUS2074,CT_sec,0.210368421,0.243529412
NUS2074,CT_sec,0.201608696,0.201904762
NUS2074,CT_sec,0.198636364,0.2
NUS2074,CT_sec,0.202555556,0.205
NUS2074,CT_sec,0.210333333,0.267619048
NUS2074,CT_sec,0.212176471,0.232380952
NUS2074,CT_sec,0.210666667,0.216
NUS2074,dT_sec,0.314555556,0.280833333
NUS2074,dT_sec,0.313538462,0.28
NUS2074,dT_sec,0.320833333,0.3016
NUS2074,dT_sec,0.313916667,0.2725
NUS2074,dT_sec,0.305,0.273913043
NUS2074,dT_sec,0.304916667,0.295833333
NUS2074,dT_sec,0.31825,0.282727273
NUS2074,dT_sec,0.29845,0.232
NUS2074,dT_sec,0.276555556,0.344
NUS2074,dT_sec,0.286954545,0.330666667
NUS2074,dT_sec,0.274136364,0.324705882
NUS2074,dT_sec,0.266105263,0.35
NUS2074,dT_sec,0.328,0.32
NUS2074,dT_sec,0.3277,0.327142857
NUS2074,dT_sec,0.32325,0.35
NUS2074,dT_sec,0.319315789,0.32375
NUS2074,dT_sec,0.321285714,0.317142857
NUS2074,dT_sec,0.260666667,0.327777778
NUS2074,dT_sec,0.28775,0.324
NUS2074,dT_sec,0.295947368,0.298571429
NUS2074,dT_samples,59.44,50.95833333
NUS2074,dT_samples,54.41666667,52.86956522
NUS2074,dT_samples,57.56521739,52.2
NUS2074,dT_samples,61.23809524,64.52631579
NUS2074,dT_samples,50.42857143,60.05882353
NUS2074,dT_samples,56.40909091,53.95454545
NUS2074,dT_samples,54,48.90909091
NUS2074,dT_samples,52,58.1875
NUS2074,dT_samples,56.4,56.25
NUS2074,dT_samples,61.45,60.34615385
NUS2074,dT_samples,56.19047619,57.81818182
NUS2074,dT_samples,55.46666667,55.38461538
NUS2074,dT_samples,49,66.4
NUS2074,dT_samples,54.31818182,69.36842105
NUS2074,dT_samples,52.85,63.46666667
NUS2074,dT_samples,48.57142857,54.23529412
NUS2074,dT_samples,47.8125,56.25
NUS2074,dT_samples,51.23809524,54.63157895
NUS2074,dT_samples,52.28571429,54.41176471
NUS2074,dT_samples,49.68181818,47.5
NUS2074,CT_samples,35.08333333,44.52
NUS2074,CT_samples,36.92,44.83333333
NUS2074,CT_samples,35.40909091,43.83333333
NUS2074,CT_samples,37.53846154,37.0625
NUS2074,CT_samples,33.5,35.25
NUS2074,CT_samples,37.57142857,45.28571429
NUS2074,CT_samples,37.27272727,45.7826087
NUS2074,CT_samples,39.9047619,45.28
NUS2074,CT_samples,37.13043478,43.42307692
NUS2074,CT_samples,35.9,40.5
NUS2074,CT_samples,39.11764706,36.52631579
NUS2074,CT_samples,40.54545455,37.04347826
NUS2074,CT_samples,33.66666667,34.44444444
NUS2074,CT_samples,34.4,33.2
NUS2074,CT_samples,36.68181818,35.9
NUS2074,CT_samples,33.88235294,34.46666667
NUS2074,CT_samples,39,37.5
NUS2074,CT_samples,37.31578947,42.75
NUS2074,CT_samples,35.1,37.15789474
NUS2074,CT_samples,36.72727273,41.77272727
NUS2074,RI_ratio,0.502307476,0.82398355
NUS2074,RI_ratio,0.521960867,0.816248806
NUS2074,RI_ratio,0.385765258,0.704278144
NUS2074,RI_ratio,0.42903186,0.858548839
NUS2074,RI_ratio,0.454081687,0.812388004
NUS2074,RI_ratio,0.565297063,0.846884164
NUS2074,RI_ratio,0.550027118,0.848442467
NUS2074,RI_ratio,0.570006655,0.84082463
NUS2074,RI_ratio,0.631375371,0.863900817
NUS2074,RI_ratio,0.619712675,0.866230548
NUS2074,RI_ratio,0.528990973,0.869302561
NUS2074,RI_ratio,0.470633186,0.887361897
NUS2074,RI_ratio,0.53492888,0.860551348
NUS2074,RI_ratio,0.576843946,0.855789704
NUS2074,RI_ratio,0.495010089,0.676783986
NUS2074,RI_ratio,0.497881098,0.656640249
NUS2074,RI_ratio,0.444264027,0.731597237
NUS2074,RI_ratio,0.566939969,0.754712588
NUS2074,RI_ratio,0.620513658,1.626108955
NUS2074,RI_ratio,0.668319394,0.746344713
NUS2076,PulseWidth_sec,0.967111111,0.9625
NUS2076,PulseWidth_sec,0.937,0.923333333
NUS2076,PulseWidth_sec,1.011333333,0.984444444
NUS2076,PulseWidth_sec,1.041,0.963333333
NUS2076,PulseWidth_sec,1.002466667,1.002
NUS2076,PulseWidth_sec,1.016230769,1.015
NUS2076,PulseWidth_sec,1.0047,1.02
NUS2076,PulseWidth_sec,0.983133333,1.001818182
NUS2076,PulseWidth_sec,0.970470588,0.976923077
NUS2076,PulseWidth_sec,0.983117647,0.979
NUS2076,PulseWidth_sec,0.9808,0.995555556
NUS2076,PulseWidth_sec,0.973684211,0.974736842
NUS2076,PulseWidth_sec,1.005,1.08
NUS2076,PulseWidth_sec,0.914083333,0.893333333
NUS2076,PulseWidth_sec,0.9645,0.93
NUS2076,PulseWidth_sec,1.139777778,1.106666667
NUS2076,PulseWidth_sec,1.032133333,1.055
NUS2076,PulseWidth_sec,1.003833333,1.02
NUS2076,PulseWidth_sec,1.022772727,1.023636364
NUS2076,PulseWidth_sec,1.055176471,1.065714286
NUS2076,CT_sec,0.179714286,0.22
NUS2076,CT_sec,0.180444444,0.2
NUS2076,CT_sec,0.182,0.24
NUS2076,CT_sec,0.180923077,0.215
NUS2076,CT_sec,0.172,0.197777778
NUS2076,CT_sec,0.182909091,0.18
NUS2076,CT_sec,0.183,0.194285714
NUS2076,CT_sec,0.184,0.218333333
NUS2076,CT_sec,0.194625,0.225
NUS2076,CT_sec,0.1913,0.236666667
NUS2076,CT_sec,0.203,0.197142857
NUS2076,CT_sec,0.191153846,0.249230769
NUS2076,CT_sec,0.188272727,0.228
NUS2076,CT_sec,0.1895,0.2275
NUS2076,CT_sec,0.193111111,0.166666667
NUS2076,CT_sec,0.190357143,0.22
NUS2076,CT_sec,0.179166667,0.208
NUS2076,CT_sec,0.188428571,0.225
NUS2076,CT_sec,0.1934,0.238947368
NUS2076,CT_sec,0.191846154,0.28
NUS2076,dT_sec,0.331,0.348
NUS2076,dT_sec,0.355285714,0.349230769
NUS2076,dT_sec,0.3605,0.331428571
NUS2076,dT_sec,0.299,0.403333333
NUS2076,dT_sec,0.3471875,0.351111111
NUS2076,dT_sec,0.337222222,0.37
NUS2076,dT_sec,0.354153846,0.285
NUS2076,dT_sec,0.355444444,0.32
NUS2076,dT_sec,0.340375,0.3225
NUS2076,dT_sec,0.337875,0.334285714
NUS2076,dT_sec,0.364956522,0.384615385
NUS2076,dT_sec,0.344285714,0.372
NUS2076,dT_sec,0.364545455,0.34
NUS2076,dT_sec,0.34325,0.334285714
NUS2076,dT_sec,0.3555,0.324
NUS2076,dT_sec,0.339714286,0.36
NUS2076,dT_sec,0.218105263,0.26
NUS2076,dT_sec,0.423333333,0.4
NUS2076,dT_sec,0.325058824,0.337142857
NUS2076,dT_sec,0.3034,0.324285714
NUS2076,dT_samples,73.82352941,68.35714286
NUS2076,dT_samples,72.8,65.8
NUS2076,dT_samples,68.44444444,71.93333333
NUS2076,dT_samples,71.25,65.75
NUS2076,dT_samples,65.23076923,65.375
NUS2076,dT_samples,68.04347826,67
NUS2076,dT_samples,67.27272727,63.25
NUS2076,dT_samples,69.21052632,67.4375
NUS2076,dT_samples,70.38888889,62.92307692
NUS2076,dT_samples,69,61.625
NUS2076,dT_samples,69.16666667,60.5
NUS2076,dT_samples,69.875,60.66666667
NUS2076,dT_samples,69,66.66666667
NUS2076,dT_samples,55.28571429,60.6
NUS2076,dT_samples,63.55555556,62.11111111
NUS2076,dT_samples,68.64285714,83
NUS2076,dT_samples,59.35294118,68
NUS2076,dT_samples,61.83333333,71.44444444
NUS2076,dT_samples,67.63636364,83.5
NUS2076,dT_samples,63.5,65.5
NUS2076,CT_samples,34.63636364,37.8
NUS2076,CT_samples,37.46666667,50.92307692
NUS2076,CT_samples,38.6,45.18181818
NUS2076,CT_samples,37.875,42.75
NUS2076,CT_samples,37.84615385,43
NUS2076,CT_samples,38.22222222,45
NUS2076,CT_samples,38.5,38.4
NUS2076,CT_samples,39.05882353,44.84615385
NUS2076,CT_samples,41.54166667,42.09090909
NUS2076,CT_samples,35.64285714,47.8
NUS2076,CT_samples,36.61111111,41.71428571
NUS2076,CT_samples,36.58333333,40
NUS2076,CT_samples,36.55555556,41.33333333
NUS2076,CT_samples,36.28571429,39.66666667
NUS2076,CT_samples,34.6875,34
NUS2076,CT_samples,36.42857143,51.91666667
NUS2076,CT_samples,41.2,49.52631579
NUS2076,CT_samples,42,65.8
NUS2076,CT_samples,40,48.7
NUS2076,CT_samples,40.33333333,50
NUS2076,RI_ratio,0.425936828,0.793797354
NUS2076,RI_ratio,0.474042173,0.873331607
NUS2076,RI_ratio,0.49297057,0.885907101
NUS2076,RI_ratio,0.448269276,0.826339949
NUS2076,RI_ratio,0.461915368,0.802361549
NUS2076,RI_ratio,0.438675417,0.713978745
NUS2076,RI_ratio,13.11283365,4.853276015
NUS2076,RI_ratio,0.744115518,9.383942852
NUS2076,RI_ratio,0.388906469,0.790114233
NUS2076,RI_ratio,0.372912875,0.754906401
NUS2076,RI_ratio,0.443797638,0.720817945
NUS2076,RI_ratio,0.4980296,0.801835799
NUS2076,RI_ratio,0.452242021,0.807158012
NUS2076,RI_ratio,0.463717575,0.563462205
NUS2076,RI_ratio,0.526779726,0.833458701
NUS2076,RI_ratio,0.473322254,0.817604717
NUS2076,RI_ratio,0.55421896,0.831831478
NUS2076,RI_ratio,0.412859812,0.706641492
NUS2076,RI_ratio,0.459200454,0.797834367
NUS2076,RI_ratio,0.513092746,0.840091794
NUS2077,PulseWidth_sec,1.214384615,1.198888889
NUS2077,PulseWidth_sec,1.3475,1.153333333
NUS2077,PulseWidth_sec,1.34,1.128571429
NUS2077,PulseWidth_sec,1.201923077,1.171111111
NUS2077,PulseWidth_sec,1.215666667,1.23
NUS2077,PulseWidth_sec,1.152,1.173333333
NUS2077,PulseWidth_sec,1.142111111,1.136666667
NUS2077,PulseWidth_sec,1.22025,1.2
NUS2077,PulseWidth_sec,1.187454545,1.21
NUS2077,PulseWidth_sec,1.221529412,1.165
NUS2077,PulseWidth_sec,1.2196875,1.214285714
NUS2077,PulseWidth_sec,1.252142857,1.04
NUS2077,PulseWidth_sec,1.21447619,1.212
NUS2077,PulseWidth_sec,1.22585,1.23875
NUS2077,PulseWidth_sec,1.223583333,1
NUS2077,PulseWidth_sec,1.105,1.103157895
NUS2077,PulseWidth_sec,1.088416667,1.08875
NUS2077,PulseWidth_sec,1.130818182,1.1275
NUS2077,PulseWidth_sec,1.069565217,1.056666667
NUS2077,PulseWidth_sec,1.2255,1.24
NUS2077,CT_sec,0.215538462,0.351111111
NUS2077,CT_sec,0.217058824,0.361818182
NUS2077,CT_sec,0.2075,0.32
NUS2077,CT_sec,0.207,0.26
NUS2077,CT_sec,0.229705882,0.345
NUS2077,CT_sec,0.226777778,0.28
NUS2077,CT_sec,0.1988,0.294444444
NUS2077,CT_sec,0.215230769,0.348
NUS2077,CT_sec,0.211461538,0.328
NUS2077,CT_sec,0.2485,0.3375
NUS2077,CT_sec,0.251333333,0.365454545
NUS2077,CT_sec,0.257263158,0.316666667
NUS2077,CT_sec,0.252666667,0.35
NUS2077,CT_sec,0.237238095,0.269333333
NUS2077,CT_sec,0.281916667,0.325714286
NUS2077,CT_sec,0.28792,0.337272727
NUS2077,CT_sec,0.284391304,0.349
NUS2077,CT_sec,0.235111111,0.307777778
NUS2077,CT_sec,0.274952381,0.311428571
NUS2077,CT_sec,0.205,0.26
NUS2077,dT_sec,0.382428571,0.295714286
NUS2077,dT_sec,0.3622,0.37
NUS2077,dT_sec,0.352,0.328571429
NUS2077,dT_sec,0.375,0.4
NUS2077,dT_sec,0.373666667,0.382222222
NUS2077,dT_sec,0.3516,0.374444444
NUS2077,dT_sec,0.346461538,0.326
NUS2077,dT_sec,0.311611111,0.34
NUS2077,dT_sec,0.323761905,0.3475
NUS2077,dT_sec,0.336727273,0.293333333
NUS2077,dT_sec,0.341785714,0.308888889
NUS2077,dT_sec,0.3441,0.38
NUS2077,dT_sec,0.340888889,0.370909091
NUS2077,dT_sec,0.295227273,0.344761905
NUS2077,dT_sec,0.331428571,0.516666667
NUS2077,dT_sec,0.35975,0.465714286
NUS2077,dT_sec,0.312363636,0.25875
NUS2077,dT_sec,0.259538462,0.275294118
NUS2077,dT_sec,0.239857143,0.304
NUS2077,dT_sec,0.261157895,0.251818182
NUS2077,dT_samples,60.33333333,44.15384615
NUS2077,dT_samples,60.5,54.68181818
NUS2077,dT_samples,59.07692308,54.5
NUS2077,dT_samples,56,53.36363636
NUS2077,dT_samples,55,41.6
NUS2077,dT_samples,57.125,55
NUS2077,dT_samples,51.81818182,58.57142857
NUS2077,dT_samples,47.95238095,72.25
NUS2077,dT_samples,43.63636364,68.2
NUS2077,dT_samples,55.5,76.57142857
NUS2077,dT_samples,54.61904762,54.8
NUS2077,dT_samples,43.28571429,48.25
NUS2077,dT_samples,49.66666667,53.88888889
NUS2077,dT_samples,55.38095238,47
NUS2077,dT_samples,63.05555556,54.22222222
NUS2077,dT_samples,50.8,49.5
NUS2077,dT_samples,54.2173913,46.19047619
NUS2077,dT_samples,44.14285714,51.9047619
NUS2077,dT_samples,49.66666667,44.70833333
NUS2077,dT_samples,59.1,43
NUS2077,CT_samples,36.46666667,49.4
NUS2077,CT_samples,38.64705882,56.41666667
NUS2077,CT_samples,36.52631579,53.85714286
NUS2077,CT_samples,37.22222222,54.9
NUS2077,CT_samples,40.61538462,56.8
NUS2077,CT_samples,41.26315789,54.83333333
NUS2077,CT_samples,41.23529412,55
NUS2077,CT_samples,35.42857143,48
NUS2077,CT_samples,38,52
NUS2077,CT_samples,42.43478261,51
NUS2077,CT_samples,41.82608696,47.85714286
NUS2077,CT_samples,45.2173913,52.1875
NUS2077,CT_samples,38.9,61.6875
NUS2077,CT_samples,48.875,53
NUS2077,CT_samples,50.60869565,59.88888889
NUS2077,CT_samples,52.6,59.3
NUS2077,CT_samples,43.66666667,56.45
NUS2077,CT_samples,51.95,49.69230769
NUS2077,CT_samples,51.33333333,42.44444444
NUS2077,CT_samples,51.36,53.5
NUS2077,RI_ratio,0.581242585,0.870273211
NUS2077,RI_ratio,0.523909662,0.649161429
NUS2077,RI_ratio,0.689423332,0.873988588
NUS2077,RI_ratio,0.591871867,0.782269177
NUS2077,RI_ratio,0.590494178,0.871041596
NUS2077,RI_ratio,0.591172087,0.721026155
NUS2077,RI_ratio,0.566905597,0.955222074
NUS2077,RI_ratio,0.485415163,0.770049015
NUS2077,RI_ratio,0.447313844,0.83673665
NUS2077,RI_ratio,0.634519408,0.880908711
NUS2077,RI_ratio,0.487748636,0.766025859
NUS2077,RI_ratio,0.475560301,0.84628923
NUS2077,RI_ratio,0.628592706,0.885221376
NUS2077,RI_ratio,1.594890284,0.95112369
NUS2077,RI_ratio,0.588860352,0.910198394
NUS2077,RI_ratio,0.604109128,0.847480101
NUS2077,RI_ratio,0.599097686,0.908332096
NUS2077,RI_ratio,0.653108599,0.943621796
NUS2077,RI_ratio,0.743304037,0.821811897
NUS2077,RI_ratio,0.677841009,0.80373452
NUS2078,PulseWidth_sec,1.068055556,1.057333333
NUS2078,PulseWidth_sec,1.04975,0.996923077
NUS2078,PulseWidth_sec,0.9773,0.945263158
NUS2078,PulseWidth_sec,1.023333333,0.983478261
NUS2078,PulseWidth_sec,1.051769231,0.9448
NUS2078,PulseWidth_sec,1.0001,0.91375
NUS2078,PulseWidth_sec,1.231,1.16
NUS2078,PulseWidth_sec,1.094789474,1.082666667
NUS2078,PulseWidth_sec,1.157615385,1.14
NUS2078,PulseWidth_sec,1.182636364,1.16
NUS2078,PulseWidth_sec,1.1303,1.155
NUS2078,PulseWidth_sec,1.16625,1.18
NUS2078,PulseWidth_sec,1.111043478,1.076363636
NUS2078,PulseWidth_sec,1.195333333,1.11
NUS2078,PulseWidth_sec,1.216941176,1.073
NUS2078,PulseWidth_sec,1.18345,1.054736842
NUS2078,PulseWidth_sec,1.147,1.105
NUS2078,PulseWidth_sec,1.1756,1.106956522
NUS2078,PulseWidth_sec,1.238470588,1.0775
NUS2078,PulseWidth_sec,1.191833333,1.165263158
NUS2078,CT_sec,0.199857143,0.274166667
NUS2078,CT_sec,0.187631579,0.2
NUS2078,CT_sec,0.184176471,0.186666667
NUS2078,CT_sec,0.175809524,0.164705882
NUS2078,CT_sec,0.1828,0.197333333
NUS2078,CT_sec,0.184190476,0.197391304
NUS2078,CT_sec,0.182181818,0.184
NUS2078,CT_sec,0.182571429,0.180909091
NUS2078,CT_sec,0.175692308,0.238333333
NUS2078,CT_sec,0.183333333,0.185
NUS2078,CT_sec,0.179666667,0.185
NUS2078,CT_sec,0.186277778,0.2392
NUS2078,CT_sec,0.195454545,0.25
NUS2078,CT_sec,0.1756,0.17
NUS2078,CT_sec,0.175619048,0.257142857
NUS2078,CT_sec,0.186095238,0.183636364
NUS2078,CT_sec,0.181818182,0.18
NUS2078,CT_sec,0.201933333,0.182857143
NUS2078,CT_sec,0.177866667,0.274444444
NUS2078,CT_sec,0.1786,0.272222222
NUS2078,dT_sec,0.301857143,0.256363636
NUS2078,dT_sec,0.322555556,0.335
NUS2078,dT_sec,0.304809524,0.231
NUS2078,dT_sec,0.315777778,0.268
NUS2078,dT_sec,0.3239375,0.2808
NUS2078,dT_sec,0.323533333,0.326
NUS2078,dT_sec,0.326928571,0.346666667
NUS2078,dT_sec,0.3101,0.37
NUS2078,dT_sec,0.2544,0.313333333
NUS2078,dT_sec,0.319833333,0.355
NUS2078,dT_sec,0.333777778,0.385454545
NUS2078,dT_sec,0.337333333,0.356666667
NUS2078,dT_sec,0.332,0.335294118
NUS2078,dT_sec,0.3338,0.388
NUS2078,dT_sec,0.220761905,0.38
NUS2078,dT_sec,0.254777778,0.26
NUS2078,dT_sec,0.2949,0.310526316
NUS2078,dT_sec,0.306647059,0.33
NUS2078,dT_sec,0.299684211,0.268333333
NUS2078,dT_sec,0.312,0.286666667
NUS2078,dT_samples,45.125,46.11538462
NUS2078,dT_samples,59.41176471,65.42857143
NUS2078,dT_samples,61.72727273,62.28571429
NUS2078,dT_samples,60,63
NUS2078,dT_samples,42.4,64.2
NUS2078,dT_samples,53.95238095,42.72727273
NUS2078,dT_samples,54.75,61
NUS2078,dT_samples,54.21428571,64.8
NUS2078,dT_samples,52.33333333,63.85714286
NUS2078,dT_samples,55.8,72.3
NUS2078,dT_samples,54.25,60
NUS2078,dT_samples,54.44444444,59.22222222
NUS2078,dT_samples,56.0952381,59
NUS2078,dT_samples,55.14285714,69.33333333
NUS2078,dT_samples,36.23809524,66.09090909
NUS2078,dT_samples,38.18181818,64.5
NUS2078,dT_samples,48.28571429,61.39130435
NUS2078,dT_samples,52.6,59
NUS2078,dT_samples,57.06666667,46.1
NUS2078,dT_samples,54,56.5
NUS2078,CT_samples,35.89473684,35.5
NUS2078,CT_samples,34.57142857,33.2
NUS2078,CT_samples,37.96296296,38.32
NUS2078,CT_samples,31.4,38.36842105
NUS2078,CT_samples,33.80952381,31.8
NUS2078,CT_samples,28.75,27.57142857
NUS2078,CT_samples,29.75,28
NUS2078,CT_samples,30.47058824,27.875
NUS2078,CT_samples,30.83333333,29.25
NUS2078,CT_samples,30.70588235,29.33333333
NUS2078,CT_samples,30.375,29.5
NUS2078,CT_samples,30.8125,37.375
NUS2078,CT_samples,29.5,44.42857143
NUS2078,CT_samples,29.63157895,39.42105263
NUS2078,CT_samples,28.5,47.33333333
NUS2078,CT_samples,27.875,53.27272727
NUS2078,CT_samples,35.1875,34.31578947
NUS2078,CT_samples,30.5,30
NUS2078,CT_samples,31,54.76470588
NUS2078,CT_samples,30.05882353,52.08333333
NUS2078,RI_ratio,0.640353958,0.90032969
NUS2078,RI_ratio,0.731558168,0.93288055
NUS2078,RI_ratio,0.453334081,0.709633615
NUS2078,RI_ratio,0.474765718,0.726557602
NUS2078,RI_ratio,0.448580652,0.756442994
NUS2078,RI_ratio,0.618388855,0.758799767
NUS2078,RI_ratio,0.702994048,0.843456407
NUS2078,RI_ratio,0.576360074,0.839819242
NUS2078,RI_ratio,0.652456425,0.903054857
NUS2078,RI_ratio,0.517233737,0.670592771
NUS2078,RI_ratio,0.495537142,0.777510789
NUS2078,RI_ratio,0.50125689,0.708480715
NUS2078,RI_ratio,0.370408704,0.4671434
NUS2078,RI_ratio,0.580379394,4.566858145
NUS2078,RI_ratio,0.420273711,0.856241871
NUS2078,RI_ratio,0.424417924,0.904860393
NUS2078,RI_ratio,0.49978181,0.810182167
NUS2078,RI_ratio,0.667026306,0.85814671
NUS2078,RI_ratio,0.662669101,0.765071647
NUS2078,RI_ratio,0.547403666,0.883234952
NUS2079,PulseWidth_sec,0.865066667,0.87
NUS2079,PulseWidth_sec,0.901464286,0.901666667
NUS2079,PulseWidth_sec,0.893428571,0.8936
NUS2079,PulseWidth_sec,0.947173913,0.9475
NUS2079,PulseWidth_sec,0.9045,0.91
NUS2079,PulseWidth_sec,0.913833333,0.916666667
NUS2079,PulseWidth_sec,0.908133333,0.89
NUS2079,PulseWidth_sec,0.871866667,0.897142857
NUS2079,PulseWidth_sec,0.860448276,0.8664
NUS2079,PulseWidth_sec,0.86525,0.866666667
NUS2079,PulseWidth_sec,0.9229,0.934166667
NUS2079,PulseWidth_sec,0.945545455,0.952222222
NUS2079,PulseWidth_sec,0.971809524,0.96952381
NUS2079,PulseWidth_sec,0.966192308,0.971
NUS2079,PulseWidth_sec,0.9170625,0.931428571
NUS2079,PulseWidth_sec,0.890857143,0.88
NUS2079,PulseWidth_sec,0.934833333,0.94
NUS2079,PulseWidth_sec,0.98972,0.987368421
NUS2079,PulseWidth_sec,0.976818182,0.979090909
NUS2079,PulseWidth_sec,0.967208333,0.95625
NUS2079,CT_sec,0.181103448,0.183333333
NUS2079,CT_sec,0.179310345,0.17826087
NUS2079,CT_sec,0.180413793,0.185185185
NUS2079,CT_sec,0.177857143,0.173043478
NUS2079,CT_sec,0.1785,0.178666667
NUS2079,CT_sec,0.177714286,0.176666667
NUS2079,CT_sec,0.175826087,0.205
NUS2079,CT_sec,0.177384615,0.178823529
NUS2079,CT_sec,0.178615385,0.177777778
NUS2079,CT_sec,0.175,0.178
NUS2079,CT_sec,0.185555556,0.191538462
NUS2079,CT_sec,0.174933333,0.183571429
NUS2079,CT_sec,0.181333333,0.231
NUS2079,CT_sec,0.173333333,0.186666667
NUS2079,CT_sec,0.185230769,0.194736842
NUS2079,CT_sec,0.18,0.184210526
NUS2079,CT_sec,0.1826,0.184545455
NUS2079,CT_sec,0.173090909,0.174285714
NUS2079,CT_sec,0.171444444,0.18
NUS2079,CT_sec,0.185227273,0.19125
NUS2079,dT_sec,0.2934,0.3096
NUS2079,dT_sec,0.347896552,0.344347826
NUS2079,dT_sec,0.348321429,0.34
NUS2079,dT_sec,0.350166667,0.3416
NUS2079,dT_sec,0.320583333,0.312857143
NUS2079,dT_sec,0.331866667,0.326666667
NUS2079,dT_sec,0.334344828,0.308
NUS2079,dT_sec,0.330666667,0.335384615
NUS2079,dT_sec,0.338,0.28952381
NUS2079,dT_sec,0.331090909,0.323529412
NUS2079,dT_sec,0.3325,0.313333333
NUS2079,dT_sec,0.313571429,0.267368421
NUS2079,dT_sec,0.318105263,0.31
NUS2079,dT_sec,0.336727273,0.36
NUS2079,dT_sec,0.318846154,0.328
NUS2079,dT_sec,0.3213,0.334
NUS2079,dT_sec,0.324238095,0.343636364
NUS2079,dT_sec,0.3524,0.366
NUS2079,dT_sec,0.314,0.3375
NUS2079,dT_sec,0.3418,0.344285714
NUS2079,dT_samples,67.8,69.11111111
NUS2079,dT_samples,68.43333333,70.39130435
NUS2079,dT_samples,76.72413793,74.91304348
NUS2079,dT_samples,77.36842105,73.14285714
NUS2079,dT_samples,71.75,69.72727273
NUS2079,dT_samples,70.96428571,68.08333333
NUS2079,dT_samples,82.43478261,76.57894737
NUS2079,dT_samples,75.8,72.83333333
NUS2079,dT_samples,74.48,74.64705882
NUS2079,dT_samples,70.09090909,64.59090909
NUS2079,dT_samples,71.03846154,68.44444444
NUS2079,dT_samples,71.44,64.75
NUS2079,dT_samples,67.10526316,64
NUS2079,dT_samples,67.39285714,67.36
NUS2079,dT_samples,66.79166667,59.76190476
NUS2079,dT_samples,74.58823529,61.95652174
NUS2079,dT_samples,62,56.72727273
NUS2079,dT_samples,69.76470588,61.65
NUS2079,dT_samples,68.18181818,64.5
NUS2079,dT_samples,64.6,66.15789474
NUS2079,CT_samples,41.66666667,41.45454545
NUS2079,CT_samples,40.18518519,43.86206897
NUS2079,CT_samples,39.36363636,37.6
NUS2079,CT_samples,38.7826087,38.625
NUS2079,CT_samples,38.11764706,37.125
NUS2079,CT_samples,40.14285714,37.27777778
NUS2079,CT_samples,35.95652174,40.8125
NUS2079,CT_samples,36.85714286,40.61904762
NUS2079,CT_samples,38.11538462,38.86363636
NUS2079,CT_samples,38.07407407,37.55
NUS2079,CT_samples,36.31818182,39
NUS2079,CT_samples,33.44444444,37.77777778
NUS2079,CT_samples,38.18181818,38.83333333
NUS2079,CT_samples,35.86666667,38.76923077
NUS2079,CT_samples,35.12,44.47058824
NUS2079,CT_samples,38.17647059,40.15
NUS2079,CT_samples,36,40.23076923
NUS2079,CT_samples,37.83333333,37.38461538
NUS2079,CT_samples,38.85714286,43.72
NUS2079,CT_samples,36,38.1
NUS2079,RI_ratio,0.474716936,0.655576869
NUS2079,RI_ratio,0.277100224,0.524066333
NUS2079,RI_ratio,0.309507164,0.524369469
NUS2079,RI_ratio,0.348770148,0.534488902
NUS2079,RI_ratio,0.433369499,0.548460363
NUS2079,RI_ratio,0.370318901,0.731965144
NUS2079,RI_ratio,0.367885044,0.71242394
NUS2079,RI_ratio,0.358097696,0.672161263
NUS2079,RI_ratio,0.447454326,0.829445159
NUS2079,RI_ratio,0.370075064,0.698776256
NUS2079,RI_ratio,0.415546622,0.78144023
NUS2079,RI_ratio,0.453919159,0.686598216
NUS2079,RI_ratio,0.38783678,0.533633497
NUS2079,RI_ratio,0.432577507,0.578510733
NUS2079,RI_ratio,0.446620173,0.705927543
NUS2079,RI_ratio,0.369301694,0.648704569
NUS2079,RI_ratio,0.360494896,0.617252404
NUS2079,RI_ratio,0.422664165,0.824481216
NUS2079,RI_ratio,0.425469491,0.655961665
NUS2079,RI_ratio,0.565871056,0.735760493
NUS2080,PulseWidth_sec,0.99868,1.366153846
NUS2080,PulseWidth_sec,1.112238095,1.348333333
NUS2080,PulseWidth_sec,1.038416667,1.4
NUS2080,PulseWidth_sec,1.10535,1.28
NUS2080,PulseWidth_sec,1.064347826,1.34
NUS2080,PulseWidth_sec,1.11526087,1.346666667
NUS2080,PulseWidth_sec,1.123642857,1.366666667
NUS2080,PulseWidth_sec,1.090933333,1.39
NUS2080,PulseWidth_sec,1.087,1.32
NUS2080,PulseWidth_sec,1.0075,1.353333333
NUS2080,PulseWidth_sec,1.130333333,1.231428571
NUS2080,PulseWidth_sec,1.0414,1.303333333
NUS2080,PulseWidth_sec,0.7548,1.213333333
NUS2080,PulseWidth_sec,1.15625,1.152
NUS2080,PulseWidth_sec,1.192285714,1.34
NUS2080,PulseWidth_sec,0.962304348,1.0925
NUS2080,PulseWidth_sec,1.147285714,1.26
NUS2080,PulseWidth_sec,1.122941176,1.285
NUS2080,PulseWidth_sec,1.132684211,1.266
NUS2080,PulseWidth_sec,0.891285714,1.24
NUS2080,CT_sec,0.18556,0.324615385
NUS2080,CT_sec,0.186,0.315
NUS2080,CT_sec,0.186047619,0.328333333
NUS2080,CT_sec,0.184958333,0.333333333
NUS2080,CT_sec,0.18545,0.32
NUS2080,CT_sec,0.184857143,0.321666667
NUS2080,CT_sec,0.187478261,0.18
NUS2080,CT_sec,0.189217391,0.206666667
NUS2080,CT_sec,0.189214286,0.233333333
NUS2080,CT_sec,0.189866667,0.19
NUS2080,CT_sec,0.187,0.193333333
NUS2080,CT_sec,0.185,0.244
NUS2080,CT_sec,0.180285714,0.2
NUS2080,CT_sec,0.176173913,0.3075
NUS2080,CT_sec,0.186952381,0.254736842
NUS2080,CT_sec,0.189117647,0.2
NUS2080,CT_sec,0.187947368,0.246
NUS2080,CT_sec,0.164,0.292
NUS2080,CT_sec,0.169714286,0.18
NUS2080,CT_sec,0.156142857,0.18
NUS2080,dT_sec,0.25445,0.388
NUS2080,dT_sec,0.2902,0.296923077
NUS2080,dT_sec,0.254,0.29
NUS2080,dT_sec,0.288666667,0.335
NUS2080,dT_sec,0.290142857,0.391666667
NUS2080,dT_sec,0.290125,0.32
NUS2080,dT_sec,0.293380952,0.353333333
NUS2080,dT_sec,0.288652174,0.38
NUS2080,dT_sec,0.292869565,0.366666667
NUS2080,dT_sec,0.247285714,0.366666667
NUS2080,dT_sec,0.270125,0.22
NUS2080,dT_sec,0.2838,0.4
NUS2080,dT_sec,0.234333333,0.405714286
NUS2080,dT_sec,0.2968,0.36
NUS2080,dT_sec,0.183666667,0.353333333
NUS2080,dT_sec,0.308142857,0.36
NUS2080,dT_sec,0.306285714,0.310526316
NUS2080,dT_sec,0.309315789,0.344
NUS2080,dT_sec,0.30925,0.26
NUS2080,dT_sec,0.302714286,0.38
NUS2080,dT_samples,57.65,69.6
NUS2080,dT_samples,57.56,42
NUS2080,dT_samples,41.75,41
NUS2080,dT_samples,50.58333333,48.5
NUS2080,dT_samples,51.71428571,57.08333333
NUS2080,dT_samples,55.41666667,44.33333333
NUS2080,dT_samples,51.10526316,30.5
NUS2080,dT_samples,51.52380952,49.75
NUS2080,dT_samples,52.13043478,52.66666667
NUS2080,dT_samples,41.28571429,52
NUS2080,dT_samples,55.7,57.66666667
NUS2080,dT_samples,41,64.28571429
NUS2080,dT_samples,46.66666667,56.66666667
NUS2080,dT_samples,51.35714286,53
NUS2080,dT_samples,56.30434783,43.125
NUS2080,dT_samples,52.95238095,47.78947368
NUS2080,dT_samples,54.35294118,55.25
NUS2080,dT_samples,54.26315789,52.8
NUS2080,dT_samples,47.75,41.4
NUS2080,dT_samples,67.21428571,59
NUS2080,CT_samples,36.64,45.92307692
NUS2080,CT_samples,31.75,44
NUS2080,CT_samples,32.33333333,46
NUS2080,CT_samples,35.08333333,45.66666667
NUS2080,CT_samples,32.23809524,44.83333333
NUS2080,CT_samples,34.73913043,25
NUS2080,CT_samples,33.35714286,32.33333333
NUS2080,CT_samples,34.4,26.5
NUS2080,CT_samples,32.125,44
NUS2080,CT_samples,33.7,28
NUS2080,CT_samples,29.66666667,29.85714286
NUS2080,CT_samples,31.4,27.66666667
NUS2080,CT_samples,48.8,30.66666667
NUS2080,CT_samples,31.5,40.8
NUS2080,CT_samples,29.78571429,29
NUS2080,CT_samples,36.04347826,55.375
NUS2080,CT_samples,32.19047619,39.10526316
NUS2080,CT_samples,33.29411765,29.25
NUS2080,CT_samples,32.73684211,37.5
NUS2080,CT_samples,25.25,46.3
NUS2080,RI_ratio,0.675343357,0.814206369
NUS2080,RI_ratio,0.708112823,0.836383511
NUS2080,RI_ratio,0.544655494,0.873958262
NUS2080,RI_ratio,0.514584957,0.800023384
NUS2080,RI_ratio,0.503996722,0.867747075
NUS2080,RI_ratio,0.503854887,0.819938743
NUS2080,RI_ratio,0.604601399,0.808874038
NUS2080,RI_ratio,0.671037344,0.895447234
NUS2080,RI_ratio,0.606140027,0.86439426
NUS2080,RI_ratio,0.699103603,0.841009614
NUS2080,RI_ratio,0.571652977,0.779291345
NUS2080,RI_ratio,0.768235828,0.834322426
NUS2080,RI_ratio,0.610968849,0.816765852
NUS2080,RI_ratio,0.523853353,0.713217635
NUS2080,RI_ratio,0.543277079,0.830216826
NUS2080,RI_ratio,0.566940103,0.886985298
NUS2080,RI_ratio,0.581594966,0.858173768
NUS2080,RI_ratio,0.5036693,0.841112039
NUS2080,RI_ratio,0.47484012,0.745356952
NUS2080,RI_ratio,0.343807713,0.690283542
NUS2082,PulseWidth_sec,0.826966667,0.82962963
NUS2082,PulseWidth_sec,0.840677419,0.840625
NUS2082,PulseWidth_sec,0.8245,0.826875
NUS2082,PulseWidth_sec,0.773470588,0.770833333
NUS2082,PulseWidth_sec,0.81230303,0.812121212
NUS2082,PulseWidth_sec,0.728055556,0.726486486
NUS2082,PulseWidth_sec,0.760129032,0.765294118
NUS2082,PulseWidth_sec,0.782470588,0.778235294
NUS2082,PulseWidth_sec,0.734324324,0.734054054
NUS2082,PulseWidth_sec,0.795647059,0.793939394
NUS2082,PulseWidth_sec,0.8223125,0.825454545
NUS2082,PulseWidth_sec,0.850548387,0.849032258
NUS2082,PulseWidth_sec,0.846612903,0.85483871
NUS2082,PulseWidth_sec,0.844451613,0.843870968
NUS2082,PulseWidth_sec,0.83447619,0.835
NUS2082,PulseWidth_sec,0.80975,0.8125
NUS2082,PulseWidth_sec,0.83409375,0.832
NUS2082,PulseWidth_sec,0.801794118,0.8
NUS2082,PulseWidth_sec,0.873129032,0.880714286
NUS2082,PulseWidth_sec,0.891310345,0.895
NUS2082,CT_sec,0.206764706,0.265294118
NUS2082,CT_sec,0.205666667,0.294666667
NUS2082,CT_sec,0.210870968,0.273333333
NUS2082,CT_sec,0.208125,0.27125
NUS2082,CT_sec,0.207484848,0.27
NUS2082,CT_sec,0.195702703,0.238378378
NUS2082,CT_sec,0.202428571,0.264571429
NUS2082,CT_sec,0.205,0.264242424
NUS2082,CT_sec,0.198612903,0.254193548
NUS2082,CT_sec,0.209727273,0.243846154
NUS2082,CT_sec,0.209,0.256774194
NUS2082,CT_sec,0.202741935,0.256875
NUS2082,CT_sec,0.208032258,0.262580645
NUS2082,CT_sec,0.214193548,0.277419355
NUS2082,CT_sec,0.214733333,0.272258065
NUS2082,CT_sec,0.222275862,0.283333333
NUS2082,CT_sec,0.2222,0.268965517
NUS2082,CT_sec,0.21616,0.258125
NUS2082,CT_sec,0.222965517,0.275555556
NUS2082,CT_sec,0.235655172,0.266666667
NUS2082,dT_sec,0.322096774,0.250322581
NUS2082,dT_sec,0.322233333,0.2825
NUS2082,dT_sec,0.365548387,0.274375
NUS2082,dT_sec,0.297241379,0.246363636
NUS2082,dT_sec,0.34446875,0.298125
NUS2082,dT_sec,0.3350625,0.28875
NUS2082,dT_sec,0.324419355,0.262
NUS2082,dT_sec,0.326185185,0.29125
NUS2082,dT_sec,0.317333333,0.261428571
NUS2082,dT_sec,0.319096774,0.260645161
NUS2082,dT_sec,0.310774194,0.255333333
NUS2082,dT_sec,0.320958333,0.269677419
NUS2082,dT_sec,0.313741935,0.289032258
NUS2082,dT_sec,0.306363636,0.257058824
NUS2082,dT_sec,0.310625,0.28516129
NUS2082,dT_sec,0.2513125,0.226153846
NUS2082,dT_sec,0.293058824,0.2792
NUS2082,dT_sec,0.290619048,0.248695652
NUS2082,dT_sec,0.299869565,0.237142857
NUS2082,dT_sec,0.294965517,0.253333333
NUS2082,dT_samples,79.5,64.45714286
NUS2082,dT_samples,86.46428571,70.08333333
NUS2082,dT_samples,81.4,61.80645161
NUS2082,dT_samples,85.05882353,68.82857143
NUS2082,dT_samples,81.11111111,62.36363636
NUS2082,dT_samples,82.8125,70.21875
NUS2082,dT_samples,81.15625,68.27272727
NUS2082,dT_samples,78.66666667,63.6875
NUS2082,dT_samples,69.51724138,54.86206897
NUS2082,dT_samples,75.58333333,62.74193548
NUS2082,dT_samples,72.48387097,59.63333333
NUS2082,dT_samples,71.76666667,59.12903226
NUS2082,dT_samples,73.35714286,61.72
NUS2082,dT_samples,74.85714286,65.72727273
NUS2082,dT_samples,66.30769231,57.85714286
NUS2082,dT_samples,67.4375,55.79166667
NUS2082,dT_samples,67.33333333,55.73913043
NUS2082,dT_samples,69.63333333,52.96551724
NUS2082,dT_samples,63.46428571,53.92857143
NUS2082,dT_samples,65.28571429,56.6
NUS2082,CT_samples,52.14285714,64.03125
NUS2082,CT_samples,52.33333333,64.36363636
NUS2082,CT_samples,49.68965517,63.09677419
NUS2082,CT_samples,49.07692308,62.28125
NUS2082,CT_samples,51.25806452,65.97222222
NUS2082,CT_samples,49.66666667,61.90909091
NUS2082,CT_samples,48.59375,61.48484848
NUS2082,CT_samples,49.62962963,53.42857143
NUS2082,CT_samples,47.40625,57.22580645
NUS2082,CT_samples,47.35294118,57.90322581
NUS2082,CT_samples,47.3,58.16129032
NUS2082,CT_samples,49.03448276,59.41935484
NUS2082,CT_samples,48.11111111,56.75862069
NUS2082,CT_samples,50.44,61.34782609
NUS2082,CT_samples,52.25,63.60606061
NUS2082,CT_samples,50.66666667,56.06666667
NUS2082,CT_samples,51.26666667,62.63333333
NUS2082,CT_samples,50.77272727,61.22580645
NUS2082,CT_samples,50.07692308,61
NUS2082,CT_samples,51.51724138,60.07142857
NUS2082,RI_ratio,0.519139318,0.815156473
NUS2082,RI_ratio,0.516987045,0.837761922
NUS2082,RI_ratio,0.488868946,0.794573347
NUS2082,RI_ratio,0.476161074,0.800989147
NUS2082,RI_ratio,0.480681821,0.756501867
NUS2082,RI_ratio,0.387015795,0.710039561
NUS2082,RI_ratio,0.451618554,0.785217069
NUS2082,RI_ratio,0.40297955,0.729881405
NUS2082,RI_ratio,0.421360738,0.753173524
NUS2082,RI_ratio,0.394468471,0.727163091
NUS2082,RI_ratio,0.477562893,0.798510721
NUS2082,RI_ratio,0.452297859,0.774179902
NUS2082,RI_ratio,0.545970854,0.854623483
NUS2082,RI_ratio,0.481491121,0.7638609
NUS2082,RI_ratio,0.475036507,0.760043995
NUS2082,RI_ratio,0.480895175,0.747273126
NUS2082,RI_ratio,0.555048259,0.780108857
NUS2082,RI_ratio,0.578061536,0.873418808
NUS2082,RI_ratio,0.538114849,0.806653872
NUS2082,RI_ratio,0.520074465,0.824892325
NUS2083,PulseWidth_sec,1.035916667,1.025
NUS2083,PulseWidth_sec,1.03475,1.044347826
NUS2083,PulseWidth_sec,1.045869565,1.049166667
NUS2083,PulseWidth_sec,1.0407,1.03875
NUS2083,PulseWidth_sec,1.04995,1.058095238
NUS2083,PulseWidth_sec,1.0403,1.018571429
NUS2083,PulseWidth_sec,1.029625,1.030909091
NUS2083,PulseWidth_sec,1.015652174,1.0168
NUS2083,PulseWidth_sec,1.013583333,1.003636364
NUS2083,PulseWidth_sec,1.069363636,1.076190476
NUS2083,PulseWidth_sec,1.135941176,1.112222222
NUS2083,PulseWidth_sec,1.156692308,1.118333333
NUS2083,PulseWidth_sec,1.144,1.138181818
NUS2083,PulseWidth_sec,1.267444444,1.206153846
NUS2083,PulseWidth_sec,1.2693125,1.20875
NUS2083,PulseWidth_sec,1.193611111,1.144
NUS2083,PulseWidth_sec,1.177142857,1.072
NUS2083,PulseWidth_sec,1.058181818,1.012
NUS2083,PulseWidth_sec,1.197375,1.175789474
NUS2083,PulseWidth_sec,1.148571429,1.152631579
NUS2083,CT_sec,0.187166667,0.187142857
NUS2083,CT_sec,0.18775,0.193684211
NUS2083,CT_sec,0.187227273,0.196
NUS2083,CT_sec,0.186913043,0.2
NUS2083,CT_sec,0.188619048,0.196190476
NUS2083,CT_sec,0.18895,0.1976
NUS2083,CT_sec,0.1889,0.19375
NUS2083,CT_sec,0.19105,0.19375
NUS2083,CT_sec,0.191666667,0.19
NUS2083,CT_sec,0.198809524,0.215714286
NUS2083,CT_sec,0.190045455,0.204444444
NUS2083,CT_sec,0.2,0.254666667
NUS2083,CT_sec,0.197588235,0.221428571
NUS2083,CT_sec,0.200454545,0.232857143
NUS2083,CT_sec,0.190666667,0.231
NUS2083,CT_sec,0.189714286,0.194666667
NUS2083,CT_sec,0.201153846,0.234545455
NUS2083,CT_sec,0.206384615,0.288888889
NUS2083,CT_sec,0.20525,0.235238095
NUS2083,CT_sec,0.210666667,0.236
NUS2083,dT_sec,0.3432,0.357142857
NUS2083,dT_sec,0.35136,0.354782609
NUS2083,dT_sec,0.343434783,0.332173913
NUS2083,dT_sec,0.336631579,0.322608696
NUS2083,dT_sec,0.340590909,0.339
NUS2083,dT_sec,0.328058824,0.3225
NUS2083,dT_sec,0.332125,0.352222222
NUS2083,dT_sec,0.3295,0.34
NUS2083,dT_sec,0.3304375,0.362857143
NUS2083,dT_sec,0.347727273,0.376666667
NUS2083,dT_sec,0.330125,0.335
NUS2083,dT_sec,0.352285714,0.274
NUS2083,dT_sec,0.351866667,0.387
NUS2083,dT_sec,0.359176471,0.418571429
NUS2083,dT_sec,0.3315,0.31
NUS2083,dT_sec,0.262444444,0.31
NUS2083,dT_sec,0.336833333,0.344444444
NUS2083,dT_sec,0.343714286,0.3025
NUS2083,dT_sec,0.345,0.346666667
NUS2083,dT_sec,0.336083333,0.335789474
NUS2083,dT_samples,65.42857143,65.05555556
NUS2083,dT_samples,67,63.75
NUS2083,dT_samples,63.96,65.93333333
NUS2083,dT_samples,63.875,61.38095238
NUS2083,dT_samples,69.55,64.2173913
NUS2083,dT_samples,64.86363636,62.57142857
NUS2083,dT_samples,61.77777778,66.625
NUS2083,dT_samples,61.55,69.35294118
NUS2083,dT_samples,60.25,62.625
NUS2083,dT_samples,57.8125,61.27272727
NUS2083,dT_samples,55.125,62.3
NUS2083,dT_samples,53,61.08333333
NUS2083,dT_samples,55.17647059,50.66666667
NUS2083,dT_samples,55.5,56.9
NUS2083,dT_samples,53.27272727,50.35714286
NUS2083,dT_samples,61.66666667,58.55
NUS2083,dT_samples,54.61111111,65.21428571
NUS2083,dT_samples,57.25,62.33333333
NUS2083,dT_samples,57.5,53.5
NUS2083,dT_samples,56.88235294,66.9047619
NUS2083,CT_samples,35.58333333,35.28571429
NUS2083,CT_samples,35.125,36.22222222
NUS2083,CT_samples,33.07692308,40
NUS2083,CT_samples,34.5,38.77777778
NUS2083,CT_samples,34.36363636,34.69230769
NUS2083,CT_samples,35.57142857,35.36363636
NUS2083,CT_samples,31.46666667,33.14285714
NUS2083,CT_samples,32.125,33.90909091
NUS2083,CT_samples,32,33.57142857
NUS2083,CT_samples,34.4,33.66666667
NUS2083,CT_samples,34.45454545,38.33333333
NUS2083,CT_samples,32.14285714,35.66666667
NUS2083,CT_samples,31.90909091,41.68421053
NUS2083,CT_samples,34.54545455,38.17647059
NUS2083,CT_samples,33.33333333,34.33333333
NUS2083,CT_samples,33.5,36.89473684
NUS2083,CT_samples,39.61538462,44.59090909
NUS2083,CT_samples,34.25,34.70588235
NUS2083,CT_samples,34.45454545,34.78947368
NUS2083,CT_samples,33.5,41.42105263
NUS2083,RI_ratio,0.381717827,0.7215617
NUS2083,RI_ratio,0.373021124,0.728732383
NUS2083,RI_ratio,0.376304845,0.72929459
NUS2083,RI_ratio,0.845999264,0.706043716
NUS2083,RI_ratio,0.434254774,0.741313689
NUS2083,RI_ratio,0.4566375,0.840482659
NUS2083,RI_ratio,0.431828126,0.810081056
NUS2083,RI_ratio,0.442633473,0.789248843
NUS2083,RI_ratio,0.453304285,0.750438907
NUS2083,RI_ratio,0.405455024,0.781912789
NUS2083,RI_ratio,0.412989894,0.802943926
NUS2083,RI_ratio,0.433373149,0.773235012
NUS2083,RI_ratio,0.416373171,0.702144624
NUS2083,RI_ratio,0.557759638,0.756820383
NUS2083,RI_ratio,4.202865761,0.755890544
NUS2083,RI_ratio,0.552967279,0.795151777
NUS2083,RI_ratio,0.474304473,0.76828532
NUS2083,RI_ratio,0.45334742,0.746903145
NUS2083,RI_ratio,0.458973829,0.831052966
NUS2083,RI_ratio,0.456705994,0.841376816
NUS2086,PulseWidth_sec,0.910407407,0.912857143
NUS2086,PulseWidth_sec,0.8,0.794
NUS2086,PulseWidth_sec,0.850625,0.860666667
NUS2086,PulseWidth_sec,0.836857143,0.855238095
NUS2086,PulseWidth_sec,0.885214286,0.888888889
NUS2086,PulseWidth_sec,0.886607143,0.888148148
NUS2086,PulseWidth_sec,0.853225806,0.848965517
NUS2086,PulseWidth_sec,0.88864,0.894074074
NUS2086,PulseWidth_sec,0.8694,0.868571429
NUS2086,PulseWidth_sec,0.887148148,0.889655172
NUS2086,PulseWidth_sec,0.858357143,0.869655172
NUS2086,PulseWidth_sec,0.8569,0.864516129
NUS2086,PulseWidth_sec,0.875107143,0.866451613
NUS2086,PulseWidth_sec,0.881086957,0.892666667
NUS2086,PulseWidth_sec,0.856478261,0.866
NUS2086,PulseWidth_sec,0.881346154,0.879333333
NUS2086,PulseWidth_sec,0.86128,0.856428571
NUS2086,PulseWidth_sec,0.901666667,0.906086957
NUS2086,PulseWidth_sec,0.917230769,0.925925926
NUS2086,PulseWidth_sec,0.878,0.866086957
NUS2086,CT_sec,0.186333333,0.2
NUS2086,CT_sec,0.182052632,0.180952381
NUS2086,CT_sec,0.189863636,0.175833333
NUS2086,CT_sec,0.191208333,0.179230769
NUS2086,CT_sec,0.193192308,0.176363636
NUS2086,CT_sec,0.192521739,0.176363636
NUS2086,CT_sec,0.192166667,0.177
NUS2086,CT_sec,0.1745,0.188888889
NUS2086,CT_sec,0.177090909,0.196
NUS2086,CT_sec,0.170424242,0.181111111
NUS2086,CT_sec,0.18428,0.247333333
NUS2086,CT_sec,0.181545455,0.230666667
NUS2086,CT_sec,0.1833,0.1975
NUS2086,CT_sec,0.192322581,0.276666667
NUS2086,CT_sec,0.190833333,0.248666667
NUS2086,CT_sec,0.187464286,0.245714286
NUS2086,CT_sec,0.185481481,0.238064516
NUS2086,CT_sec,0.185666667,0.236
NUS2086,CT_sec,0.186766667,0.23
NUS2086,CT_sec,0.183,0.3104
NUS2086,dT_sec,0.323166667,0.227368421
NUS2086,dT_sec,0.2985,0.305
NUS2086,dT_sec,0.318178571,0.308695652
NUS2086,dT_sec,0.298136364,0.3
NUS2086,dT_sec,0.26416129,0.297333333
NUS2086,dT_sec,0.30505,0.260689655
NUS2086,dT_sec,0.319714286,0.294166667
NUS2086,dT_sec,0.224222222,0.268888889
NUS2086,dT_sec,0.175291667,0.244210526
NUS2086,dT_sec,0.271210526,0.219285714
NUS2086,dT_sec,0.299695652,0.254814815
NUS2086,dT_sec,0.315633333,0.273793103
NUS2086,dT_sec,0.313538462,0.24
NUS2086,dT_sec,0.31375,0.253103448
NUS2086,dT_sec,0.3118,0.255862069
NUS2086,dT_sec,0.315925926,0.25
NUS2086,dT_sec,0.323269231,0.276
NUS2086,dT_sec,0.32024,0.25
NUS2086,dT_sec,0.32096,0.2792
NUS2086,dT_sec,0.319291667,0.2208
NUS2086,dT_samples,64.19047619,53.41176471
NUS2086,dT_samples,65.33333333,65.64705882
NUS2086,dT_samples,57.11111111,50.25
NUS2086,dT_samples,35,53.03846154
NUS2086,dT_samples,70.71428571,53.27586207
NUS2086,dT_samples,71.84,64.85
NUS2086,dT_samples,44.375,58.73684211
NUS2086,dT_samples,71.36666667,58.96551724
NUS2086,dT_samples,72.44,56.6
NUS2086,dT_samples,70.78571429,58.51724138
NUS2086,dT_samples,69.89655172,54.65517241
NUS2086,dT_samples,71.86206897,56.2
NUS2086,dT_samples,69.04,54.45833333
NUS2086,dT_samples,69.96428571,55.26666667
NUS2086,dT_samples,72.19230769,55.71428571
NUS2086,dT_samples,64.76,47.33333333
NUS2086,dT_samples,70.84,70
NUS2086,dT_samples,69.04545455,56.20689655
NUS2086,dT_samples,73.03703704,55.5483871
NUS2086,dT_samples,71.5,74
NUS2086,CT_samples,38.15384615,42.25
NUS2086,CT_samples,40.57142857,36.73913043
NUS2086,CT_samples,40.53846154,35.59090909
NUS2086,CT_samples,40.52173913,35.5
NUS2086,CT_samples,40.58333333,35.85
NUS2086,CT_samples,42.73333333,45.44444444
NUS2086,CT_samples,44.13333333,57.18181818
NUS2086,CT_samples,41.92592593,50.85185185
NUS2086,CT_samples,42.125,46.95833333
NUS2086,CT_samples,44.58333333,60.10526316
NUS2086,CT_samples,43.5,52.44827586
NUS2086,CT_samples,41.82758621,50.53571429
NUS2086,CT_samples,43.2962963,52.25925926
NUS2086,CT_samples,42.1,50
NUS2086,CT_samples,40.56,51.82142857
NUS2086,CT_samples,39.08,53.51851852
NUS2086,CT_samples,38.64285714,48.75862069
NUS2086,CT_samples,41.35714286,62.87096774
NUS2086,CT_samples,39.32,63.53571429
NUS2086,CT_samples,39.17391304,62.33333333
NUS2086,RI_ratio,0.712996187,0.865303221
NUS2086,RI_ratio,0.596281185,0.945526314
NUS2086,RI_ratio,0.708046186,0.854856205
NUS2086,RI_ratio,0.657818671,0.839978066
NUS2086,RI_ratio,0.504191186,0.914031762
NUS2086,RI_ratio,0.589626628,0.876476593
NUS2086,RI_ratio,0.569739128,0.734517091
NUS2086,RI_ratio,0.572384052,0.761593207
NUS2086,RI_ratio,0.670456883,0.831673499
NUS2086,RI_ratio,0.719984732,0.854570122
NUS2086,RI_ratio,0.605963784,0.887915624
NUS2086,RI_ratio,0.610764429,0.885995258
NUS2086,RI_ratio,0.553710642,0.879756633
NUS2086,RI_ratio,0.564232892,0.843561209
NUS2086,RI_ratio,0.541894216,0.858944544
NUS2086,RI_ratio,0.525267253,0.830975897
NUS2086,RI_ratio,0.542204764,0.845280544
NUS2086,RI_ratio,0.591822154,0.818970235
NUS2086,RI_ratio,0.555457518,0.888117627
NUS2086,RI_ratio,0.522629972,0.912857595
NUS2087,PulseWidth_sec,1.245153846,1.22
NUS2087,PulseWidth_sec,1.294631579,1.281666667
NUS2087,PulseWidth_sec,1.249,1.251578947
NUS2087,PulseWidth_sec,1.1438,1.21
NUS2087,PulseWidth_sec,1.248235294,1.238461538
NUS2087,PulseWidth_sec,1.1718,1.141818182
NUS2087,PulseWidth_sec,1.0785,1.091111111
NUS2087,PulseWidth_sec,1.044375,1.075789474
NUS2087,PulseWidth_sec,0.978882353,0.9864
NUS2087,PulseWidth_sec,1.151705882,1.148421053
NUS2087,PulseWidth_sec,1.213368421,1.2125
NUS2087,PulseWidth_sec,1.2325,1.243333333
NUS2087,PulseWidth_sec,1.267125,1.20625
NUS2087,PulseWidth_sec,1.24705,1.255
NUS2087,PulseWidth_sec,1.22795,1.22375
NUS2087,PulseWidth_sec,1.204842105,1.207058824
NUS2087,PulseWidth_sec,1.1798125,1.17875
NUS2087,PulseWidth_sec,1.169473684,1.155
NUS2087,PulseWidth_sec,1.243666667,1.241111111
NUS2087,PulseWidth_sec,1.260411765,1.251764706
NUS2087,CT_sec,0.19825,0.248235294
NUS2087,CT_sec,0.176222222,0.23
NUS2087,CT_sec,0.182526316,0.212631579
NUS2087,CT_sec,0.188833333,0.223333333
NUS2087,CT_sec,0.1935,0.223529412
NUS2087,CT_sec,0.1752,0.2125
NUS2087,CT_sec,0.178285714,0.205333333
NUS2087,CT_sec,0.190571429,0.204
NUS2087,CT_sec,0.18175,0.204615385
NUS2087,CT_sec,0.18675,0.233333333
NUS2087,CT_sec,0.181466667,0.256363636
NUS2087,CT_sec,0.175076923,0.198181818
NUS2087,CT_sec,0.184222222,0.211111111
NUS2087,CT_sec,0.18595,0.211111111
NUS2087,CT_sec,0.183157895,0.210666667
NUS2087,CT_sec,0.189,0.215
NUS2087,CT_sec,0.1889,0.216666667
NUS2087,CT_sec,0.189285714,0.206666667
NUS2087,CT_sec,0.186,0.213333333
NUS2087,CT_sec,0.191722222,0.22625
NUS2087,dT_sec,0.311176471,0.303636364
NUS2087,dT_sec,0.316090909,0.32
NUS2087,dT_sec,0.311833333,0.250769231
NUS2087,dT_sec,0.3181875,0.318
NUS2087,dT_sec,0.338736842,0.318333333
NUS2087,dT_sec,0.332705882,0.315555556
NUS2087,dT_sec,0.3535625,0.345263158
NUS2087,dT_sec,0.359111111,0.356470588
NUS2087,dT_sec,0.365933333,0.318571429
NUS2087,dT_sec,0.359611111,0.347692308
NUS2087,dT_sec,0.359352941,0.372857143
NUS2087,dT_sec,0.341777778,0.328333333
NUS2087,dT_sec,0.349761905,0.408
NUS2087,dT_sec,0.312444444,0.310434783
NUS2087,dT_sec,0.331,0.305217391
NUS2087,dT_sec,0.354214286,0.33
NUS2087,dT_sec,0.32725,0.334117647
NUS2087,dT_sec,0.338666667,0.324761905
NUS2087,dT_sec,0.319,0.317142857
NUS2087,dT_sec,0.3545,0.395
NUS2087,dT_samples,53.9375,58.13333333
NUS2087,dT_samples,49.58823529,51.15384615
NUS2087,dT_samples,53.26315789,53.375
NUS2087,dT_samples,50.90909091,48.75
NUS2087,dT_samples,52.85714286,47.23529412
NUS2087,dT_samples,54.73684211,64.83333333
NUS2087,dT_samples,59.52631579,54.94117647
NUS2087,dT_samples,59.9,54.6
NUS2087,dT_samples,55.88888889,52.25
NUS2087,dT_samples,54.6875,56.28571429
NUS2087,dT_samples,60.5,54.85714286
NUS2087,dT_samples,61.40909091,54.26923077
NUS2087,dT_samples,59.22222222,51.16666667
NUS2087,dT_samples,57.17647059,56.8
NUS2087,dT_samples,57.44444444,52.30769231
NUS2087,dT_samples,54.38095238,52.125
NUS2087,dT_samples,58.25,62.875
NUS2087,dT_samples,58.05555556,57.55555556
NUS2087,dT_samples,57.88235294,54.84210526
NUS2087,dT_samples,53.94444444,54.55555556
NUS2087,CT_samples,30.05555556,33.1
NUS2087,CT_samples,29.33333333,32.4
NUS2087,CT_samples,28.63157895,34.08333333
NUS2087,CT_samples,30.21428571,42.25
NUS2087,CT_samples,28,30.4
NUS2087,CT_samples,28.45,32.84615385
NUS2087,CT_samples,32.46153846,35.05555556
NUS2087,CT_samples,28.73333333,32
NUS2087,CT_samples,31.7,46.63636364
NUS2087,CT_samples,31.47619048,48.65217391
NUS2087,CT_samples,34.5,41.91666667
NUS2087,CT_samples,37.92,49.44444444
NUS2087,CT_samples,30.28571429,33.38461538
NUS2087,CT_samples,30.9,35.41176471
NUS2087,CT_samples,29.66666667,32.83333333
NUS2087,CT_samples,30.69230769,32.92857143
NUS2087,CT_samples,34.84210526,35.82352941
NUS2087,CT_samples,30.73333333,33.7
NUS2087,CT_samples,29.2,32.42857143
NUS2087,CT_samples,32.88235294,30.92307692
NUS2087,RI_ratio,0.50601213,0.680793464
NUS2087,RI_ratio,0.436106012,1.761253694
NUS2087,RI_ratio,0.407460055,0.689537259
NUS2087,RI_ratio,0.331151,0.62354335
NUS2087,RI_ratio,0.342556137,0.632592462
NUS2087,RI_ratio,0.322113493,0.614259406
NUS2087,RI_ratio,0.347509467,0.981629376
NUS2087,RI_ratio,0.371951468,0.721621248
NUS2087,RI_ratio,0.408077615,0.662235251
NUS2087,RI_ratio,0.333349102,0.641162669
NUS2087,RI_ratio,0.419880422,0.64117396
NUS2087,RI_ratio,0.49504007,0.883766181
NUS2087,RI_ratio,0.493089429,0.721915586
NUS2087,RI_ratio,0.40405349,0.753402093
NUS2087,RI_ratio,0.391810294,0.643014838
NUS2087,RI_ratio,0.32996618,0.654582581
NUS2087,RI_ratio,0.392000063,0.567378613
NUS2087,RI_ratio,0.438017403,0.749652828
NUS2087,RI_ratio,0.530850314,0.802059917
NUS2087,RI_ratio,0.416249105,0.617038083
NUS2088,PulseWidth_sec,0.944107143,0.944
NUS2088,PulseWidth_sec,0.943263158,0.942727273
NUS2088,PulseWidth_sec,0.948071429,0.95
NUS2088,PulseWidth_sec,0.938607143,0.942307692
NUS2088,PulseWidth_sec,1.02484,1.0272
NUS2088,PulseWidth_sec,1.01672,1.020833333
NUS2088,PulseWidth_sec,0.952941176,0.9616
NUS2088,PulseWidth_sec,0.948703704,0.955384615
NUS2088,PulseWidth_sec,0.941214286,0.95
NUS2088,PulseWidth_sec,1.115652174,1.120869565
NUS2088,PulseWidth_sec,0.92536,0.927857143
NUS2088,PulseWidth_sec,0.963592593,0.964545455
NUS2088,PulseWidth_sec,0.995153846,0.99
NUS2088,PulseWidth_sec,0.964454545,0.984615385
NUS2088,PulseWidth_sec,0.983565217,0.988148148
NUS2088,PulseWidth_sec,1.049833333,1.0512
NUS2088,PulseWidth_sec,1.032583333,1.0488
NUS2088,PulseWidth_sec,0.99547619,1.002307692
NUS2088,PulseWidth_sec,0.97,0.9744
NUS2088,PulseWidth_sec,1.080130435,1.096
NUS2088,CT_sec,0.303259259,0.323636364
NUS2088,CT_sec,0.282821429,0.303333333
NUS2088,CT_sec,0.259,0.3
NUS2088,CT_sec,0.294,0.454285714
NUS2088,CT_sec,0.259384615,0.37
NUS2088,CT_sec,0.263708333,0.3056
NUS2088,CT_sec,0.240807692,0.2975
NUS2088,CT_sec,0.243166667,0.322962963
NUS2088,CT_sec,0.29628,0.32
NUS2088,CT_sec,0.280590909,0.315
NUS2088,CT_sec,0.23656,0.325833333
NUS2088,CT_sec,0.241947368,0.323809524
NUS2088,CT_sec,0.291291667,0.323333333
NUS2088,CT_sec,0.216071429,0.315652174
NUS2088,CT_sec,0.19275,0.3552
NUS2088,CT_sec,0.263931034,0.300952381
NUS2088,CT_sec,0.275961538,0.310769231
NUS2088,CT_sec,0.300958333,0.313043478
NUS2088,CT_sec,0.233947368,0.346956522
NUS2088,CT_sec,0.252,0.346363636
NUS2088,dT_sec,0.260892857,0.216428571
NUS2088,dT_sec,0.243777778,0.277272727
NUS2088,dT_sec,0.272769231,0.2008
NUS2088,dT_sec,0.274807692,0.261666667
NUS2088,dT_sec,0.241333333,0.290833333
NUS2088,dT_sec,0.242666667,0.358333333
NUS2088,dT_sec,0.301,0.2456
NUS2088,dT_sec,0.25812,0.2325
NUS2088,dT_sec,0.236961538,0.2248
NUS2088,dT_sec,0.221961538,0.208461538
NUS2088,dT_sec,0.22785,0.208
NUS2088,dT_sec,0.23,0.217692308
NUS2088,dT_sec,0.25747619,0.324166667
NUS2088,dT_sec,0.243458333,0.2175
NUS2088,dT_sec,0.27856,0.2232
NUS2088,dT_sec,0.281538462,0.2875
NUS2088,dT_sec,0.338117647,0.216153846
NUS2088,dT_sec,0.247407407,0.236153846
NUS2088,dT_sec,0.244608696,0.307692308
NUS2088,dT_sec,0.303684211,0.34
NUS2088,dT_samples,55.35,44.85714286
NUS2088,dT_samples,52.33333333,46
NUS2088,dT_samples,49.44444444,47.03846154
NUS2088,dT_samples,51.55555556,47
NUS2088,dT_samples,51.7037037,57.13636364
NUS2088,dT_samples,40.43478261,58.95652174
NUS2088,dT_samples,41.89473684,61.04347826
NUS2088,dT_samples,54.90909091,55.52631579
NUS2088,dT_samples,44.83333333,46
NUS2088,dT_samples,50.45833333,45.28
NUS2088,dT_samples,46.63157895,49.44
NUS2088,dT_samples,56.15789474,45.63157895
NUS2088,dT_samples,53.41176471,40.14814815
NUS2088,dT_samples,58.59259259,43.11111111
NUS2088,dT_samples,52.37037037,55.13043478
NUS2088,dT_samples,61.91666667,60.32
NUS2088,dT_samples,49.61538462,40.0952381
NUS2088,dT_samples,47.15789474,57.81818182
NUS2088,dT_samples,53.82608696,38.48
NUS2088,dT_samples,48.13636364,57.95652174
NUS2088,CT_samples,59.96296296,65.30434783
NUS2088,CT_samples,59.75,63.30434783
NUS2088,CT_samples,57.7,63.84
NUS2088,CT_samples,53.47619048,64
NUS2088,CT_samples,55.73333333,65.46153846
NUS2088,CT_samples,61.7037037,63.65
NUS2088,CT_samples,47.09090909,61.76
NUS2088,CT_samples,49.83333333,57.33333333
NUS2088,CT_samples,50.61538462,61.75
NUS2088,CT_samples,55.84615385,59.14285714
NUS2088,CT_samples,44.08,56.52
NUS2088,CT_samples,49.77777778,55.59090909
NUS2088,CT_samples,59.26923077,61.08333333
NUS2088,CT_samples,53.43478261,59.24
NUS2088,CT_samples,54.08333333,58.96
NUS2088,CT_samples,54.4,60.33333333
NUS2088,CT_samples,41.66666667,67.14814815
NUS2088,CT_samples,58.33333333,62.03703704
NUS2088,CT_samples,40.13043478,58.34782609
NUS2088,CT_samples,47.58333333,58.41666667
NUS2088,RI_ratio,0.671252555,0.794717862
NUS2088,RI_ratio,0.623163278,0.851335531
NUS2088,RI_ratio,0.633739083,0.828393892
NUS2088,RI_ratio,0.696747255,0.865555101
NUS2088,RI_ratio,0.666760126,0.855421388
NUS2088,RI_ratio,0.699306868,0.888971396
NUS2088,RI_ratio,0.650743882,0.928003702
NUS2088,RI_ratio,0.528473476,0.867642947
NUS2088,RI_ratio,0.703652903,0.80340335
NUS2088,RI_ratio,0.744190179,0.845682442
NUS2088,RI_ratio,0.68652263,0.854301612
NUS2088,RI_ratio,0.643554839,0.802695113
NUS2088,RI_ratio,0.732537419,0.895010491
NUS2088,RI_ratio,0.575597204,0.828087393
NUS2088,RI_ratio,0.640988689,0.842362885
NUS2088,RI_ratio,0.689442783,0.821320597
NUS2088,RI_ratio,0.638238965,0.831429715
NUS2088,RI_ratio,0.632237293,0.914356132
NUS2088,RI_ratio,0.663587323,0.870109011
NUS2088,RI_ratio,0.673076684,0.9199816
NUS2090,PulseWidth_sec,0.981882353,0.985217391
NUS2090,PulseWidth_sec,0.968368421,0.970769231
NUS2090,PulseWidth_sec,0.969833333,0.9744
NUS2090,PulseWidth_sec,1.03132,1.0352
NUS2090,PulseWidth_sec,1.071826087,1.0725
NUS2090,PulseWidth_sec,0.908517241,0.910344828
NUS2090,PulseWidth_sec,1.091608696,1.093913043
NUS2090,PulseWidth_sec,1.13775,1.141
NUS2090,PulseWidth_sec,1.078375,1.074444444
NUS2090,PulseWidth_sec,1.0688,1.064705882
NUS2090,PulseWidth_sec,1.0155,1.081818182
NUS2090,PulseWidth_sec,1.01544,1.01875
NUS2090,PulseWidth_sec,0.935521739,0.944705882
NUS2090,PulseWidth_sec,0.967222222,0.967826087
NUS2090,PulseWidth_sec,0.9925,0.996521739
NUS2090,PulseWidth_sec,0.961962963,0.96962963
NUS2090,PulseWidth_sec,0.99076,0.993846154
NUS2090,PulseWidth_sec,0.910071429,0.919285714
NUS2090,PulseWidth_sec,0.929409091,0.93037037
NUS2090,PulseWidth_sec,0.94075,0.943571429
NUS2090,CT_sec,0.200714286,0.294285714
NUS2090,CT_sec,0.197470588,0.282608696
NUS2090,CT_sec,0.199272727,0.284
NUS2090,CT_sec,0.20268,0.311538462
NUS2090,CT_sec,0.203296296,0.30962963
NUS2090,CT_sec,0.224416667,0.326666667
NUS2090,CT_sec,0.241375,0.3152
NUS2090,CT_sec,0.261789474,0.351666667
NUS2090,CT_sec,0.288391304,0.348235294
NUS2090,CT_sec,0.289869565,0.361052632
NUS2090,CT_sec,0.289708333,0.341
NUS2090,CT_sec,0.27792,0.32173913
NUS2090,CT_sec,0.260206897,0.299310345
NUS2090,CT_sec,0.209217391,0.314
NUS2090,CT_sec,0.293925926,0.323846154
NUS2090,CT_sec,0.282647059,0.319230769
NUS2090,CT_sec,0.275892857,0.313076923
NUS2090,CT_sec,0.27592,0.318181818
NUS2090,CT_sec,0.240857143,0.297142857
NUS2090,CT_sec,0.24832,0.295
NUS2090,dT_sec,0.308466667,0.228571429
NUS2090,dT_sec,0.356434783,0.273333333
NUS2090,dT_sec,0.360136364,0.2824
NUS2090,dT_sec,0.363730769,0.288461538
NUS2090,dT_sec,0.359833333,0.293333333
NUS2090,dT_sec,0.283413793,0.27862069
NUS2090,dT_sec,0.362833333,0.243333333
NUS2090,dT_sec,0.287444444,0.326956522
NUS2090,dT_sec,0.2735,0.262727273
NUS2090,dT_sec,0.290666667,0.317391304
NUS2090,dT_sec,0.257727273,0.264
NUS2090,dT_sec,0.339565217,0.31
NUS2090,dT_sec,0.311384615,0.268
NUS2090,dT_sec,0.274208333,0.318333333
NUS2090,dT_sec,0.27012,0.262
NUS2090,dT_sec,0.2,0.286666667
NUS2090,dT_sec,0.354608696,0.247692308
NUS2090,dT_sec,0.26275,0.286923077
NUS2090,dT_sec,0.3045,0.242142857
NUS2090,dT_sec,0.305933333,0.258
NUS2090,dT_samples,74.13043478,56.25925926
NUS2090,dT_samples,76.23076923,53.80769231
NUS2090,dT_samples,52.28571429,53.69230769
NUS2090,dT_samples,49.75,46.68181818
NUS2090,dT_samples,54.68421053,59.91666667
NUS2090,dT_samples,52.52,56.22727273
NUS2090,dT_samples,54.04545455,47.91304348
NUS2090,dT_samples,48.04347826,49.73333333
NUS2090,dT_samples,55.84615385,58.14285714
NUS2090,dT_samples,57.03571429,44.66666667
NUS2090,dT_samples,72.68,60.04545455
NUS2090,dT_samples,63.22222222,51.16
NUS2090,dT_samples,74.5,62.68
NUS2090,dT_samples,72.2962963,52.3125
NUS2090,dT_samples,48.66666667,46.65217391
NUS2090,dT_samples,53.73076923,55.39130435
NUS2090,dT_samples,63.26923077,57.23076923
NUS2090,dT_samples,59.88461538,57.40740741
NUS2090,dT_samples,64.53571429,49.67857143
NUS2090,dT_samples,60.5,53.53846154
NUS2090,CT_samples,44.53846154,61.59259259
NUS2090,CT_samples,48.31818182,57.86956522
NUS2090,CT_samples,53,60.41666667
NUS2090,CT_samples,54.44,64.96
NUS2090,CT_samples,49.5625,61.15
NUS2090,CT_samples,55.125,60.36363636
NUS2090,CT_samples,53.2,59.73076923
NUS2090,CT_samples,54.34615385,63.57894737
NUS2090,CT_samples,53.85714286,68.42307692
NUS2090,CT_samples,51,61.7
NUS2090,CT_samples,54.22222222,64.92307692
NUS2090,CT_samples,58.07692308,65.07692308
NUS2090,CT_samples,60.23076923,64.91666667
NUS2090,CT_samples,56.61538462,64.92307692
NUS2090,CT_samples,54.47826087,64.22222222
NUS2090,CT_samples,58.27272727,64.57142857
NUS2090,CT_samples,50.91666667,60.57142857
NUS2090,CT_samples,51.55555556,59.16
NUS2090,CT_samples,50.74074074,62.55555556
NUS2090,CT_samples,52.40740741,61.67857143
NUS2090,RI_ratio,0.461029615,0.824702006
NUS2090,RI_ratio,0.530083377,0.830873495
NUS2090,RI_ratio,0.585699684,0.875148902
NUS2090,RI_ratio,0.689779995,0.861612767
NUS2090,RI_ratio,0.676145204,0.901526259
NUS2090,RI_ratio,0.721792618,0.835373706
NUS2090,RI_ratio,0.607298379,0.859461415
NUS2090,RI_ratio,0.592073313,0.880809853
NUS2090,RI_ratio,0.666954936,0.884134336
NUS2090,RI_ratio,0.62354727,0.858668106
NUS2090,RI_ratio,0.672699742,0.881595918
NUS2090,RI_ratio,0.735485072,0.813678575
NUS2090,RI_ratio,0.681695591,0.870947284
NUS2090,RI_ratio,0.67058979,0.870360194
NUS2090,RI_ratio,0.623204623,0.85668207
NUS2090,RI_ratio,0.626205861,0.80893028
NUS2090,RI_ratio,0.620421038,0.851814365
NUS2090,RI_ratio,0.603900329,0.90693264
NUS2090,RI_ratio,3.483399298,0.806622918
NUS2090,RI_ratio,0.484902358,0.861390707
NUS2091,PulseWidth_sec,1.1031,1.115
NUS2091,PulseWidth_sec,1.2296,1.086666667
NUS2091,PulseWidth_sec,1.1025,1.062222222
NUS2091,PulseWidth_sec,1.077695652,1.079130435
NUS2091,PulseWidth_sec,1.059541667,1.0616
NUS2091,PulseWidth_sec,1.073,1.066956522
NUS2091,PulseWidth_sec,1.227555556,1.226
NUS2091,PulseWidth_sec,1.171045455,1.174444444
NUS2091,PulseWidth_sec,1.178272727,1.175454545
NUS2091,PulseWidth_sec,1.201105263,1.202
NUS2091,PulseWidth_sec,1.164727273,1.162727273
NUS2091,PulseWidth_sec,1.130590909,1.134545455
NUS2091,PulseWidth_sec,1.059875,1.066666667
NUS2091,PulseWidth_sec,1.134045455,1.139047619
NUS2091,PulseWidth_sec,1.0515,1.053333333
NUS2091,PulseWidth_sec,1.082235294,1.103809524
NUS2091,PulseWidth_sec,1.065434783,1.06
NUS2091,PulseWidth_sec,1.0958,1.055384615
NUS2091,PulseWidth_sec,1.060230769,1.02
NUS2091,PulseWidth_sec,1.0418125,0.984
NUS2091,CT_sec,0.215764706,0.331818182
NUS2091,CT_sec,0.302588235,0.383333333
NUS2091,CT_sec,0.248391304,0.326666667
NUS2091,CT_sec,0.20873913,0.326666667
NUS2091,CT_sec,0.219347826,0.300909091
NUS2091,CT_sec,0.217545455,0.307368421
NUS2091,CT_sec,0.237173913,0.316842105
NUS2091,CT_sec,0.230214286,0.228571429
NUS2091,CT_sec,0.232684211,0.337142857
NUS2091,CT_sec,0.241818182,0.291
NUS2091,CT_sec,0.24847619,0.254
NUS2091,CT_sec,0.258157895,0.282608696
NUS2091,CT_sec,0.295304348,0.270909091
NUS2091,CT_sec,0.2474,0.3224
NUS2091,CT_sec,0.2162,0.321
NUS2091,CT_sec,0.2166,0.321
NUS2091,CT_sec,0.2364,0.341818182
NUS2091,CT_sec,0.192521739,0.210666667
NUS2091,CT_sec,0.193913043,0.206086957
NUS2091,CT_sec,0.194428571,0.241666667
NUS2091,dT_sec,0.327,0.29
NUS2091,dT_sec,0.316227273,0.309411765
NUS2091,dT_sec,0.335304348,0.255454545
NUS2091,dT_sec,0.300318182,0.252857143
NUS2091,dT_sec,0.312941176,0.270909091
NUS2091,dT_sec,0.323714286,0.29
NUS2091,dT_sec,0.334833333,0.316666667
NUS2091,dT_sec,0.21562069,0.183333333
NUS2091,dT_sec,0.251869565,0.276666667
NUS2091,dT_sec,0.304583333,0.29826087
NUS2091,dT_sec,0.292894737,0.312
NUS2091,dT_sec,0.258652174,0.293684211
NUS2091,dT_sec,0.28252,0.338181818
NUS2091,dT_sec,0.26825,0.295238095
NUS2091,dT_sec,0.193090909,0.305
NUS2091,dT_sec,0.283357143,0.287272727
NUS2091,dT_sec,0.3501,0.327619048
NUS2091,dT_sec,0.357619048,0.277894737
NUS2091,dT_sec,0.33275,0.313333333
NUS2091,dT_sec,0.207789474,0.305454545
NUS2091,dT_samples,53.52380952,52.2
NUS2091,dT_samples,17.33333333,46.30434783
NUS2091,dT_samples,37.85714286,48.88235294
NUS2091,dT_samples,62.13636364,41.28571429
NUS2091,dT_samples,60.56521739,57.04347826
NUS2091,dT_samples,56.85,39.61904762
NUS2091,dT_samples,47,54.47619048
NUS2091,dT_samples,57.08333333,53.6
NUS2091,dT_samples,58.32,55.88235294
NUS2091,dT_samples,55.92,67.31818182
NUS2091,dT_samples,50.85714286,45.52
NUS2091,dT_samples,56.34782609,48.95833333
NUS2091,dT_samples,51.2,42.88235294
NUS2091,dT_samples,52.63157895,43.5
NUS2091,dT_samples,60.40909091,49.52173913
NUS2091,dT_samples,54.65,52.9047619
NUS2091,dT_samples,47.47058824,47.40909091
NUS2091,dT_samples,57.83333333,54.45833333
NUS2091,dT_samples,51.125,56.04166667
NUS2091,dT_samples,34.8,61.52941176
NUS2091,CT_samples,49.13636364,62.23809524
NUS2091,CT_samples,45,63.4
NUS2091,CT_samples,37.33333333,59.66666667
NUS2091,CT_samples,38.75,56.88235294
NUS2091,CT_samples,39.82608696,60
NUS2091,CT_samples,43.26086957,56.42105263
NUS2091,CT_samples,41.91666667,47.13636364
NUS2091,CT_samples,54,54.58333333
NUS2091,CT_samples,47.41666667,55.7
NUS2091,CT_samples,47.2,57.2
NUS2091,CT_samples,50.04166667,63.18181818
NUS2091,CT_samples,48.125,53.75
NUS2091,CT_samples,36.23809524,53.18181818
NUS2091,CT_samples,35.71428571,51.33333333
NUS2091,CT_samples,44.14285714,49.28571429
NUS2091,CT_samples,37.42857143,52.55
NUS2091,CT_samples,56.33333333,60.25
NUS2091,CT_samples,43.2,57
NUS2091,CT_samples,36.47619048,37.66666667
NUS2091,CT_samples,42.45,57.5
NUS2091,RI_ratio,0.692758784,0.845982275
NUS2091,RI_ratio,0.725998432,0.886541793
NUS2091,RI_ratio,0.781975863,0.84120064
NUS2091,RI_ratio,0.597496145,0.893979894
NUS2091,RI_ratio,0.70716762,0.900148217
NUS2091,RI_ratio,0.786225992,1.696958672
NUS2091,RI_ratio,0.798557393,0.880557571
NUS2091,RI_ratio,0.66168102,5.278833122
NUS2091,RI_ratio,0.661043323,5.842963279
NUS2091,RI_ratio,0.632399761,5.85648131
NUS2091,RI_ratio,0.710194011,5.958570867
NUS2091,RI_ratio,0.628808415,0.844553454
NUS2091,RI_ratio,0.611905344,0.854201382
NUS2091,RI_ratio,0.673598511,0.783211031
NUS2091,RI_ratio,0.819008159,0.857193988
NUS2091,RI_ratio,0.652051214,0.916698845
NUS2091,RI_ratio,0.388119829,0.760935244
NUS2091,RI_ratio,0.622202141,0.77997323
NUS2091,RI_ratio,0.608421006,0.834895803
NUS2091,RI_ratio,12.27970274,0.81835729
NUS2092,PulseWidth_sec,0.953043478,0.945925926
NUS2092,PulseWidth_sec,0.904083333,0.896
NUS2092,PulseWidth_sec,0.8825,0.888
NUS2092,PulseWidth_sec,0.896692308,0.913076923
NUS2092,PulseWidth_sec,0.8878,0.891724138
NUS2092,PulseWidth_sec,0.918172414,0.917931034
NUS2092,PulseWidth_sec,0.896866667,0.905517241
NUS2092,PulseWidth_sec,0.936454545,0.943571429
NUS2092,PulseWidth_sec,0.960038462,0.967692308
NUS2092,PulseWidth_sec,0.947222222,0.96
NUS2092,PulseWidth_sec,0.968296296,0.972380952
NUS2092,PulseWidth_sec,0.930842105,0.9552
NUS2092,PulseWidth_sec,1.030307692,1.005833333
NUS2092,PulseWidth_sec,1.311875,1.322
NUS2092,PulseWidth_sec,0.892433333,0.895333333
NUS2092,PulseWidth_sec,0.984772727,0.99047619
NUS2092,PulseWidth_sec,0.993192308,0.989565217
NUS2092,PulseWidth_sec,0.995653846,1.00173913
NUS2092,PulseWidth_sec,0.98645,0.987692308
NUS2092,PulseWidth_sec,0.957518519,0.961481481
NUS2092,CT_sec,0.316,0.364347826
NUS2092,CT_sec,0.294571429,0.296
NUS2092,CT_sec,0.288703704,0.296923077
NUS2092,CT_sec,0.295714286,0.304615385
NUS2092,CT_sec,0.2962,0.304761905
NUS2092,CT_sec,0.289307692,0.297037037
NUS2092,CT_sec,0.293148148,0.298518519
NUS2092,CT_sec,0.294777778,0.302962963
NUS2092,CT_sec,0.299857143,0.304285714
NUS2092,CT_sec,0.296692308,0.308148148
NUS2092,CT_sec,0.288,0.304615385
NUS2092,CT_sec,0.246,0.313913043
NUS2092,CT_sec,0.299526316,0.31
NUS2092,CT_sec,0.2675,0.29125
NUS2092,CT_sec,0.316333333,0.328
NUS2092,CT_sec,0.187285714,0.3175
NUS2092,CT_sec,0.3135,0.328695652
NUS2092,CT_sec,0.283,0.306666667
NUS2092,CT_sec,0.303153846,0.310434783
NUS2092,CT_sec,0.2384,0.291428571
NUS2092,dT_sec,0.209428571,0.228571429
NUS2092,dT_sec,0.278428571,0.226086957
NUS2092,dT_sec,0.214777778,0.241818182
NUS2092,dT_sec,0.215,0.258461538
NUS2092,dT_sec,0.210034483,0.24
NUS2092,dT_sec,0.308833333,0.288
NUS2092,dT_sec,0.228689655,0.212
NUS2092,dT_sec,0.230466667,0.218
NUS2092,dT_sec,0.230896552,0.231724138
NUS2092,dT_sec,0.215296296,0.222222222
NUS2092,dT_sec,0.218107143,0.229230769
NUS2092,dT_sec,5.758143462,0.284545455
NUS2092,dT_sec,0.22,0.23
NUS2092,dT_sec,0.233111111,0.2832
NUS2092,dT_sec,0.236555556,0.291111111
NUS2092,dT_sec,0.2265,0.231818182
NUS2092,dT_sec,0.219421053,0.261538462
NUS2092,dT_sec,0.265777778,0.250769231
NUS2092,dT_sec,0.236454545,0.24375
NUS2092,dT_sec,0.213947368,0.272307692
NUS2092,dT_samples,47.27586207,43.03448276
NUS2092,dT_samples,55.26666667,50.26666667
NUS2092,dT_samples,46.82142857,47.56
NUS2092,dT_samples,47.375,53.96153846
NUS2092,dT_samples,45.48148148,48.5
NUS2092,dT_samples,44.875,47.2962963
NUS2092,dT_samples,44.78571429,42.14285714
NUS2092,dT_samples,45.60714286,45.92857143
NUS2092,dT_samples,46.14814815,50
NUS2092,dT_samples,50.1,62.16666667
NUS2092,dT_samples,42.45454545,38.15789474
NUS2092,dT_samples,48.62962963,52.25
NUS2092,dT_samples,42.75,53.69230769
NUS2092,dT_samples,41.42307692,51.82608696
NUS2092,dT_samples,59.9375,47.15384615
NUS2092,dT_samples,37,49.86666667
NUS2092,dT_samples,60.66666667,43.32
NUS2092,dT_samples,55.4,58.9047619
NUS2092,dT_samples,65.6,41.88461538
NUS2092,dT_samples,42.73076923,54.24
NUS2092,CT_samples,62.46428571,62.18518519
NUS2092,CT_samples,61.81481481,61.81481481
NUS2092,CT_samples,63.2173913,62
NUS2092,CT_samples,57.88571429,58.51515152
NUS2092,CT_samples,61.52,61.67857143
NUS2092,CT_samples,62.96428571,60.88888889
NUS2092,CT_samples,63.2962963,61.74074074
NUS2092,CT_samples,61.61904762,61.37037037
NUS2092,CT_samples,60.96153846,60.65384615
NUS2092,CT_samples,59.22222222,60
NUS2092,CT_samples,37,56.26086957
NUS2092,CT_samples,55.375,59.91666667
NUS2092,CT_samples,55,55.94736842
NUS2092,CT_samples,54.43478261,54.23076923
NUS2092,CT_samples,60.92857143,61.40740741
NUS2092,CT_samples,59.2,59.39130435
NUS2092,CT_samples,57.55555556,60.6
NUS2092,CT_samples,59.61538462,59.64705882
NUS2092,CT_samples,54,59.41666667
NUS2092,CT_samples,58.5,58.56
NUS2092,RI_ratio,0.703494927,0.760175241
NUS2092,RI_ratio,0.760156698,0.791272511
NUS2092,RI_ratio,0.78440548,0.805854763
NUS2092,RI_ratio,0.698521605,0.79986775
NUS2092,RI_ratio,0.737487343,0.770983452
NUS2092,RI_ratio,0.755879335,0.809142861
NUS2092,RI_ratio,0.75260055,1.71613812
NUS2092,RI_ratio,0.749664123,0.816577187
NUS2092,RI_ratio,0.773624569,0.81830312
NUS2092,RI_ratio,0.776513218,0.753179269
NUS2092,RI_ratio,0.755551088,0.809054681
NUS2092,RI_ratio,0.774213496,0.810359587
NUS2092,RI_ratio,0.772171239,0.808708361
NUS2092,RI_ratio,0.798271648,0.800328947
NUS2092,RI_ratio,0.784600388,0.853383661
NUS2092,RI_ratio,0.781968005,0.825709821
NUS2092,RI_ratio,0.720879221,0.82890796
NUS2092,RI_ratio,0.701907644,0.761719764
NUS2092,RI_ratio,0.655022787,0.804831125
NUS2092,RI_ratio,0.615998157,0.826932683
NUS2093,PulseWidth_sec,0.900444444,0.903636364
NUS2093,PulseWidth_sec,0.904178571,0.910833333
NUS2093,PulseWidth_sec,0.899727273,0.908
NUS2093,PulseWidth_sec,0.885761905,0.873913043
NUS2093,PulseWidth_sec,0.899923077,0.902068966
NUS2093,PulseWidth_sec,0.904666667,0.910909091
NUS2093,PulseWidth_sec,0.824125,0.820740741
NUS2093,PulseWidth_sec,0.818212121,0.821875
NUS2093,PulseWidth_sec,0.80096875,0.803030303
NUS2093,PulseWidth_sec,0.828516129,0.831515152
NUS2093,PulseWidth_sec,0.900344828,0.897777778
NUS2093,PulseWidth_sec,0.942222222,0.987272727
NUS2093,PulseWidth_sec,0.80746875,0.816363636
NUS2093,PulseWidth_sec,0.84103125,0.841290323
NUS2093,PulseWidth_sec,0.821052632,0.82625
NUS2093,PulseWidth_sec,0.847857143,0.853548387
NUS2093,PulseWidth_sec,0.853206897,0.854285714
NUS2093,PulseWidth_sec,0.858518519,0.863703704
NUS2093,PulseWidth_sec,0.883275862,0.886206897
NUS2093,PulseWidth_sec,0.947192308,0.95037037
NUS2093,CT_sec,0.179714286,0.185555556
NUS2093,CT_sec,0.189541667,0.245
NUS2093,CT_sec,0.184565217,0.20952381
NUS2093,CT_sec,0.185,0.226153846
NUS2093,CT_sec,0.241258065,0.262424242
NUS2093,CT_sec,0.2439375,0.261818182
NUS2093,CT_sec,0.255291667,0.269333333
NUS2093,CT_sec,0.264555556,0.314545455
NUS2093,CT_sec,0.260322581,0.263076923
NUS2093,CT_sec,0.183545455,0.184545455
NUS2093,CT_sec,0.211407407,0.274
NUS2093,CT_sec,0.22075,0.288
NUS2093,CT_sec,0.224791667,0.290769231
NUS2093,CT_sec,0.227571429,0.297142857
NUS2093,CT_sec,0.192684211,0.23125
NUS2093,CT_sec,0.2512,0.273684211
NUS2093,CT_sec,0.233538462,0.247692308
NUS2093,CT_sec,0.221928571,0.245714286
NUS2093,CT_sec,0.277666667,0.291304348
NUS2093,CT_sec,0.271038462,0.288888889
NUS2093,dT_sec,0.164761905,0.283
NUS2093,dT_sec,0.284407407,0.253333333
NUS2093,dT_sec,0.23953125,0.241666667
NUS2093,dT_sec,0.283903226,0.251428571
NUS2093,dT_sec,0.261724138,0.251304348
NUS2093,dT_sec,0.2673,0.216
NUS2093,dT_sec,0.24759375,0.237647059
NUS2093,dT_sec,0.25865625,0.23030303
NUS2093,dT_sec,0.26190625,0.241212121
NUS2093,dT_sec,0.249677419,0.235757576
NUS2093,dT_sec,0.265766667,0.212666667
NUS2093,dT_sec,0.256,0.238666667
NUS2093,dT_sec,0.2483,0.336666667
NUS2093,dT_sec,0.26115625,0.2575
NUS2093,dT_sec,0.100461538,0.250625
NUS2093,dT_sec,0.278965517,0.25037037
NUS2093,dT_sec,0.24362963,0.224
NUS2093,dT_sec,0.286923077,0.249230769
NUS2093,dT_sec,0.277148148,0.233846154
NUS2093,dT_sec,0.243193548,0.238518519
NUS2093,dT_samples,50.31818182,54.5
NUS2093,dT_samples,55.03846154,46.22222222
NUS2093,dT_samples,75.375,62.51515152
NUS2093,dT_samples,60.06451613,52.5
NUS2093,dT_samples,54.11111111,49.83333333
NUS2093,dT_samples,55.65517241,40.72727273
NUS2093,dT_samples,52.57142857,46.28571429
NUS2093,dT_samples,60,55.21428571
NUS2093,dT_samples,68.03846154,47.36363636
NUS2093,dT_samples,53.14814815,50.03448276
NUS2093,dT_samples,71.96875,59.86666667
NUS2093,dT_samples,60.68,53.84615385
NUS2093,dT_samples,62.79310345,51.44444444
NUS2093,dT_samples,57.9047619,57.41666667
NUS2093,dT_samples,55.44444444,48.22727273
NUS2093,dT_samples,50.6,73.5
NUS2093,dT_samples,66.4137931,52.7037037
NUS2093,dT_samples,56.68,49.92
NUS2093,dT_samples,58.12,55
NUS2093,dT_samples,54.11538462,56.44
NUS2093,CT_samples,47.03571429,54.44
NUS2093,CT_samples,40.75,48.88888889
NUS2093,CT_samples,47.88,52.92307692
NUS2093,CT_samples,61.9375,55.875
NUS2093,CT_samples,50.88888889,51.80769231
NUS2093,CT_samples,56.06666667,52.8
NUS2093,CT_samples,62.0625,65.78125
NUS2093,CT_samples,61.84848485,61.67741935
NUS2093,CT_samples,54.89285714,72
NUS2093,CT_samples,59.35714286,64.52173913
NUS2093,CT_samples,57.38888889,64.5
NUS2093,CT_samples,56.48571429,61.79411765
NUS2093,CT_samples,55.25714286,60.54285714
NUS2093,CT_samples,53.27272727,58.67647059
NUS2093,CT_samples,46.6,54.53333333
NUS2093,CT_samples,49.93548387,55.24137931
NUS2093,CT_samples,56.25,62.17241379
NUS2093,CT_samples,58.5862069,62.10344828
NUS2093,CT_samples,50.96153846,55.67857143
NUS2093,CT_samples,54.18181818,55.08
NUS2093,RI_ratio,0.814908322,0.609873371
NUS2093,RI_ratio,0.650550469,0.636580951
NUS2093,RI_ratio,0.810220183,0.616176247
NUS2093,RI_ratio,0.721395345,0.64059514
NUS2093,RI_ratio,0.545925706,0.590308487
NUS2093,RI_ratio,0.641172259,0.70756158
NUS2093,RI_ratio,0.558946083,0.816201445
NUS2093,RI_ratio,0.637429104,0.818532968
NUS2093,RI_ratio,0.67387246,6.279100878
NUS2093,RI_ratio,0.671208023,0.755672716
NUS2093,RI_ratio,0.825340814,0.760907896
NUS2093,RI_ratio,0.548578349,0.787235499
NUS2093,RI_ratio,1.482909269,0.689061951
NUS2093,RI_ratio,0.622065963,0.756827292
NUS2093,RI_ratio,0.44385221,0.604838799
NUS2093,RI_ratio,0.641831896,0.76971936
NUS2093,RI_ratio,0.565377382,0.721310503
NUS2093,RI_ratio,0.57366952,0.863581652
NUS2093,RI_ratio,0.584149231,0.848870459
NUS2093,RI_ratio,0.640774141,0.753163255
NUS2094,PulseWidth_sec,1.289,1.36
NUS2094,PulseWidth_sec,6.951180444,1.155714286
NUS2094,PulseWidth_sec,6.202909533,1.27
NUS2094,PulseWidth_sec,1.3595,1.31
NUS2094,PulseWidth_sec,1.508,1.336
NUS2094,PulseWidth_sec,1.176,1.105714286
NUS2094,PulseWidth_sec,1.1146,1.116666667
NUS2094,PulseWidth_sec,1.334428571,1.325454545
NUS2094,PulseWidth_sec,1.293090909,1.272631579
NUS2094,PulseWidth_sec,1.3053,1.2975
NUS2094,PulseWidth_sec,1.323307692,1.307777778
NUS2094,PulseWidth_sec,1.320888889,1.308571429
NUS2094,PulseWidth_sec,1.287,1.286666667
NUS2094,PulseWidth_sec,1.3945,1.394545455
NUS2094,PulseWidth_sec,1.370625,1.291111111
NUS2094,PulseWidth_sec,1.18875,1.125217391
NUS2094,PulseWidth_sec,1.26475,1.13
NUS2094,PulseWidth_sec,1.336,1.34
NUS2094,PulseWidth_sec,1.0376,1.06
NUS2094,PulseWidth_sec,1.352166667,1.345
NUS2094,CT_sec,0.1915,0.2
NUS2094,CT_sec,6.951180444,0.241428571
NUS2094,CT_sec,6.202909533,0.2
NUS2094,CT_sec,0.103,0.332
NUS2094,CT_sec,0.191,0.295714286
NUS2094,CT_sec,0.194222222,0.277777778
NUS2094,CT_sec,0.196538462,0.30625
NUS2094,CT_sec,0.191333333,0.237777778
NUS2094,CT_sec,0.219857143,0.332727273
NUS2094,CT_sec,0.196818182,0.348421053
NUS2094,CT_sec,0.2058,0.34125
NUS2094,CT_sec,0.200333333,0.341428571
NUS2094,CT_sec,0.201,0.313333333
NUS2094,CT_sec,0.2042,0.330909091
NUS2094,CT_sec,0.217,0.306086957
NUS2094,CT_sec,0.199,0.286956522
NUS2094,CT_sec,0.2005,0.26
NUS2094,CT_sec,0.208,0.225
NUS2094,CT_sec,0.223166667,0.38
NUS2094,CT_sec,0.2005,0.21
NUS2094,dT_sec,0.309,0.34
NUS2094,dT_sec,0.229,0.5
NUS2094,dT_sec,6.951180444,0.327142857
NUS2094,dT_sec,6.202909533,0.35
NUS2094,dT_sec,0.285,0.36
NUS2094,dT_sec,0.556,0.26
NUS2094,dT_sec,0.350333333,0.275714286
NUS2094,dT_sec,0.356153846,0.24125
NUS2094,dT_sec,0.315857143,0.330909091
NUS2094,dT_sec,0.346545455,0.295
NUS2094,dT_sec,0.3357,0.24
NUS2094,dT_sec,0.335888889,0.265714286
NUS2094,dT_sec,0.3296,0.31
NUS2094,dT_sec,0.33175,0.257647059
NUS2094,dT_sec,0.3344,0.329090909
NUS2094,dT_sec,0.3355,0.275555556
NUS2094,dT_sec,0.339,0.243478261
NUS2094,dT_sec,0.329,0.283478261
NUS2094,dT_sec,0.3202,0.34
NUS2094,dT_sec,0.3145,0.425
NUS2094,dT_samples,55,59.5
NUS2094,dT_samples,33,72
NUS2094,dT_samples,43,53
NUS2094,dT_samples,73.33333333,37.4
NUS2094,dT_samples,59.33333333,47.21428571
NUS2094,dT_samples,62.33333333,50.94444444
NUS2094,dT_samples,64.38461538,42.75
NUS2094,dT_samples,64.2,52.16666667
NUS2094,dT_samples,61,59.55555556
NUS2094,dT_samples,51.09090909,41.875
NUS2094,dT_samples,51.1,35.1875
NUS2094,dT_samples,50.55555556,38.57142857
NUS2094,dT_samples,48.5,36.17647059
NUS2094,dT_samples,48.5,40.66666667
NUS2094,dT_samples,55.8,43.47826087
NUS2094,dT_samples,55,47.95652174
NUS2094,dT_samples,61.83333333,52.95238095
NUS2094,dT_samples,52,60.41666667
NUS2094,dT_samples,48.16666667,29.5
NUS2094,dT_samples,61.2,63.5
NUS2094,CT_samples,34,35
NUS2094,CT_samples,31,27
NUS2094,CT_samples,6.951180444,40.14285714
NUS2094,CT_samples,6.202909533,30.5
NUS2094,CT_samples,36.5,27
NUS2094,CT_samples,32,51.85714286
NUS2094,CT_samples,34.55555556,49.22222222
NUS2094,CT_samples,32.85714286,49.27272727
NUS2094,CT_samples,30.63636364,50.25
NUS2094,CT_samples,30.09090909,53.42105263
NUS2094,CT_samples,30.38461538,50.16666667
NUS2094,CT_samples,30,50.64285714
NUS2094,CT_samples,29.58333333,49.17647059
NUS2094,CT_samples,28.875,47.77777778
NUS2094,CT_samples,35.2,54.91304348
NUS2094,CT_samples,33.25,50.04347826
NUS2094,CT_samples,37.66666667,49.57142857
NUS2094,CT_samples,33,55.5
NUS2094,CT_samples,39.8,36
NUS2094,CT_samples,29.33333333,29
NUS2094,RI_ratio,0.744191432,0.848109553
NUS2094,RI_ratio,6.951180444,0.901451699
NUS2094,RI_ratio,6.202909533,0.873092683
NUS2094,RI_ratio,0.6289482,0.794626993
NUS2094,RI_ratio,25.75249537,0.849565106
NUS2094,RI_ratio,0.450558339,0.892151208
NUS2094,RI_ratio,0.434035455,0.884925222
NUS2094,RI_ratio,0.438806948,0.884534917
NUS2094,RI_ratio,0.40747503,0.885977857
NUS2094,RI_ratio,0.554857842,0.864354919
NUS2094,RI_ratio,0.570929978,0.891214138
NUS2094,RI_ratio,0.523957321,0.878293404
NUS2094,RI_ratio,0.600720516,0.887423498
NUS2094,RI_ratio,0.572587107,0.883278626
NUS2094,RI_ratio,0.506918447,0.789328442
NUS2094,RI_ratio,0.58268943,0.870600433
NUS2094,RI_ratio,3.947772139,0.888169215
NUS2094,RI_ratio,0.515046185,0.871783503
NUS2094,RI_ratio,0.502998597,0.851448489
NUS2094,RI_ratio,0.613868022,0.83770948
NUS2095,PulseWidth_sec,1.103,1.104347826
NUS2095,PulseWidth_sec,1.091695652,1.092727273
NUS2095,PulseWidth_sec,1.028857143,1.002307692
NUS2095,PulseWidth_sec,1.0682,1.069166667
NUS2095,PulseWidth_sec,1.012083333,1.0152
NUS2095,PulseWidth_sec,1.064954545,1.070833333
NUS2095,PulseWidth_sec,1.066619048,1.078333333
NUS2095,PulseWidth_sec,1.051875,1.046666667
NUS2095,PulseWidth_sec,1.0512,1.050833333
NUS2095,PulseWidth_sec,1.204076923,1.205
NUS2095,PulseWidth_sec,1.20875,1.211578947
NUS2095,PulseWidth_sec,1.189944444,1.2
NUS2095,PulseWidth_sec,1.243,1.233333333
NUS2095,PulseWidth_sec,1.2245,0.96
NUS2095,PulseWidth_sec,0.892863636,0.89
NUS2095,PulseWidth_sec,1.154866667,1.083333333
NUS2095,PulseWidth_sec,0.864173913,0.869285714
NUS2095,PulseWidth_sec,1.1605,1.163809524
NUS2095,PulseWidth_sec,1.043681818,1.056
NUS2095,PulseWidth_sec,1.060666667,1.0536
NUS2095,CT_sec,0.270647059,0.342857143
NUS2095,CT_sec,0.296782609,0.327619048
NUS2095,CT_sec,0.238727273,0.315652174
NUS2095,CT_sec,0.231416667,0.313333333
NUS2095,CT_sec,0.279208333,0.318333333
NUS2095,CT_sec,0.239875,0.3024
NUS2095,CT_sec,0.238208333,0.310833333
NUS2095,CT_sec,0.232076923,0.308
NUS2095,CT_sec,0.260666667,0.334
NUS2095,CT_sec,0.236681818,0.308333333
NUS2095,CT_sec,0.258941176,0.3175
NUS2095,CT_sec,0.245478261,0.3064
NUS2095,CT_sec,0.26175,0.335
NUS2095,CT_sec,0.26225,0.286666667
NUS2095,CT_sec,0.2651875,0.337333333
NUS2095,CT_sec,0.301263158,0.337391304
NUS2095,CT_sec,0.264526316,0.344761905
NUS2095,CT_sec,0.319083333,0.343529412
NUS2095,CT_sec,0.268,0.332727273
NUS2095,CT_sec,0.254727273,0.312
NUS2095,dT_sec,0.3045625,0.252173913
NUS2095,dT_sec,0.302153846,0.264545455
NUS2095,dT_sec,0.28585,0.271428571
NUS2095,dT_sec,0.313409091,0.321818182
NUS2095,dT_sec,0.254117647,0.241481481
NUS2095,dT_sec,0.309541667,0.278333333
NUS2095,dT_sec,0.304652174,0.291304348
NUS2095,dT_sec,0.228,0.312173913
NUS2095,dT_sec,0.235142857,0.294285714
NUS2095,dT_sec,0.243944444,0.328
NUS2095,dT_sec,0.236666667,0.35
NUS2095,dT_sec,0.281777778,0.298823529
NUS2095,dT_sec,0.2485,0.288
NUS2095,dT_sec,0.235230769,0.3
NUS2095,dT_sec,0.298454545,0.250909091
NUS2095,dT_sec,0.239454545,0.315294118
NUS2095,dT_sec,0.2134,0.33
NUS2095,dT_sec,0.2729,0.228695652
NUS2095,dT_sec,0.2965,0.235
NUS2095,dT_sec,0.214157895,0.34
NUS2095,dT_samples,39.36842105,53.34782609
NUS2095,dT_samples,59.34782609,45
NUS2095,dT_samples,48.82352941,49.14285714
NUS2095,dT_samples,34.57142857,34
NUS2095,dT_samples,45.78571429,45.38461538
NUS2095,dT_samples,56.5,47.56521739
NUS2095,dT_samples,59.23076923,46.53846154
NUS2095,dT_samples,55.3,57.2173913
NUS2095,dT_samples,54.36363636,48.68181818
NUS2095,dT_samples,56.625,42.875
NUS2095,dT_samples,55.39130435,39.33333333
NUS2095,dT_samples,46.125,51.27272727
NUS2095,dT_samples,39,50.5
NUS2095,dT_samples,41.55555556,49.10526316
NUS2095,dT_samples,40.5,52.95833333
NUS2095,dT_samples,52.79310345,48.37931034
NUS2095,dT_samples,32,60.625
NUS2095,dT_samples,58.66666667,49.6
NUS2095,dT_samples,43.9,43.54166667
NUS2095,dT_samples,35.8,52.125
NUS2095,CT_samples,40.60869565,57.90909091
NUS2095,CT_samples,42.60869565,58.30434783
NUS2095,CT_samples,42.14285714,55.59090909
NUS2095,CT_samples,41.73913043,56.81818182
NUS2095,CT_samples,44.45,57.73913043
NUS2095,CT_samples,45.61111111,57.57142857
NUS2095,CT_samples,47.39130435,58.28
NUS2095,CT_samples,43.72,57.4
NUS2095,CT_samples,53.77272727,59.79166667
NUS2095,CT_samples,50.11764706,51.11764706
NUS2095,CT_samples,51.2,67.68421053
NUS2095,CT_samples,47.5,49.42857143
NUS2095,CT_samples,53.33333333,57.9375
NUS2095,CT_samples,53,51.875
NUS2095,CT_samples,46.9,58
NUS2095,CT_samples,44.63636364,57.21052632
NUS2095,CT_samples,47.94117647,60.5
NUS2095,CT_samples,48.54545455,59.85714286
NUS2095,CT_samples,57.66666667,58.5
NUS2095,CT_samples,53.42105263,54.52380952
NUS2095,RI_ratio,0.548547451,0.909258378
NUS2095,RI_ratio,0.726136569,0.904705213
NUS2095,RI_ratio,0.724198936,0.909507366
NUS2095,RI_ratio,0.622159048,0.88142291
NUS2095,RI_ratio,0.577167652,0.883537524
NUS2095,RI_ratio,0.516116329,0.861704192
NUS2095,RI_ratio,0.543092604,0.874437101
NUS2095,RI_ratio,0.544467629,0.896686384
NUS2095,RI_ratio,0.795096843,0.873997628
NUS2095,RI_ratio,0.758702911,0.865044175
NUS2095,RI_ratio,0.681273595,0.783018583
NUS2095,RI_ratio,0.716200828,0.881525294
NUS2095,RI_ratio,0.794213098,0.838144765
NUS2095,RI_ratio,0.692274507,0.930379607
NUS2095,RI_ratio,0.585993123,0.904752617
NUS2095,RI_ratio,0.635618923,0.892063798
NUS2095,RI_ratio,0.708927723,0.917722202
NUS2095,RI_ratio,0.581788527,0.878569431
NUS2095,RI_ratio,0.643166696,0.869959983
NUS2095,RI_ratio,0.826043461,0.820255732
NUS2096,PulseWidth_sec,0.994266667,0.968888889
NUS2096,PulseWidth_sec,0.932678571,0.933913043
NUS2096,PulseWidth_sec,0.936166667,0.934
NUS2096,PulseWidth_sec,0.996071429,0.942222222
NUS2096,PulseWidth_sec,0.952538462,0.932307692
NUS2096,PulseWidth_sec,0.996083333,0.954666667
NUS2096,PulseWidth_sec,0.883653846,0.8728
NUS2096,PulseWidth_sec,0.853809524,0.864
NUS2096,PulseWidth_sec,0.87975,0.8848
NUS2096,PulseWidth_sec,0.869034483,0.857241379
NUS2096,PulseWidth_sec,0.971173913,0.971111111
NUS2096,PulseWidth_sec,1.0314375,0.988695652
NUS2096,PulseWidth_sec,0.994,0.967058824
NUS2096,PulseWidth_sec,0.910428571,0.889166667
NUS2096,PulseWidth_sec,0.891,0.925
NUS2096,PulseWidth_sec,0.940038462,0.929411765
NUS2096,PulseWidth_sec,0.955703704,0.929230769
NUS2096,PulseWidth_sec,0.958125,0.932857143
NUS2096,PulseWidth_sec,0.889571429,0.871764706
NUS2096,PulseWidth_sec,0.933666667,0.905454545
NUS2096,CT_sec,0.18316,0.204615385
NUS2096,CT_sec,0.1811875,0.182352941
NUS2096,CT_sec,0.173806452,0.180769231
NUS2096,CT_sec,0.183555556,0.201538462
NUS2096,CT_sec,0.1808,0.193846154
NUS2096,CT_sec,0.17675,0.182105263
NUS2096,CT_sec,0.1776,0.19047619
NUS2096,CT_sec,0.191142857,0.199230769
NUS2096,CT_sec,0.191655172,0.202962963
NUS2096,CT_sec,0.186235294,0.248571429
NUS2096,CT_sec,0.173714286,0.186153846
NUS2096,CT_sec,0.175714286,0.192
NUS2096,CT_sec,0.18224,0.202307692
NUS2096,CT_sec,0.172571429,0.192941176
NUS2096,CT_sec,0.175272727,0.182857143
NUS2096,CT_sec,0.179,0.201538462
NUS2096,CT_sec,0.180347826,0.2
NUS2096,CT_sec,0.18144,0.193913043
NUS2096,CT_sec,0.1725,0.189090909
NUS2096,CT_sec,0.1712,0.17
NUS2096,dT_sec,0.3475,0.329333333
NUS2096,dT_sec,0.3543,0.324
NUS2096,dT_sec,0.36225,0.326363636
NUS2096,dT_sec,0.342586207,0.363076923
NUS2096,dT_sec,0.371545455,0.331851852
NUS2096,dT_sec,0.352142857,0.35
NUS2096,dT_sec,0.32848,0.252592593
NUS2096,dT_sec,0.329555556,0.284545455
NUS2096,dT_sec,0.346555556,0.334666667
NUS2096,dT_sec,0.370851852,0.3424
NUS2096,dT_sec,0.3585,0.324444444
NUS2096,dT_sec,0.366555556,0.327142857
NUS2096,dT_sec,0.341962963,0.34
NUS2096,dT_sec,0.348590909,0.3375
NUS2096,dT_sec,0.361875,0.330769231
NUS2096,dT_sec,0.370692308,0.314117647
NUS2096,dT_sec,0.3774,0.337333333
NUS2096,dT_sec,0.3846,0.415
NUS2096,dT_sec,0.374947368,0.358571429
NUS2096,dT_sec,0.338,0.344444444
NUS2096,dT_samples,76.03846154,72.08
NUS2096,dT_samples,73,71.3
NUS2096,dT_samples,78.40909091,68.96296296
NUS2096,dT_samples,78.92,71.14285714
NUS2096,dT_samples,79.58333333,74.75
NUS2096,dT_samples,65.25,67
NUS2096,dT_samples,71.5,70.8
NUS2096,dT_samples,74,71.17647059
NUS2096,dT_samples,80.03703704,70.42105263
NUS2096,dT_samples,79.64285714,71.68421053
NUS2096,dT_samples,82.16666667,72
NUS2096,dT_samples,78.45454545,68.75
NUS2096,dT_samples,89.07407407,82.25
NUS2096,dT_samples,74.52380952,70.71428571
NUS2096,dT_samples,80.5,72.9
NUS2096,dT_samples,74.18181818,69.66666667
NUS2096,dT_samples,72.6,70.33333333
NUS2096,dT_samples,73.625,70.30769231
NUS2096,dT_samples,82.57142857,78.44444444
NUS2096,dT_samples,70.76470588,69.36842105
NUS2096,CT_samples,39,39.86956522
NUS2096,CT_samples,33.72727273,32.33333333
NUS2096,CT_samples,40.48148148,40.25
NUS2096,CT_samples,37.08333333,40.27777778
NUS2096,CT_samples,36.78571429,36.22222222
NUS2096,CT_samples,43.41176471,44.28125
NUS2096,CT_samples,37.45454545,39
NUS2096,CT_samples,37.47619048,41.10526316
NUS2096,CT_samples,40.69565217,40.85185185
NUS2096,CT_samples,40.22727273,41.55
NUS2096,CT_samples,41.67857143,42
NUS2096,CT_samples,41.16129032,36.66666667
NUS2096,CT_samples,36.08333333,37.83333333
NUS2096,CT_samples,39.39130435,37.0625
NUS2096,CT_samples,37.35294118,40.42857143
NUS2096,CT_samples,42.83870968,43.76190476
NUS2096,CT_samples,36.05882353,37.69565217
NUS2096,CT_samples,39.41176471,40
NUS2096,CT_samples,36.6,38.07142857
NUS2096,CT_samples,38.10526316,37.81818182
NUS2096,RI_ratio,0.484135243,0.842513476
NUS2096,RI_ratio,0.442864865,0.725912525
NUS2096,RI_ratio,0.217694362,0.56564747
NUS2096,RI_ratio,0.249582957,0.44626388
NUS2096,RI_ratio,0.278710333,0.578346348
NUS2096,RI_ratio,0.349717884,0.704452886
NUS2096,RI_ratio,0.223304482,0.596090168
NUS2096,RI_ratio,0.194097513,0.538980724
NUS2096,RI_ratio,0.148715658,0.446788765
NUS2096,RI_ratio,0.136851668,0.453977367
NUS2096,RI_ratio,0.126120663,0.463242256
NUS2096,RI_ratio,0.253954651,0.528643079
NUS2096,RI_ratio,0.1967328,0.579945484
NUS2096,RI_ratio,0.301454361,0.608882299
NUS2096,RI_ratio,0.341934183,0.579247728
NUS2096,RI_ratio,0.230914259,0.628981725
NUS2096,RI_ratio,0.253661235,0.609950958
NUS2096,RI_ratio,0.263379835,0.657163892
NUS2096,RI_ratio,0.270136182,0.700975494
NUS2096,RI_ratio,0.281315566,0.36521559
NUS2097,PulseWidth_sec,1.240125,1.20952381
NUS2097,PulseWidth_sec,1.175909091,1.165882353
NUS2097,PulseWidth_sec,1.110058824,1.04
NUS2097,PulseWidth_sec,1.103521739,0.98
NUS2097,PulseWidth_sec,1.1435,1.08
NUS2097,PulseWidth_sec,1.116052632,1.12
NUS2097,PulseWidth_sec,1.040315789,0.98
NUS2097,PulseWidth_sec,1.1288,1.137777778
NUS2097,PulseWidth_sec,1.091235294,1.098
NUS2097,PulseWidth_sec,1.02315,1.043076923
NUS2097,PulseWidth_sec,1.121625,1.126666667
NUS2097,PulseWidth_sec,1.100833333,1.117777778
NUS2097,PulseWidth_sec,1.184,1.26
NUS2097,PulseWidth_sec,1.154307692,1.14
NUS2097,PulseWidth_sec,1.201823529,1.21
NUS2097,PulseWidth_sec,1.2405,1.2525
NUS2097,PulseWidth_sec,1.173142857,1.18
NUS2097,PulseWidth_sec,1.2193,1.18
NUS2097,PulseWidth_sec,1.035,1.004
NUS2097,PulseWidth_sec,1.092714286,0.84
NUS2097,CT_sec,0.206238095,0.311
NUS2097,CT_sec,0.289666667,0.325882353
NUS2097,CT_sec,0.176444444,0.16
NUS2097,CT_sec,0.177913043,0.16
NUS2097,CT_sec,0.178857143,0.16
NUS2097,CT_sec,0.181238095,0.16
NUS2097,CT_sec,0.189777778,0.270666667
NUS2097,CT_sec,0.18925,0.228181818
NUS2097,CT_sec,0.187894737,0.197777778
NUS2097,CT_sec,0.197708333,0.236190476
NUS2097,CT_sec,0.1987,0.322222222
NUS2097,CT_sec,0.198764706,0.2725
NUS2097,CT_sec,0.191133333,0.246666667
NUS2097,CT_sec,0.188444444,0.288421053
NUS2097,CT_sec,0.186846154,0.202857143
NUS2097,CT_sec,0.190666667,0.269090909
NUS2097,CT_sec,0.193117647,0.222222222
NUS2097,CT_sec,0.2324,0.32
NUS2097,CT_sec,0.190666667,0.196666667
NUS2097,CT_sec,0.1731,0.18
NUS2097,dT_sec,0.297894737,0.366666667
NUS2097,dT_sec,0.217,0.318095238
NUS2097,dT_sec,0.269666667,0.24875
NUS2097,dT_sec,0.275190476,0.338947368
NUS2097,dT_sec,0.276619048,0.347619048
NUS2097,dT_sec,0.250111111,0.326
NUS2097,dT_sec,0.3313,0.34
NUS2097,dT_sec,0.328590909,0.34
NUS2097,dT_sec,0.302727273,0.34
NUS2097,dT_sec,0.328047619,0.3375
NUS2097,dT_sec,0.280555556,0.295555556
NUS2097,dT_sec,0.327888889,0.261333333
NUS2097,dT_sec,0.3185,0.291818182
NUS2097,dT_sec,0.261583333,0.2475
NUS2097,dT_sec,0.306944444,0.246666667
NUS2097,dT_sec,0.321846154,0.332857143
NUS2097,dT_sec,0.315733333,0.273333333
NUS2097,dT_sec,0.317,0.243636364
NUS2097,dT_sec,0.125,0.316
NUS2097,dT_sec,0.320333333,0.36
NUS2097,dT_samples,56.31818182,55.66666667
NUS2097,dT_samples,42.54545455,49.63157895
NUS2097,dT_samples,57.5,59.5
NUS2097,dT_samples,56.33333333,61
NUS2097,dT_samples,58.625,59
NUS2097,dT_samples,62.27272727,52.5
NUS2097,dT_samples,55.28571429,61.5
NUS2097,dT_samples,55.63157895,44.77777778
NUS2097,dT_samples,58.73333333,53
NUS2097,dT_samples,56.5,57.88888889
NUS2097,dT_samples,56.53846154,67.5
NUS2097,dT_samples,49.06666667,66.33333333
NUS2097,dT_samples,54.53846154,46
NUS2097,dT_samples,51.5,55.125
NUS2097,dT_samples,54.93333333,51.08333333
NUS2097,dT_samples,59.5,68.5
NUS2097,dT_samples,53.71428571,70.83333333
NUS2097,dT_samples,54.40909091,43.27272727
NUS2097,dT_samples,43.35714286,50.15
NUS2097,dT_samples,37.33333333,77
NUS2097,CT_samples,31.77777778,26.5
NUS2097,CT_samples,30.42105263,26
NUS2097,CT_samples,30.70588235,29
NUS2097,CT_samples,40.92857143,41.375
NUS2097,CT_samples,40.3,42.77777778
NUS2097,CT_samples,33.375,40.22727273
NUS2097,CT_samples,39.85714286,43.45833333
NUS2097,CT_samples,34.8,55.05555556
NUS2097,CT_samples,34.33333333,50.10526316
NUS2097,CT_samples,37.76190476,43.69230769
NUS2097,CT_samples,31.41176471,33.5
NUS2097,CT_samples,31.8,33.33333333
NUS2097,CT_samples,32,30.14285714
NUS2097,CT_samples,29.35,28.28571429
NUS2097,CT_samples,31.5,37
NUS2097,CT_samples,30.2,29.85714286
NUS2097,CT_samples,31.7,30
NUS2097,CT_samples,32.4,62.66666667
NUS2097,CT_samples,33.71428571,36.33333333
NUS2097,CT_samples,45.13333333,57.3
NUS2097,RI_ratio,0.553035077,0.871208038
NUS2097,RI_ratio,0.672999603,0.829404202
NUS2097,RI_ratio,0.714192814,0.79179835
NUS2097,RI_ratio,0.721466097,0.809098598
NUS2097,RI_ratio,0.826211531,0.89578772
NUS2097,RI_ratio,0.558076133,0.627559152
NUS2097,RI_ratio,0.453672395,0.669677743
NUS2097,RI_ratio,0.446608482,0.657219999
NUS2097,RI_ratio,0.489046055,0.720952783
NUS2097,RI_ratio,0.463623222,0.609238434
NUS2097,RI_ratio,0.598754056,0.853780814
NUS2097,RI_ratio,0.546843811,0.919128912
NUS2097,RI_ratio,0.629988965,0.898811738
NUS2097,RI_ratio,0.642712719,0.920238575
NUS2097,RI_ratio,0.694906006,0.953364545
NUS2097,RI_ratio,0.517755089,0.901012513
NUS2097,RI_ratio,0.546528567,0.884193631
NUS2097,RI_ratio,0.72541798,0.72135856
NUS2097,RI_ratio,0.749054616,0.91592052
NUS2097,RI_ratio,0.650362833,0.829338829
NUS2098,PulseWidth_sec,1.01825,1.007692308
NUS2098,PulseWidth_sec,1.096230769,1.085
NUS2098,PulseWidth_sec,1.1875,1.08
NUS2098,PulseWidth_sec,1.072578947,1.076
NUS2098,PulseWidth_sec,1.024647059,1.034545455
NUS2098,PulseWidth_sec,1.0254,1.023
NUS2098,PulseWidth_sec,1.012285714,1.005833333
NUS2098,PulseWidth_sec,0.97226087,0.979
NUS2098,PulseWidth_sec,1.1726,0.993333333
NUS2098,PulseWidth_sec,1.048666667,1.056666667
NUS2098,PulseWidth_sec,1.021647059,1.0304
NUS2098,PulseWidth_sec,1.05075,1.056666667
NUS2098,PulseWidth_sec,0.9654,1.025
NUS2098,PulseWidth_sec,1.034941176,1.050833333
NUS2098,PulseWidth_sec,0.992411765,0.9952
NUS2098,PulseWidth_sec,1.038666667,1.067142857
NUS2098,PulseWidth_sec,0.9892,1.018571429
NUS2098,PulseWidth_sec,0.987444444,1.002857143
NUS2098,PulseWidth_sec,0.997818182,1.0088
NUS2098,PulseWidth_sec,0.999095238,1.009090909
NUS2098,CT_sec,0.1935,0.3152
NUS2098,CT_sec,0.211,0.308888889
NUS2098,CT_sec,0.211285714,0.283333333
NUS2098,CT_sec,0.21525,0.281818182
NUS2098,CT_sec,0.205666667,0.294545455
NUS2098,CT_sec,0.223866667,0.29
NUS2098,CT_sec,0.1995,0.294285714
NUS2098,CT_sec,0.203,0.251666667
NUS2098,CT_sec,0.171666667,0.325217391
NUS2098,CT_sec,0.185833333,0.2968
NUS2098,CT_sec,0.206823529,0.271428571
NUS2098,CT_sec,0.199888889,0.26
NUS2098,CT_sec,0.196277778,0.291666667
NUS2098,CT_sec,0.189631579,0.293043478
NUS2098,CT_sec,0.19145,0.207826087
NUS2098,CT_sec,0.208,0.3336
NUS2098,CT_sec,0.193285714,0.290769231
NUS2098,CT_sec,0.190235294,0.18
NUS2098,CT_sec,0.211,0.391111111
NUS2098,CT_sec,0.197083333,0.34
NUS2098,dT_sec,0.302357143,0.302727273
NUS2098,dT_sec,0.3442,0.310588235
NUS2098,dT_sec,0.2334,0.281333333
NUS2098,dT_sec,0.339047619,0.291666667
NUS2098,dT_sec,0.338666667,0.251428571
NUS2098,dT_sec,0.344473684,0.257272727
NUS2098,dT_sec,0.358615385,0.297333333
NUS2098,dT_sec,0.267785714,0.233333333
NUS2098,dT_sec,0.298166667,0.2328
NUS2098,dT_sec,0.345823529,0.2784
NUS2098,dT_sec,0.2554375,0.281904762
NUS2098,dT_sec,0.277590909,0.197777778
NUS2098,dT_sec,0.301333333,0.261666667
NUS2098,dT_sec,0.319958333,0.217333333
NUS2098,dT_sec,0.319058824,0.215833333
NUS2098,dT_sec,0.354266667,0.292727273
NUS2098,dT_sec,0.337,0.256
NUS2098,dT_sec,0.334043478,0.278095238
NUS2098,dT_sec,0.339380952,0.243333333
NUS2098,dT_sec,0.150428571,0.244285714
NUS2098,dT_samples,63.41666667,55.92307692
NUS2098,dT_samples,41.55555556,56.17391304
NUS2098,dT_samples,57.15384615,62.36363636
NUS2098,dT_samples,44,61.77777778
NUS2098,dT_samples,60,52.45454545
NUS2098,dT_samples,66.04,52.28571429
NUS2098,dT_samples,69.04347826,52.25
NUS2098,dT_samples,65.79166667,47.57142857
NUS2098,dT_samples,72.125,52.63636364
NUS2098,dT_samples,70.85714286,57.0625
NUS2098,dT_samples,72.68421053,61.46666667
NUS2098,dT_samples,67.125,56.57894737
NUS2098,dT_samples,66.10526316,48.76
NUS2098,dT_samples,67.05882353,52.08
NUS2098,dT_samples,63.875,43.54166667
NUS2098,dT_samples,64.5625,47.82608696
NUS2098,dT_samples,67.84,42.47619048
NUS2098,dT_samples,63.33333333,40.1
NUS2098,dT_samples,60.8,38.95
NUS2098,dT_samples,64.53333333,60.11111111
NUS2098,CT_samples,34.45454545,40.16
NUS2098,CT_samples,35.375,45.45
NUS2098,CT_samples,35.53333333,42.04761905
NUS2098,CT_samples,33.30769231,41.4
NUS2098,CT_samples,37.81818182,60.32
NUS2098,CT_samples,36,52.86666667
NUS2098,CT_samples,39.17647059,54.6
NUS2098,CT_samples,37.35714286,49.38461538
NUS2098,CT_samples,38.84,53.72727273
NUS2098,CT_samples,36.69230769,53.84615385
NUS2098,CT_samples,38.8,52
NUS2098,CT_samples,38.57142857,54.31578947
NUS2098,CT_samples,40.19047619,48.6875
NUS2098,CT_samples,36.31578947,49.20833333
NUS2098,CT_samples,39.33333333,59.82608696
NUS2098,CT_samples,43.55555556,56.47826087
NUS2098,CT_samples,36.72222222,69.7826087
NUS2098,CT_samples,58.17241379,46.83333333
NUS2098,CT_samples,41.31578947,57.41666667
NUS2098,CT_samples,44.17647059,64.48148148
NUS2098,RI_ratio,16.74719028,0.654840254
NUS2098,RI_ratio,0.608313273,0.868756806
NUS2098,RI_ratio,0.615942303,0.85998556
NUS2098,RI_ratio,0.577450962,0.891009279
NUS2098,RI_ratio,3.184249601,0.907625945
NUS2098,RI_ratio,4.311635315,0.882257509
NUS2098,RI_ratio,0.601122189,0.896989178
NUS2098,RI_ratio,4.049541172,0.900522201
NUS2098,RI_ratio,0.595357324,0.896988485
NUS2098,RI_ratio,0.565965937,0.885945329
NUS2098,RI_ratio,0.635316278,0.913340913
NUS2098,RI_ratio,1.690734446,0.928978558
NUS2098,RI_ratio,0.527157485,0.957314339
NUS2098,RI_ratio,0.546191258,0.847915084
NUS2098,RI_ratio,0.513359784,0.889287123
NUS2098,RI_ratio,0.593615815,0.890692367
NUS2098,RI_ratio,0.62316019,0.805096297
NUS2098,RI_ratio,1.677723648,5.181510198
NUS2098,RI_ratio,1.154582421,0.832187192
NUS2098,RI_ratio,0.840715351,0.853595817
NUS2099,PulseWidth_sec,0.8623,0.865185185
NUS2099,PulseWidth_sec,0.729903226,0.732941176
NUS2099,PulseWidth_sec,0.777321429,0.782941176
NUS2099,PulseWidth_sec,0.81984375,0.815757576
NUS2099,PulseWidth_sec,0.809,0.812121212
NUS2099,PulseWidth_sec,0.87462069,0.872666667
NUS2099,PulseWidth_sec,0.793911765,0.791176471
NUS2099,PulseWidth_sec,0.80630303,0.810625
NUS2099,PulseWidth_sec,0.773789474,0.741818182
NUS2099,PulseWidth_sec,0.8216875,0.824375
NUS2099,PulseWidth_sec,0.81709375,0.815757576
NUS2099,PulseWidth_sec,0.830125,0.8325
NUS2099,PulseWidth_sec,0.841625,0.857419355
NUS2099,PulseWidth_sec,0.837310345,0.840714286
NUS2099,PulseWidth_sec,0.9036,0.921428571
NUS2099,PulseWidth_sec,0.835857143,0.835625
NUS2099,PulseWidth_sec,0.886448276,0.886
NUS2099,PulseWidth_sec,0.845741935,0.844516129
NUS2099,PulseWidth_sec,0.910576923,0.901428571
NUS2099,PulseWidth_sec,0.950541667,0.938823529
NUS2099,CT_sec,0.202724138,0.202758621
NUS2099,CT_sec,0.197,0.198666667
NUS2099,CT_sec,0.19383871,0.198125
NUS2099,CT_sec,0.201285714,0.239411765
NUS2099,CT_sec,0.20015625,0.276875
NUS2099,CT_sec,0.1881875,0.245
NUS2099,CT_sec,0.21112,0.229655172
NUS2099,CT_sec,0.197307692,0.203529412
NUS2099,CT_sec,0.196457143,0.191666667
NUS2099,CT_sec,0.194322581,0.193333333
NUS2099,CT_sec,0.20125,0.223225806
NUS2099,CT_sec,0.20759375,0.252727273
NUS2099,CT_sec,0.199,0.24625
NUS2099,CT_sec,0.208466667,0.203870968
NUS2099,CT_sec,0.212866667,0.221818182
NUS2099,CT_sec,0.215,0.285882353
NUS2099,CT_sec,0.208375,0.2
NUS2099,CT_sec,0.213428571,0.202857143
NUS2099,CT_sec,0.208307692,0.197857143
NUS2099,CT_sec,0.206304348,0.1976
NUS2099,dT_sec,0.345483871,0.250967742
NUS2099,dT_sec,0.327761905,0.241935484
NUS2099,dT_sec,0.37740625,0.327741935
NUS2099,dT_sec,0.353266667,0.281212121
NUS2099,dT_sec,0.34875,0.329032258
NUS2099,dT_sec,0.34716129,0.325625
NUS2099,dT_sec,0.346533333,0.315151515
NUS2099,dT_sec,0.336483871,0.33
NUS2099,dT_sec,0.34369697,0.31375
NUS2099,dT_sec,0.343466667,0.307096774
NUS2099,dT_sec,0.317722222,0.308333333
NUS2099,dT_sec,0.314791667,0.301818182
NUS2099,dT_sec,0.345516129,0.314482759
NUS2099,dT_sec,0.340571429,0.275
NUS2099,dT_sec,0.330032258,0.306451613
NUS2099,dT_sec,0.324806452,0.290322581
NUS2099,dT_sec,0.31112,0.291034483
NUS2099,dT_sec,0.31983871,0.301111111
NUS2099,dT_sec,0.319875,0.3
NUS2099,dT_sec,0.312967742,0.306666667
NUS2099,dT_samples,77.72727273,67.57692308
NUS2099,dT_samples,83.03846154,80.46875
NUS2099,dT_samples,86.05555556,81.80952381
NUS2099,dT_samples,85.63333333,73.35483871
NUS2099,dT_samples,89.5625,75.87096774
NUS2099,dT_samples,81.72,68.71875
NUS2099,dT_samples,81.5,76.1875
NUS2099,dT_samples,83.28125,77.63636364
NUS2099,dT_samples,83.4516129,74.13793103
NUS2099,dT_samples,84.51612903,62.90909091
NUS2099,dT_samples,72.48275862,67.64285714
NUS2099,dT_samples,76.24,67
NUS2099,dT_samples,81.93939394,75.41935484
NUS2099,dT_samples,77.70833333,60.6875
NUS2099,dT_samples,74.19354839,62.80645161
NUS2099,dT_samples,76.06666667,67.34482759
NUS2099,dT_samples,76.12903226,68.41935484
NUS2099,dT_samples,78.86956522,63.17647059
NUS2099,dT_samples,74.25806452,70.61111111
NUS2099,dT_samples,61.7826087,49.36
NUS2099,CT_samples,54.35294118,58
NUS2099,CT_samples,45.3,44.08
NUS2099,CT_samples,49.78571429,52.47058824
NUS2099,CT_samples,49.88888889,54.05263158
NUS2099,CT_samples,49.17142857,51.05263158
NUS2099,CT_samples,49.79411765,49.16129032
NUS2099,CT_samples,51,47.35714286
NUS2099,CT_samples,50.28125,59.63636364
NUS2099,CT_samples,48.90322581,57.75757576
NUS2099,CT_samples,48.75,57.84375
NUS2099,CT_samples,47.68965517,45
NUS2099,CT_samples,46.93103448,44.10344828
NUS2099,CT_samples,53.8,57.61904762
NUS2099,CT_samples,45.33333333,51.44827586
NUS2099,CT_samples,46.6,47.43333333
NUS2099,CT_samples,45.55172414,47.46666667
NUS2099,CT_samples,53.24242424,64.44444444
NUS2099,CT_samples,48.28571429,44.95833333
NUS2099,CT_samples,42.70833333,41.29166667
NUS2099,CT_samples,47.10344828,44.26315789
NUS2099,RI_ratio,0.735909016,0.736068672
NUS2099,RI_ratio,0.754958086,0.799778693
NUS2099,RI_ratio,0.56244947,0.859817155
NUS2099,RI_ratio,0.603720308,0.862702199
NUS2099,RI_ratio,0.521180477,0.780484099
NUS2099,RI_ratio,0.425325531,0.678401385
NUS2099,RI_ratio,0.416684355,0.651049083
NUS2099,RI_ratio,0.397099476,0.614077984
NUS2099,RI_ratio,0.444514405,0.621074055
NUS2099,RI_ratio,0.436737399,0.669968496
NUS2099,RI_ratio,0.461373158,0.700489109
NUS2099,RI_ratio,0.464644477,0.730707833
NUS2099,RI_ratio,0.457510709,0.724570941
NUS2099,RI_ratio,0.45531384,0.666441386
NUS2099,RI_ratio,0.524957803,0.743206066
NUS2099,RI_ratio,0.612875748,0.880701257
NUS2099,RI_ratio,0.54114536,1.480315548
NUS2099,RI_ratio,0.541063689,0.541214995
NUS2099,RI_ratio,0.478334249,1.325884192
NUS2099,RI_ratio,0.513075827,0.589326089
NUS2100,PulseWidth_sec,0.894241379,0.890909091
NUS2100,PulseWidth_sec,0.901103448,0.909473684
NUS2100,PulseWidth_sec,0.926392857,0.927857143
NUS2100,PulseWidth_sec,1.110608696,1.109
NUS2100,PulseWidth_sec,0.9834,0.92625
NUS2100,PulseWidth_sec,0.995846154,0.96
NUS2100,PulseWidth_sec,0.888142857,0.861818182
NUS2100,PulseWidth_sec,1.011423077,1.012
NUS2100,PulseWidth_sec,1.020041667,0.922
NUS2100,PulseWidth_sec,1.020166667,1.024285714
NUS2100,PulseWidth_sec,1.040785714,1.048333333
NUS2100,PulseWidth_sec,0.967521739,0.973636364
NUS2100,PulseWidth_sec,1.125636364,1.132380952
NUS2100,PulseWidth_sec,1.107391304,1.107826087
NUS2100,PulseWidth_sec,1.045625,1.045833333
NUS2100,PulseWidth_sec,0.986166667,0.9928
NUS2100,PulseWidth_sec,0.966846154,0.970769231
NUS2100,PulseWidth_sec,1.044458333,1.041
NUS2100,PulseWidth_sec,1.047944444,1.07
NUS2100,PulseWidth_sec,0.985166667,0.99
NUS2100,CT_sec,0.220032258,0.269677419
NUS2100,CT_sec,0.272423077,0.34
NUS2100,CT_sec,0.263346154,0.325384615
NUS2100,CT_sec,0.265851852,0.332307692
NUS2100,CT_sec,0.250888889,0.305
NUS2100,CT_sec,0.235541667,0.289090909
NUS2100,CT_sec,0.282869565,0.253846154
NUS2100,CT_sec,0.27564,0.28
NUS2100,CT_sec,0.285222222,0.28
NUS2100,CT_sec,0.24296,0.317272727
NUS2100,CT_sec,0.273038462,0.325555556
NUS2100,CT_sec,0.245740741,0.309285714
NUS2100,CT_sec,0.264111111,0.335652174
NUS2100,CT_sec,0.262153846,0.327777778
NUS2100,CT_sec,0.267166667,0.331666667
NUS2100,CT_sec,0.233692308,0.290526316
NUS2100,CT_sec,0.2602,0.278709677
NUS2100,CT_sec,0.287,0.329
NUS2100,CT_sec,0.28825,0.353333333
NUS2100,CT_sec,0.3095,0.335454545
NUS2100,dT_sec,0.300285714,0.257241379
NUS2100,dT_sec,0.284153846,0.241333333
NUS2100,dT_sec,0.253576923,0.236296296
NUS2100,dT_sec,0.271846154,0.237692308
NUS2100,dT_sec,0.279192308,0.2704
NUS2100,dT_sec,0.263346154,0.256153846
NUS2100,dT_sec,0.26832,0.358181818
NUS2100,dT_sec,0.266173913,0.2825
NUS2100,dT_sec,0.290481481,0.388571429
NUS2100,dT_sec,0.249481481,0.355652174
NUS2100,dT_sec,0.229517241,0.237142857
NUS2100,dT_sec,0.26075,0.303333333
NUS2100,dT_sec,0.25568,0.246666667
NUS2100,dT_sec,0.260454545,0.281818182
NUS2100,dT_sec,0.29255,0.33
NUS2100,dT_sec,0.24312,0.28
NUS2100,dT_sec,0.251565217,0.291304348
NUS2100,dT_sec,0.209285714,0.248
NUS2100,dT_sec,0.261833333,0.316842105
NUS2100,dT_sec,0.282375,0.302608696
NUS2100,dT_samples,61.89655172,48.03571429
NUS2100,dT_samples,61.94444444,48.46666667
NUS2100,dT_samples,54.07692308,44.11538462
NUS2100,dT_samples,51.73076923,46.57692308
NUS2100,dT_samples,53.04,51.38461538
NUS2100,dT_samples,49.30434783,51.08333333
NUS2100,dT_samples,52.28571429,52.31818182
NUS2100,dT_samples,53.5,79.4
NUS2100,dT_samples,47.13636364,59.94117647
NUS2100,dT_samples,55.4375,87.83333333
NUS2100,dT_samples,46.40909091,43
NUS2100,dT_samples,50.84,61.15
NUS2100,dT_samples,49.21428571,51.95238095
NUS2100,dT_samples,53,51.61904762
NUS2100,dT_samples,51,56.86363636
NUS2100,dT_samples,46.14285714,52.20833333
NUS2100,dT_samples,57.57142857,47.4
NUS2100,dT_samples,53.44,48.03846154
NUS2100,dT_samples,52.5,40
NUS2100,dT_samples,57.6,53.05555556
NUS2100,CT_samples,51.36666667,62.13043478
NUS2100,CT_samples,51.20689655,63.88888889
NUS2100,CT_samples,54.69230769,65.07407407
NUS2100,CT_samples,51.26666667,65.63333333
NUS2100,CT_samples,48.60714286,66.26666667
NUS2100,CT_samples,54.33333333,61.95238095
NUS2100,CT_samples,49.36,45.5
NUS2100,CT_samples,50.89655172,58.66666667
NUS2100,CT_samples,57.22580645,57.14285714
NUS2100,CT_samples,51.75,59.6
NUS2100,CT_samples,53.69230769,58.80952381
NUS2100,CT_samples,51.53846154,53.5
NUS2100,CT_samples,52.84,51.18181818
NUS2100,CT_samples,48.04545455,49.81818182
NUS2100,CT_samples,46,58.47619048
NUS2100,CT_samples,60.96551724,64.96
NUS2100,CT_samples,49.5625,58.59090909
NUS2100,CT_samples,48.08,61.73913043
NUS2100,CT_samples,50.13043478,60.60869565
NUS2100,CT_samples,44.56521739,59.9
NUS2100,RI_ratio,0.554742258,0.781047544
NUS2100,RI_ratio,0.559795994,0.837310756
NUS2100,RI_ratio,0.583618357,0.8865033
NUS2100,RI_ratio,0.696661218,0.914080612
NUS2100,RI_ratio,0.547139913,10.87687499
NUS2100,RI_ratio,0.653483607,0.801999262
NUS2100,RI_ratio,0.663776813,0.691549322
NUS2100,RI_ratio,0.680116431,0.888725356
NUS2100,RI_ratio,0.66184957,0.896611959
NUS2100,RI_ratio,0.630517297,0.763243201
NUS2100,RI_ratio,0.654323239,0.880562585
NUS2100,RI_ratio,0.707465652,0.854956069
NUS2100,RI_ratio,0.614466267,0.208031668
NUS2100,RI_ratio,0.562795286,0.450348737
NUS2100,RI_ratio,0.574938443,0.27502391
NUS2100,RI_ratio,0.786603629,0.782220121
NUS2100,RI_ratio,0.732664097,0.744505855
NUS2100,RI_ratio,0.725645736,0.923756534
NUS2100,RI_ratio,0.710350076,0.885035015
NUS2100,RI_ratio,0.762482761,0.882497911
NUS2103,PulseWidth_sec,0.719078947,0.706153846
NUS2103,PulseWidth_sec,0.755233333,0.743157895
NUS2103,PulseWidth_sec,0.703025641,0.697272727
NUS2103,PulseWidth_sec,0.725823529,0.730909091
NUS2103,PulseWidth_sec,0.781545455,0.804285714
NUS2103,PulseWidth_sec,0.795192308,0.798571429
NUS2103,PulseWidth_sec,0.792941176,0.793103448
NUS2103,PulseWidth_sec,0.795636364,0.798064516
NUS2103,PulseWidth_sec,0.850333333,0.864
NUS2103,PulseWidth_sec,0.748424242,0.759230769
NUS2103,PulseWidth_sec,0.881689655,0.880666667
NUS2103,PulseWidth_sec,0.9075,0.926
NUS2103,PulseWidth_sec,0.880733333,0.885217391
NUS2103,PulseWidth_sec,0.942769231,0.934117647
NUS2103,PulseWidth_sec,0.892518519,0.906666667
NUS2103,PulseWidth_sec,0.904944444,0.912380952
NUS2103,PulseWidth_sec,1.0705,0.82
NUS2103,PulseWidth_sec,1.02,0.906666667
NUS2103,PulseWidth_sec,1.091,0.911666667
NUS2103,PulseWidth_sec,0.82046875,0.8248
NUS2103,CT_sec,0.193351351,0.251428571
NUS2103,CT_sec,0.18,0.22
NUS2103,CT_sec,0.179707317,0.179047619
NUS2103,CT_sec,0.209535714,0.241212121
NUS2103,CT_sec,0.20416129,0.238709677
NUS2103,CT_sec,0.207,0.236666667
NUS2103,CT_sec,0.1998,0.281428571
NUS2103,CT_sec,0.1934375,0.259310345
NUS2103,CT_sec,0.196285714,0.283076923
NUS2103,CT_sec,0.179,0.24
NUS2103,CT_sec,0.205285714,0.286956522
NUS2103,CT_sec,0.205482759,0.293043478
NUS2103,CT_sec,0.204692308,0.279130435
NUS2103,CT_sec,0.206964286,0.297894737
NUS2103,CT_sec,0.203958333,0.303157895
NUS2103,CT_sec,7.131370534,0.257647059
NUS2103,CT_sec,0.194363636,0.283870968
NUS2103,CT_sec,0.169285714,0.21
NUS2103,CT_sec,0.192607143,0.248235294
NUS2103,CT_sec,0.213258065,0.270588235
NUS2103,dT_sec,0.207423077,0.225263158
NUS2103,dT_sec,0.264266667,0.23875
NUS2103,dT_sec,0.174096774,0.255
NUS2103,dT_sec,0.248527778,0.284
NUS2103,dT_sec,0.211787879,0.28
NUS2103,dT_sec,0.302416667,0.23
NUS2103,dT_sec,0.149135135,0.27875
NUS2103,dT_sec,0.254407407,0.255862069
NUS2103,dT_sec,0.331172414,0.29
NUS2103,dT_sec,0.307294118,0.280689655
NUS2103,dT_sec,0.22628,0.216
NUS2103,dT_sec,0.260724138,0.230714286
NUS2103,dT_sec,0.307333333,0.218947368
NUS2103,dT_sec,0.250307692,0.224761905
NUS2103,dT_sec,0.240964286,0.228
NUS2103,dT_sec,0.2770625,0.233846154
NUS2103,dT_sec,0.228,0.297647059
NUS2103,dT_sec,0.258,0.265454545
NUS2103,dT_sec,0.205625,0.37
NUS2103,dT_sec,0.212888889,0.263333333
NUS2103,dT_samples,68.13888889,77.9
NUS2103,dT_samples,53.96969697,69.5
NUS2103,dT_samples,45.72,75.05555556
NUS2103,dT_samples,75.08571429,72.61904762
NUS2103,dT_samples,47.94285714,74.93333333
NUS2103,dT_samples,36.0952381,71.62962963
NUS2103,dT_samples,82.26470588,69.77419355
NUS2103,dT_samples,81.5,67.09375
NUS2103,dT_samples,68.23529412,66.70967742
NUS2103,dT_samples,80.6969697,67.83333333
NUS2103,dT_samples,37.29166667,57.24242424
NUS2103,dT_samples,72.11111111,51.11111111
NUS2103,dT_samples,35.4,48.8
NUS2103,dT_samples,44.88888889,47.91304348
NUS2103,dT_samples,67.96428571,46.91304348
NUS2103,dT_samples,30.33333333,46.41666667
NUS2103,dT_samples,35.25,65
NUS2103,dT_samples,38.33333333,46.38888889
NUS2103,dT_samples,40,49.27272727
NUS2103,dT_samples,68.2,55.93333333
NUS2103,CT_samples,55.38888889,64.44444444
NUS2103,CT_samples,48.36363636,51.94736842
NUS2103,CT_samples,47.41176471,49.66666667
NUS2103,CT_samples,48.38235294,53
NUS2103,CT_samples,49.2,52.61111111
NUS2103,CT_samples,49.08108108,49.83333333
NUS2103,CT_samples,48.54054054,46.875
NUS2103,CT_samples,48.27027027,46.06666667
NUS2103,CT_samples,51.34615385,59.13333333
NUS2103,CT_samples,54.7,64.53846154
NUS2103,CT_samples,48.73913043,54.65384615
NUS2103,CT_samples,48.29166667,53.9
NUS2103,CT_samples,49.02941176,64.32352941
NUS2103,CT_samples,46.65384615,60.16
NUS2103,CT_samples,44.54166667,61.33333333
NUS2103,CT_samples,45.19230769,59.39130435
NUS2103,CT_samples,45.22222222,58.04166667
NUS2103,CT_samples,45.08333333,63.19047619
NUS2103,CT_samples,40.66666667,55.5
NUS2103,CT_samples,40.94444444,50
NUS2103,RI_ratio,0.873036909,0.816266297
NUS2103,RI_ratio,0.686059823,0.905365292
NUS2103,RI_ratio,0.562628871,0.771655277
NUS2103,RI_ratio,0.429746978,0.652537079
NUS2103,RI_ratio,0.550531171,0.804871048
NUS2103,RI_ratio,0.461076217,0.598182446
NUS2103,RI_ratio,0.371724314,0.598285298
NUS2103,RI_ratio,0.754629822,0.599432958
NUS2103,RI_ratio,0.687046823,0.592564499
NUS2103,RI_ratio,0.544682811,0.804988515
NUS2103,RI_ratio,0.648927243,0.809061369
NUS2103,RI_ratio,0.767971052,0.841225015
NUS2103,RI_ratio,0.585155876,0.822247808
NUS2103,RI_ratio,0.896353046,0.846344551
NUS2103,RI_ratio,0.770653527,0.851474484
NUS2103,RI_ratio,0.642465799,0.767551081
NUS2103,RI_ratio,0.611254233,3.122936659
NUS2103,RI_ratio,0.503265336,0.725011772
NUS2103,RI_ratio,0.694847191,0.849562797
NUS2103,RI_ratio,0.632165684,0.735599967
NUS2104,PulseWidth_sec,1.1125,0.918666667
NUS2104,PulseWidth_sec,1.074285714,0.959230769
NUS2104,PulseWidth_sec,1.118714286,0.985
NUS2104,PulseWidth_sec,1.062,0.94
NUS2104,PulseWidth_sec,1.124,0.996296296
NUS2104,PulseWidth_sec,1.1749,0.990666667
NUS2104,PulseWidth_sec,1.1215,0.894166667
NUS2104,PulseWidth_sec,0.742277778,0.7275
NUS2104,PulseWidth_sec,0.789090909,0.798947368
NUS2104,PulseWidth_sec,1.09925,0.981428571
NUS2104,PulseWidth_sec,0.733305556,0.725384615
NUS2104,PulseWidth_sec,0.7722,0.771515152
NUS2104,PulseWidth_sec,0.907785714,0.837931034
NUS2104,PulseWidth_sec,1.192666667,0.904444444
NUS2104,PulseWidth_sec,0.778357143,0.766666667
NUS2104,PulseWidth_sec,1.100090909,0.872
NUS2104,PulseWidth_sec,1.1154,0.858333333
NUS2104,PulseWidth_sec,1.106,0.942222222
NUS2104,PulseWidth_sec,1.092285714,0.951111111
NUS2104,PulseWidth_sec,1.118714286,0.924
NUS2104,CT_sec,0.1952,0.276666667
NUS2104,CT_sec,0.191,0.254736842
NUS2104,CT_sec,0.190166667,0.218333333
NUS2104,CT_sec,0.183857143,0.216428571
NUS2104,CT_sec,0.187625,0.252
NUS2104,CT_sec,0.1865,0.254736842
NUS2104,CT_sec,0.184666667,0.254285714
NUS2104,CT_sec,0.188916667,0.224
NUS2104,CT_sec,0.183,0.231428571
NUS2104,CT_sec,0.179875,0.219130435
NUS2104,CT_sec,0.20325,0.3
NUS2104,CT_sec,0.1813,0.213333333
NUS2104,CT_sec,0.191,0.220869565
NUS2104,CT_sec,0.17996,0.169411765
NUS2104,CT_sec,0.176,0.212222222
NUS2104,CT_sec,0.185571429,0.183333333
NUS2104,CT_sec,0.1966,0.236363636
NUS2104,CT_sec,0.191,0.255238095
NUS2104,CT_sec,0.199,0.226363636
NUS2104,CT_sec,0.202,0.295
NUS2104,dT_sec,0.331454545,0.254782609
NUS2104,dT_sec,0.34,0.245
NUS2104,dT_sec,0.3396,0.2925
NUS2104,dT_sec,0.287,0.3064
NUS2104,dT_sec,0.25275,0.3225
NUS2104,dT_sec,0.306555556,0.3
NUS2104,dT_sec,0.313035714,0.280714286
NUS2104,dT_sec,0.3284,0.29
NUS2104,dT_sec,0.334666667,0.30952381
NUS2104,dT_sec,0.333,0.286153846
NUS2104,dT_sec,0.334153846,0.309230769
NUS2104,dT_sec,0.339181818,0.289230769
NUS2104,dT_sec,0.27175,0.269285714
NUS2104,dT_sec,0.342285714,0.298333333
NUS2104,dT_sec,0.332,0.290769231
NUS2104,dT_sec,0.319666667,0.308484848
NUS2104,dT_sec,0.336,0.282
NUS2104,dT_sec,0.280387097,0.306086957
NUS2104,dT_sec,0.3125,0.2552
NUS2104,dT_sec,0.271933333,0.284242424
NUS2104,dT_samples,63,67.71428571
NUS2104,dT_samples,79.26315789,57.68
NUS2104,dT_samples,56.71428571,61
NUS2104,dT_samples,54.88888889,73.48
NUS2104,dT_samples,49.64705882,58.66666667
NUS2104,dT_samples,58.66666667,54.55555556
NUS2104,dT_samples,54.6,60.16
NUS2104,dT_samples,81.71875,74.96969697
NUS2104,dT_samples,46.57142857,62.25
NUS2104,dT_samples,56,70.75
NUS2104,dT_samples,39.35714286,58.03448276
NUS2104,dT_samples,24,61.52941176
NUS2104,dT_samples,53.5,77.66666667
NUS2104,dT_samples,60,78.4
NUS2104,dT_samples,81.7027027,64.7027027
NUS2104,dT_samples,70.6875,64.85714286
NUS2104,dT_samples,50.75,70.85714286
NUS2104,dT_samples,90.5,81.55
NUS2104,dT_samples,58.625,61.21052632
NUS2104,dT_samples,43.75,73.14285714
NUS2104,CT_samples,34.8,54.15384615
NUS2104,CT_samples,46.21052632,64.57142857
NUS2104,CT_samples,29.75,43.16666667
NUS2104,CT_samples,36.09090909,54.68181818
NUS2104,CT_samples,37.75,55.42307692
NUS2104,CT_samples,34.41666667,46.88461538
NUS2104,CT_samples,33.3,47.33333333
NUS2104,CT_samples,30,56
NUS2104,CT_samples,41.39130435,42.375
NUS2104,CT_samples,46.23529412,62
NUS2104,CT_samples,51.91428571,52.05882353
NUS2104,CT_samples,48.76470588,46.5
NUS2104,CT_samples,48.66666667,59.3
NUS2104,CT_samples,41.375,54.125
NUS2104,CT_samples,40.55,52.64516129
NUS2104,CT_samples,30,52.69230769
NUS2104,CT_samples,41.5,41.61904762
NUS2104,CT_samples,33.33333333,45.8
NUS2104,CT_samples,31.6,46.81818182
NUS2104,CT_samples,34.57142857,55
NUS2104,RI_ratio,0.502215436,0.816840125
NUS2104,RI_ratio,0.511907391,0.782146307
NUS2104,RI_ratio,0.619717296,0.707032518
NUS2104,RI_ratio,0.367752683,0.630122174
NUS2104,RI_ratio,0.478900197,0.689101085
NUS2104,RI_ratio,0.468613328,0.834651213
NUS2104,RI_ratio,0.388025835,0.779104769
NUS2104,RI_ratio,0.372217405,0.740354471
NUS2104,RI_ratio,0.32675309,0.653775638
NUS2104,RI_ratio,0.354914587,0.725194145
NUS2104,RI_ratio,0.46222467,0.73435985
NUS2104,RI_ratio,0.451829935,0.84710956
NUS2104,RI_ratio,5.298851678,0.843728597
NUS2104,RI_ratio,0.36163871,0.627411194
NUS2104,RI_ratio,0.262123291,0.446181435
NUS2104,RI_ratio,0.419120474,0.832861598
NUS2104,RI_ratio,0.646771185,0.645457443
NUS2104,RI_ratio,0.945446211,0.664777099
NUS2104,RI_ratio,0.560656193,0.865872277
NUS2104,RI_ratio,0.570292431,0.925250757
NUS2113,PulseWidth_sec,1.0336875,1.029333333
NUS2113,PulseWidth_sec,1.06915,1.079090909
NUS2113,PulseWidth_sec,1.23425,1.24
NUS2113,PulseWidth_sec,1.188526316,1.23
NUS2113,PulseWidth_sec,1.186105263,1.14
NUS2113,PulseWidth_sec,1.274666667,1.226666667
NUS2113,PulseWidth_sec,1.1915,1.198571429
NUS2113,PulseWidth_sec,1.2086,1.222222222
NUS2113,PulseWidth_sec,1.354285714,1.31
NUS2113,PulseWidth_sec,1.3285,1.308571429
NUS2113,PulseWidth_sec,1.252285714,1.258333333
NUS2113,PulseWidth_sec,1.267916667,1.281818182
NUS2113,PulseWidth_sec,1.293,1.226666667
NUS2113,PulseWidth_sec,1.2866,1.288571429
NUS2113,PulseWidth_sec,1.2977,1.308571429
NUS2113,PulseWidth_sec,1.023529412,1.028571429
NUS2113,PulseWidth_sec,1.21075,1.05
NUS2113,PulseWidth_sec,1.225333333,1.2
NUS2113,PulseWidth_sec,1.205733333,1.22
NUS2113,PulseWidth_sec,1.243333333,1.26
NUS2113,CT_sec,0.182285714,0.22125
NUS2113,CT_sec,0.209727273,0.319090909
NUS2113,CT_sec,0.2166,0.536363636
NUS2113,CT_sec,0.219,0.52
NUS2113,CT_sec,0.214111111,0.507142857
NUS2113,CT_sec,0.210428571,0.513846154
NUS2113,CT_sec,0.211727273,0.494666667
NUS2113,CT_sec,0.20825,0.531764706
NUS2113,CT_sec,0.226,0.507272727
NUS2113,CT_sec,0.207210526,0.337647059
NUS2113,CT_sec,0.2095,0.34
NUS2113,CT_sec,0.249681818,0.319130435
NUS2113,CT_sec,0.258571429,0.326666667
NUS2113,CT_sec,0.261166667,0.4075
NUS2113,CT_sec,0.203444444,0.203157895
NUS2113,CT_sec,0.195083333,0.18
NUS2113,CT_sec,0.222428571,0.316363636
NUS2113,CT_sec,0.215533333,0.2475
NUS2113,CT_sec,0.2062,0.233333333
NUS2113,CT_sec,0.2298,0.249090909
NUS2113,dT_sec,0.330307692,0.326666667
NUS2113,dT_sec,0.14925,0.32
NUS2113,dT_sec,0.141,0.331428571
NUS2113,dT_sec,0.335555556,0.278333333
NUS2113,dT_sec,0.329888889,0.281818182
NUS2113,dT_sec,0.339636364,0.304285714
NUS2113,dT_sec,0.335555556,0.3025
NUS2113,dT_sec,0.330416667,0.267142857
NUS2113,dT_sec,0.350083333,0.361666667
NUS2113,dT_sec,0.272352941,0.338947368
NUS2113,dT_sec,0.266769231,0.414666667
NUS2113,dT_sec,0.2672,0.391428571
NUS2113,dT_sec,0.3424,0.322857143
NUS2113,dT_sec,0.336761905,0.32
NUS2113,dT_sec,0.325333333,0.3175
NUS2113,dT_sec,0.217,0.286666667
NUS2113,dT_sec,0.216,0.34
NUS2113,dT_sec,0.222666667,0.3225
NUS2113,dT_sec,0.132125,0.42
NUS2113,dT_sec,0.155111111,0.5
NUS2113,dT_samples,65.26315789,62.33333333
NUS2113,dT_samples,41.125,89
NUS2113,dT_samples,56.4,57
NUS2113,dT_samples,22.5,53.07142857
NUS2113,dT_samples,53.5,41.375
NUS2113,dT_samples,35.1,45.36363636
NUS2113,dT_samples,54.83333333,27.66666667
NUS2113,dT_samples,52.5,42.38461538
NUS2113,dT_samples,52.88888889,42.83333333
NUS2113,dT_samples,52.06666667,45.875
NUS2113,dT_samples,50.33333333,49.09090909
NUS2113,dT_samples,50.53846154,61.33333333
NUS2113,dT_samples,46.30769231,48.27777778
NUS2113,dT_samples,21,60.8
NUS2113,dT_samples,56.5,49.7
NUS2113,dT_samples,30.5,61.66666667
NUS2113,dT_samples,58.15789474,78.6
NUS2113,dT_samples,45.88235294,43.84615385
NUS2113,dT_samples,33.33333333,47.875
NUS2113,dT_samples,43.25,39
NUS2113,CT_samples,35.5,43.07142857
NUS2113,CT_samples,29.125,28
NUS2113,CT_samples,30.90909091,46
NUS2113,CT_samples,31,42.71428571
NUS2113,CT_samples,31.3,80.14285714
NUS2113,CT_samples,32.9,78.66666667
NUS2113,CT_samples,32.8,79.25
NUS2113,CT_samples,33.85,72.72222222
NUS2113,CT_samples,37.18181818,72.25
NUS2113,CT_samples,33.33333333,50.23076923
NUS2113,CT_samples,31.375,51.09090909
NUS2113,CT_samples,32.66666667,51.86666667
NUS2113,CT_samples,46.64705882,53.47368421
NUS2113,CT_samples,43.36363636,54
NUS2113,CT_samples,44.9,65.07142857
NUS2113,CT_samples,39.25,60.8125
NUS2113,CT_samples,49.05,54.11111111
NUS2113,CT_samples,40.96296296,39.89473684
NUS2113,CT_samples,28.2,30.75
NUS2113,CT_samples,47.42857143,57.66666667
NUS2113,RI_ratio,0.896180046,0.888422847
NUS2113,RI_ratio,0.524827596,0.72807036
NUS2113,RI_ratio,0.577265086,0.926133588
NUS2113,RI_ratio,0.579705474,0.913178985
NUS2113,RI_ratio,0.589811813,0.907649349
NUS2113,RI_ratio,0.935679249,0.90883739
NUS2113,RI_ratio,0.601767616,0.825433423
NUS2113,RI_ratio,0.616696735,0.854075451
NUS2113,RI_ratio,0.648424687,0.836298309
NUS2113,RI_ratio,0.671736115,0.795848585
NUS2113,RI_ratio,0.689380738,0.842373048
NUS2113,RI_ratio,0.681165231,0.884831696
NUS2113,RI_ratio,0.707109814,0.832099401
NUS2113,RI_ratio,0.722914976,0.903498879
NUS2113,RI_ratio,0.7149341,0.860568836
NUS2113,RI_ratio,0.70307494,0.890903453
NUS2113,RI_ratio,0.655356937,0.670044186
NUS2113,RI_ratio,0.746508024,0.751242734
NUS2113,RI_ratio,0.892714041,0.756044661
NUS2113,RI_ratio,0.998196958,3.591320146
NUS2115,PulseWidth_sec,1.272,1.22
NUS2115,PulseWidth_sec,1.3455,1.24
NUS2115,PulseWidth_sec,1.33025,1.25
NUS2115,PulseWidth_sec,1.381666667,1.19
NUS2115,PulseWidth_sec,1.3326,1.236
NUS2115,PulseWidth_sec,1.3375,1.22
NUS2115,PulseWidth_sec,1.434,1.244
NUS2115,PulseWidth_sec,1.385333333,1.2725
NUS2115,PulseWidth_sec,1.391,1.332
NUS2115,PulseWidth_sec,1.363142857,1.37
NUS2115,PulseWidth_sec,1.273,1.325
NUS2115,PulseWidth_sec,1.098133333,1.094117647
NUS2115,PulseWidth_sec,1.266833333,1.250666667
NUS2115,PulseWidth_sec,1.33,1.246666667
NUS2115,PulseWidth_sec,1.34875,1.3
NUS2115,PulseWidth_sec,1.269444444,1.256666667
NUS2115,PulseWidth_sec,1.359375,1.34
NUS2115,PulseWidth_sec,1.1824,1.11
NUS2115,PulseWidth_sec,1.288333333,1.254
NUS2115,PulseWidth_sec,1.2715,1.16
NUS2115,CT_sec,0.199,0.186666667
NUS2115,CT_sec,0.193,0.19
NUS2115,CT_sec,0.196333333,0.22
NUS2115,CT_sec,0.1928,0.212
NUS2115,CT_sec,0.195,0.2
NUS2115,CT_sec,0.197666667,0.235
NUS2115,CT_sec,0.196714286,0.28
NUS2115,CT_sec,0.193,0.258
NUS2115,CT_sec,0.197,0.255
NUS2115,CT_sec,0.192916667,0.277142857
NUS2115,CT_sec,0.189,0.214666667
NUS2115,CT_sec,0.187333333,0.208
NUS2115,CT_sec,0.176,0.274285714
NUS2115,CT_sec,0.176,0.193333333
NUS2115,CT_sec,0.172,0.2
NUS2115,CT_sec,0.2014,0.2125
NUS2115,CT_sec,0.185571429,0.204
NUS2115,CT_sec,0.187,0.2
NUS2115,CT_sec,0.184,0.258571429
NUS2115,CT_sec,0.183285714,0.21
NUS2115,dT_sec,0.395,0.44
NUS2115,dT_sec,0.3634,0.412
NUS2115,dT_sec,0.336,0.38
NUS2115,dT_sec,0.316,0.352
NUS2115,dT_sec,0.364142857,0.364
NUS2115,dT_sec,0.176,0.312
NUS2115,dT_sec,0.369857143,0.344
NUS2115,dT_sec,0.367666667,0.336666667
NUS2115,dT_sec,0.307866667,0.281176471
NUS2115,dT_sec,0.3295,0.262857143
NUS2115,dT_sec,0.35175,0.404444444
NUS2115,dT_sec,0.369,0.443333333
NUS2115,dT_sec,0.348,0.366666667
NUS2115,dT_sec,0.341,0.38
NUS2115,dT_sec,0.3535,0.39
NUS2115,dT_sec,0.348666667,0.393333333
NUS2115,dT_sec,0.321875,0.56
NUS2115,dT_sec,0.336571429,0.368
NUS2115,dT_sec,0.3698,0.393333333
NUS2115,dT_sec,0.348,0.34
NUS2115,dT_samples,49,58
NUS2115,dT_samples,51.25,59.5
NUS2115,dT_samples,55,68.5
NUS2115,dT_samples,54.2,64.6
NUS2115,dT_samples,44,55
NUS2115,dT_samples,52.85714286,56.8
NUS2115,dT_samples,51.33333333,54.75
NUS2115,dT_samples,50.57142857,45
NUS2115,dT_samples,54,49.125
NUS2115,dT_samples,58.41666667,45.35714286
NUS2115,dT_samples,52,56.5
NUS2115,dT_samples,56.16666667,68.66666667
NUS2115,dT_samples,51.75,56.5
NUS2115,dT_samples,54.55555556,60.83333333
NUS2115,dT_samples,47,81
NUS2115,dT_samples,52.07692308,49.91666667
NUS2115,dT_samples,54.85714286,63
NUS2115,dT_samples,54,60.33333333
NUS2115,dT_samples,54.6,59.45454545
NUS2115,dT_samples,54,57
NUS2115,CT_samples,30,29
NUS2115,CT_samples,27,29
NUS2115,CT_samples,28.75,29
NUS2115,CT_samples,27,29.5
NUS2115,CT_samples,28.6,32.2
NUS2115,CT_samples,28.5,29
NUS2115,CT_samples,28.57142857,33
NUS2115,CT_samples,28,40.8
NUS2115,CT_samples,27,39.33333333
NUS2115,CT_samples,28,35.9
NUS2115,CT_samples,36.66666667,46.88235294
NUS2115,CT_samples,29.5,32.73333333
NUS2115,CT_samples,27.33333333,30.4
NUS2115,CT_samples,25,39.78571429
NUS2115,CT_samples,33.7,36.75
NUS2115,CT_samples,30.33333333,33
NUS2115,CT_samples,30,32.75
NUS2115,CT_samples,27.1,29.83333333
NUS2115,CT_samples,28,35.7
NUS2115,CT_samples,26.6,32.45454545
NUS2115,RI_ratio,0.615957146,0.762109391
NUS2115,RI_ratio,0.552562551,0.845835676
NUS2115,RI_ratio,0.582953264,0.707539437
NUS2115,RI_ratio,0.597603995,0.82017255
NUS2115,RI_ratio,0.468389672,0.847880177
NUS2115,RI_ratio,0.813758634,0.942483458
NUS2115,RI_ratio,0.506231033,0.947572739
NUS2115,RI_ratio,0.476447397,0.89701412
NUS2115,RI_ratio,0.593427412,0.916316763
NUS2115,RI_ratio,0.568135131,0.861141006
NUS2115,RI_ratio,0.415146742,0.877907544
NUS2115,RI_ratio,0.420661236,0.773885142
NUS2115,RI_ratio,0.599237226,0.794394901
NUS2115,RI_ratio,0.551910013,0.875049645
NUS2115,RI_ratio,0.652159807,0.962847119
NUS2115,RI_ratio,0.526047608,0.682684493
NUS2115,RI_ratio,0.579620713,0.679930168
NUS2115,RI_ratio,0.476877295,0.731050638
NUS2115,RI_ratio,0.504891047,0.800243634
NUS2115,RI_ratio,0.473386817,0.783921899
NUS2116,PulseWidth_sec,1.03,1.005454545
NUS2116,PulseWidth_sec,1.0228,0.992857143
NUS2116,PulseWidth_sec,1.0955,0.953333333
NUS2116,PulseWidth_sec,0.992,0.932
NUS2116,PulseWidth_sec,0.919777778,0.908235294
NUS2116,PulseWidth_sec,0.860277778,0.852173913
NUS2116,PulseWidth_sec,0.867619048,0.876923077
NUS2116,PulseWidth_sec,1.0975,0.908571429
NUS2116,PulseWidth_sec,1.03212,1.004444444
NUS2116,PulseWidth_sec,1.017521739,0.989090909
NUS2116,PulseWidth_sec,1.03704,1.028888889
NUS2116,PulseWidth_sec,1.048625,1.0375
NUS2116,PulseWidth_sec,1.03656,1.034782609
NUS2116,PulseWidth_sec,1.16775,0.976363636
NUS2116,PulseWidth_sec,1.03148,1.025714286
NUS2116,PulseWidth_sec,0.979857143,0.993333333
NUS2116,PulseWidth_sec,0.9828,0.944615385
NUS2116,PulseWidth_sec,1.0671,1.07
NUS2116,PulseWidth_sec,1.003681818,0.973076923
NUS2116,PulseWidth_sec,1.077176471,1.027368421
NUS2116,CT_sec,0.177714286,0.178333333
NUS2116,CT_sec,0.1795,0.1875
NUS2116,CT_sec,0.18775,0.188571429
NUS2116,CT_sec,0.184,0.187692308
NUS2116,CT_sec,0.168,0.177391304
NUS2116,CT_sec,0.181043478,0.187272727
NUS2116,CT_sec,0.184125,0.18
NUS2116,CT_sec,0.18568,0.18
NUS2116,CT_sec,0.188285714,0.181666667
NUS2116,CT_sec,0.188291667,0.175384615
NUS2116,CT_sec,0.1845,0.182
NUS2116,CT_sec,0.176,0.1625
NUS2116,CT_sec,0.18,0.191764706
NUS2116,CT_sec,0.1802,0.189473684
NUS2116,CT_sec,0.18,0.195294118
NUS2116,CT_sec,0.1824,0.198
NUS2116,CT_sec,0.1892,0.16
NUS2116,CT_sec,0.189391304,0.166666667
NUS2116,CT_sec,0.189615385,0.212307692
NUS2116,CT_sec,0.189263158,0.208
NUS2116,dT_sec,0.315,0.326666667
NUS2116,dT_sec,0.3228,0.315
NUS2116,dT_sec,0.322,0.307777778
NUS2116,dT_sec,0.336,0.328333333
NUS2116,dT_sec,0.320238095,0.341818182
NUS2116,dT_sec,0.32116,0.332857143
NUS2116,dT_sec,0.312266667,0.332
NUS2116,dT_sec,0.311238095,0.32
NUS2116,dT_sec,0.331652174,0.342105263
NUS2116,dT_sec,0.331826087,0.330588235
NUS2116,dT_sec,0.3475,0.351666667
NUS2116,dT_sec,0.330333333,0.351304348
NUS2116,dT_sec,0.292615385,0.318571429
NUS2116,dT_sec,0.29292,0.327692308
NUS2116,dT_sec,0.29856,0.333333333
NUS2116,dT_sec,0.336,0.336666667
NUS2116,dT_sec,0.293269231,0.318
NUS2116,dT_sec,0.301181818,0.333333333
NUS2116,dT_sec,0.303666667,0.284166667
NUS2116,dT_sec,0.306611111,0.335
NUS2116,dT_samples,70.0625,70.25
NUS2116,dT_samples,65.71428571,65.14285714
NUS2116,dT_samples,64.05,66.53333333
NUS2116,dT_samples,64,69.5
NUS2116,dT_samples,57,68
NUS2116,dT_samples,63.55555556,68.2
NUS2116,dT_samples,69.94444444,70.35294118
NUS2116,dT_samples,74.25,72.57142857
NUS2116,dT_samples,61.88,72.11111111
NUS2116,dT_samples,61.8,70.21428571
NUS2116,dT_samples,56,57.25
NUS2116,dT_samples,60.18181818,64.4
NUS2116,dT_samples,54.18181818,65.66666667
NUS2116,dT_samples,62.36842105,60.46666667
NUS2116,dT_samples,63.16,63.45454545
NUS2116,dT_samples,63.76,65.9
NUS2116,dT_samples,57.52,79
NUS2116,dT_samples,57.45454545,60.91666667
NUS2116,dT_samples,63.21052632,57.11764706
NUS2116,dT_samples,63.30769231,53.88461538
NUS2116,CT_samples,40.22222222,40.27272727
NUS2116,CT_samples,31.66666667,39.3
NUS2116,CT_samples,40.26086957,38.28571429
NUS2116,CT_samples,36,37.25
NUS2116,CT_samples,38.42857143,37.91666667
NUS2116,CT_samples,41.88888889,41.42857143
NUS2116,CT_samples,32.72727273,34.85714286
NUS2116,CT_samples,35.2,34.625
NUS2116,CT_samples,35.12,32.75
NUS2116,CT_samples,33.86363636,33
NUS2116,CT_samples,32.6,36
NUS2116,CT_samples,33.54166667,35.05555556
NUS2116,CT_samples,33.4,35.27777778
NUS2116,CT_samples,34.6,35.95238095
NUS2116,CT_samples,34.47058824,36.5
NUS2116,CT_samples,34.48,36.35
NUS2116,CT_samples,34,35
NUS2116,CT_samples,31,41.33333333
NUS2116,CT_samples,39.12,36.75
NUS2116,CT_samples,42.03703704,36.6
NUS2116,RI_ratio,0.507593234,0.706488171
NUS2116,RI_ratio,0.477392657,0.596857955
NUS2116,RI_ratio,0.454857445,0.679283532
NUS2116,RI_ratio,0.440107027,0.689178721
NUS2116,RI_ratio,0.483188901,0.626620403
NUS2116,RI_ratio,0.538220125,0.706413882
NUS2116,RI_ratio,7.170941881,0.701752504
NUS2116,RI_ratio,0.488171735,0.700559361
NUS2116,RI_ratio,0.399845544,0.644894636
NUS2116,RI_ratio,0.430918902,0.606279295
NUS2116,RI_ratio,0.413999418,0.61369653
NUS2116,RI_ratio,0.43502041,0.687387005
NUS2116,RI_ratio,0.432492405,0.617198426
NUS2116,RI_ratio,0.509428619,0.761099697
NUS2116,RI_ratio,0.483877379,0.727945277
NUS2116,RI_ratio,0.402840751,0.684567249
NUS2116,RI_ratio,0.578986721,7.426669767
NUS2116,RI_ratio,0.584172284,0.902917497
NUS2116,RI_ratio,0.492341244,0.670295439
NUS2116,RI_ratio,0.516303749,0.639921188
NUS2117,PulseWidth_sec,1.031692308,0.987692308
NUS2117,PulseWidth_sec,0.965652174,0.968181818
NUS2117,PulseWidth_sec,0.9876,1.025454545
NUS2117,PulseWidth_sec,1.01796,1.018095238
NUS2117,PulseWidth_sec,1.03532,1.03375
NUS2117,PulseWidth_sec,1.05226087,1.032307692
NUS2117,PulseWidth_sec,0.86,0.98
NUS2117,PulseWidth_sec,1.073111111,1.045217391
NUS2117,PulseWidth_sec,1.068,0.921538462
NUS2117,PulseWidth_sec,0.923269231,0.924
NUS2117,PulseWidth_sec,1.0446,0.915555556
NUS2117,PulseWidth_sec,0.951823529,0.915555556
NUS2117,PulseWidth_sec,0.89962963,0.896
NUS2117,PulseWidth_sec,0.88516,0.883703704
NUS2117,PulseWidth_sec,0.949153846,0.955833333
NUS2117,PulseWidth_sec,0.989038462,0.989473684
NUS2117,PulseWidth_sec,0.983074074,0.9825
NUS2117,PulseWidth_sec,0.90924,0.895555556
NUS2117,PulseWidth_sec,0.984,0.994
NUS2117,PulseWidth_sec,0.912692308,0.926363636
NUS2117,CT_sec,0.188142857,0.209
NUS2117,CT_sec,0.1816875,0.215
NUS2117,CT_sec,0.18575,0.183333333
NUS2117,CT_sec,0.20188,0.215555556
NUS2117,CT_sec,0.199615385,0.21037037
NUS2117,CT_sec,0.1748,0.207
NUS2117,CT_sec,0.127590909,0.222727273
NUS2117,CT_sec,10.15641594,0.204
NUS2117,CT_sec,0.19252,0.198
NUS2117,CT_sec,0.205,0.212
NUS2117,CT_sec,0.212241379,0.205
NUS2117,CT_sec,0.1868,0.184347826
NUS2117,CT_sec,0.185357143,0.191304348
NUS2117,CT_sec,0.186666667,0.202
NUS2117,CT_sec,0.19648,0.200952381
NUS2117,CT_sec,0.188875,0.197647059
NUS2117,CT_sec,0.200333333,0.253076923
NUS2117,CT_sec,0.204090909,0.236521739
NUS2117,CT_sec,0.202695652,0.238333333
NUS2117,CT_sec,0.223407407,0.243
NUS2117,dT_sec,0.309052632,0.284545455
NUS2117,dT_sec,0.147333333,0.328571429
NUS2117,dT_sec,0.200666667,0.334285714
NUS2117,dT_sec,0.350142857,0.33375
NUS2117,dT_sec,0.294666667,0.328888889
NUS2117,dT_sec,0.362066667,0.346153846
NUS2117,dT_sec,0.3364,0.3425
NUS2117,dT_sec,0.239727273,0.346956522
NUS2117,dT_sec,0.1482,0.274666667
NUS2117,dT_sec,0.333,0.33375
NUS2117,dT_sec,0.361,0.346666667
NUS2117,dT_sec,0.33573913,0.335555556
NUS2117,dT_sec,0.325827586,0.313333333
NUS2117,dT_sec,0.3348,0.313793103
NUS2117,dT_sec,0.342153846,0.296521739
NUS2117,dT_sec,0.345692308,0.31875
NUS2117,dT_sec,0.26995,0.31625
NUS2117,dT_sec,0.34475,0.263846154
NUS2117,dT_sec,0.32937037,0.3128
NUS2117,dT_sec,0.326363636,0.330588235
NUS2117,dT_samples,63.7826087,55.95454545
NUS2117,dT_samples,72.73076923,67.7
NUS2117,dT_samples,39.29411765,50.32
NUS2117,dT_samples,70.6875,63.13043478
NUS2117,dT_samples,57.66666667,63.70588235
NUS2117,dT_samples,70.45454545,65.60869565
NUS2117,dT_samples,77.8,54.4
NUS2117,dT_samples,67.08,65.7
NUS2117,dT_samples,60.81818182,61.9047619
NUS2117,dT_samples,72.80952381,63.07692308
NUS2117,dT_samples,72.80769231,61
NUS2117,dT_samples,81.66666667,80.47368421
NUS2117,dT_samples,81.15384615,76
NUS2117,dT_samples,74.14285714,73.05
NUS2117,dT_samples,80.21428571,73.5862069
NUS2117,dT_samples,74.16666667,63.03571429
NUS2117,dT_samples,67.5,53.34615385
NUS2117,dT_samples,70.125,53.07692308
NUS2117,dT_samples,62.92,58
NUS2117,dT_samples,68.88461538,57.16
NUS2117,CT_samples,39.2,42.7
NUS2117,CT_samples,39.13333333,41.13043478
NUS2117,CT_samples,38.65,35.75
NUS2117,CT_samples,38.36842105,36.07142857
NUS2117,CT_samples,42.5,45
NUS2117,CT_samples,23.66666667,42.17391304
NUS2117,CT_samples,50,38.95
NUS2117,CT_samples,40.26086957,54.48148148
NUS2117,CT_samples,38.66666667,42.66666667
NUS2117,CT_samples,40.34482759,40.42105263
NUS2117,CT_samples,42.71428571,43.31034483
NUS2117,CT_samples,39.65217391,40.52173913
NUS2117,CT_samples,39.82608696,39.5
NUS2117,CT_samples,37.58333333,38.88235294
NUS2117,CT_samples,41.25,50.96153846
NUS2117,CT_samples,38.18181818,45.96153846
NUS2117,CT_samples,34,39.60869565
NUS2117,CT_samples,46.62962963,46
NUS2117,CT_samples,44.53846154,42.13043478
NUS2117,CT_samples,45.75,53.7
NUS2117,RI_ratio,0.452354498,0.828713967
NUS2117,RI_ratio,0.760158467,0.584209237
NUS2117,RI_ratio,1.490759997,0.574413436
NUS2117,RI_ratio,6.945641087,0.726241527
NUS2117,RI_ratio,7.415527639,0.701643331
NUS2117,RI_ratio,7.071377493,0.6672349
NUS2117,RI_ratio,0.396354761,0.674053382
NUS2117,RI_ratio,0.38756887,0.649172439
NUS2117,RI_ratio,2.01782043,0.59821728
NUS2117,RI_ratio,4.623796702,0.650111936
NUS2117,RI_ratio,0.802224817,0.611323925
NUS2117,RI_ratio,0.39351294,0.745560953
NUS2117,RI_ratio,0.380215897,0.759924128
NUS2117,RI_ratio,0.454838878,0.886736299
NUS2117,RI_ratio,0.405965299,0.597839323
NUS2117,RI_ratio,0.428000073,0.771374545
NUS2117,RI_ratio,0.971449464,1.128035335
NUS2117,RI_ratio,0.342674421,0.656512774
NUS2117,RI_ratio,0.45852921,0.751922054
NUS2117,RI_ratio,0.480017977,0.782126634
NUS2118,PulseWidth_sec,1.071047619,1.087368421
NUS2118,PulseWidth_sec,1.143,1.135454545
NUS2118,PulseWidth_sec,1.077545455,1.076470588
NUS2118,PulseWidth_sec,1.004,0.895172414
NUS2118,PulseWidth_sec,1.126,1.12
NUS2118,PulseWidth_sec,1.123083333,1.127777778
NUS2118,PulseWidth_sec,1.163714286,1.163809524
NUS2118,PulseWidth_sec,1.1945625,1.191428571
NUS2118,PulseWidth_sec,1.210642857,1.218181818
NUS2118,PulseWidth_sec,1.246571429,1.270909091
NUS2118,PulseWidth_sec,1.096571429,1.053333333
NUS2118,PulseWidth_sec,1.149444444,1.152222222
NUS2118,PulseWidth_sec,1.141318182,1.138095238
NUS2118,PulseWidth_sec,1.150772727,1.1325
NUS2118,PulseWidth_sec,1.113636364,0.98
NUS2118,PulseWidth_sec,1.106952381,1.10952381
NUS2118,PulseWidth_sec,1.0252,0.968571429
NUS2118,PulseWidth_sec,1.103347826,1.106363636
NUS2118,PulseWidth_sec,1.101782609,1.096
NUS2118,PulseWidth_sec,1.2309,1.18
NUS2118,CT_sec,0.291875,0.3768
NUS2118,CT_sec,0.227416667,0.2984
NUS2118,CT_sec,0.297631579,0.334
NUS2118,CT_sec,0.249761905,0.33
NUS2118,CT_sec,0.263478261,0.335789474
NUS2118,CT_sec,0.299454545,0.34
NUS2118,CT_sec,0.272,0.341666667
NUS2118,CT_sec,0.289083333,0.352857143
NUS2118,CT_sec,0.2750625,0.312
NUS2118,CT_sec,0.310928571,0.343
NUS2118,CT_sec,0.300375,8.128821062
NUS2118,CT_sec,0.196333333,0.306666667
NUS2118,CT_sec,0.242,0.291666667
NUS2118,CT_sec,0.274545455,0.322222222
NUS2118,CT_sec,0.241272727,0.290434783
NUS2118,CT_sec,0.2731,0.363333333
NUS2118,CT_sec,0.286428571,0.346666667
NUS2118,CT_sec,0.293117647,0.37
NUS2118,CT_sec,0.29,0.338181818
NUS2118,CT_sec,0.2845,0.309230769
NUS2118,dT_sec,0.296941176,0.375
NUS2118,dT_sec,0.343166667,0.283478261
NUS2118,dT_sec,0.363571429,0.275555556
NUS2118,dT_sec,0.241444444,0.3
NUS2118,dT_sec,0.163181818,0.262222222
NUS2118,dT_sec,0.318826087,0.366363636
NUS2118,dT_sec,0.299666667,0.326666667
NUS2118,dT_sec,0.32225,0.337272727
NUS2118,dT_sec,0.254277778,0.311818182
NUS2118,dT_sec,0.237866667,0.288571429
NUS2118,dT_sec,0.25165,0.304444444
NUS2118,dT_sec,0.27773913,0.292727273
NUS2118,dT_sec,0.330956522,0.325714286
NUS2118,dT_sec,0.30375,0.338888889
NUS2118,dT_sec,0.293857143,0.449230769
NUS2118,dT_sec,0.248166667,0.289473684
NUS2118,dT_sec,0.286315789,0.338
NUS2118,dT_sec,0.275285714,0.282222222
NUS2118,dT_sec,0.2851,0.275
NUS2118,dT_sec,0.247666667,0.314285714
NUS2118,dT_samples,52,57.33333333
NUS2118,dT_samples,51.27777778,76.4
NUS2118,dT_samples,64.46153846,72.33333333
NUS2118,dT_samples,54.76923077,57.57894737
NUS2118,dT_samples,65,63.83333333
NUS2118,dT_samples,42.8,51.3
NUS2118,dT_samples,44.11764706,53
NUS2118,dT_samples,53.42857143,52.77777778
NUS2118,dT_samples,39.9,53.5
NUS2118,dT_samples,45.63157895,53.72727273
NUS2118,dT_samples,44.16666667,48.73333333
NUS2118,dT_samples,50.13636364,55.63636364
NUS2118,dT_samples,57.05555556,50.4
NUS2118,dT_samples,46.28571429,51.13636364
NUS2118,dT_samples,60.36363636,48.65
NUS2118,dT_samples,44.30769231,51.92857143
NUS2118,dT_samples,48.4375,65.66666667
NUS2118,dT_samples,41.55555556,51.57142857
NUS2118,dT_samples,41.73333333,50
NUS2118,dT_samples,43.85714286,48.8
NUS2118,CT_samples,39.16666667,59.43478261
NUS2118,CT_samples,42.5,62.14814815
NUS2118,CT_samples,50.36363636,60.29411765
NUS2118,CT_samples,48.3125,58.2
NUS2118,CT_samples,49.58333333,58.16666667
NUS2118,CT_samples,50,49
NUS2118,CT_samples,51.66666667,61.25
NUS2118,CT_samples,45.82352941,76.5
NUS2118,CT_samples,49.23076923,52.8125
NUS2118,CT_samples,50.29411765,49.72727273
NUS2118,CT_samples,53.08695652,62.45
NUS2118,CT_samples,50.4375,63.86363636
NUS2118,CT_samples,44.65217391,53.75
NUS2118,CT_samples,45.8,60.19047619
NUS2118,CT_samples,51.875,60.38095238
NUS2118,CT_samples,52,61.28571429
NUS2118,CT_samples,36.76470588,54.04761905
NUS2118,CT_samples,48.26666667,64.46666667
NUS2118,CT_samples,47.35294118,49.25
NUS2118,CT_samples,50.78571429,53.76190476
NUS2118,RI_ratio,0.680271712,0.808469111
NUS2118,RI_ratio,0.801025068,0.809599197
NUS2118,RI_ratio,0.550828951,0.843874952
NUS2118,RI_ratio,0.676162057,0.697878914
NUS2118,RI_ratio,0.681570713,0.703991869
NUS2118,RI_ratio,0.664939022,1.201434246
NUS2118,RI_ratio,0.697397229,0.808687608
NUS2118,RI_ratio,0.627475092,0.808073337
NUS2118,RI_ratio,0.753066468,0.705588429
NUS2118,RI_ratio,0.778775096,0.883723241
NUS2118,RI_ratio,0.65150469,0.701577186
NUS2118,RI_ratio,0.573229547,0.778303262
NUS2118,RI_ratio,0.640326828,4.167558865
NUS2118,RI_ratio,0.79804654,0.780634756
NUS2118,RI_ratio,0.621231849,0.757850151
NUS2118,RI_ratio,0.613019352,0.825348754
NUS2118,RI_ratio,0.740058807,1.622918305
NUS2118,RI_ratio,4.432712674,0.870233532
NUS2118,RI_ratio,0.656374601,0.91951553
NUS2118,RI_ratio,0.73592129,0.916876487
NUS2119,PulseWidth_sec,0.943961538,0.952857143
NUS2119,PulseWidth_sec,0.981608696,0.999090909
NUS2119,PulseWidth_sec,1.039,0.900952381
NUS2119,PulseWidth_sec,0.966076923,0.97047619
NUS2119,PulseWidth_sec,0.942217391,0.944166667
NUS2119,PulseWidth_sec,1.0813,1.068571429
NUS2119,PulseWidth_sec,0.8485,0.838
NUS2119,PulseWidth_sec,0.909541667,0.9152
NUS2119,PulseWidth_sec,0.953708333,0.954782609
NUS2119,PulseWidth_sec,0.988217391,0.987368421
NUS2119,PulseWidth_sec,0.948352941,0.973333333
NUS2119,PulseWidth_sec,1.0804,0.985
NUS2119,PulseWidth_sec,1.0354,1.025
NUS2119,PulseWidth_sec,1.078166667,1.024761905
NUS2119,PulseWidth_sec,1.051,1.030588235
NUS2119,PulseWidth_sec,1.026857143,0.993333333
NUS2119,PulseWidth_sec,0.974,0.933333333
NUS2119,PulseWidth_sec,1.0122,0.96
NUS2119,PulseWidth_sec,1.037,1.005
NUS2119,PulseWidth_sec,0.989857143,0.98
NUS2119,CT_sec,0.1853,0.200869565
NUS2119,CT_sec,0.187238095,0.195
NUS2119,CT_sec,0.194730769,0.207826087
NUS2119,CT_sec,0.191925926,0.216153846
NUS2119,CT_sec,0.193454545,0.198
NUS2119,CT_sec,0.188333333,0.267272727
NUS2119,CT_sec,0.18537931,0.200689655
NUS2119,CT_sec,0.195391304,0.242857143
NUS2119,CT_sec,0.18345,0.1875
NUS2119,CT_sec,0.188666667,0.1936
NUS2119,CT_sec,0.189555556,0.192857143
NUS2119,CT_sec,0.19212,0.193
NUS2119,CT_sec,0.196285714,0.182222222
NUS2119,CT_sec,0.202578947,0.18
NUS2119,CT_sec,0.188111111,0.2
NUS2119,CT_sec,0.202666667,0.21
NUS2119,CT_sec,0.19745,0.194
NUS2119,CT_sec,0.192444444,0.239230769
NUS2119,CT_sec,0.194923077,0.210833333
NUS2119,CT_sec,0.195444444,0.1775
NUS2119,dT_sec,0.321266667,0.312173913
NUS2119,dT_sec,0.321809524,0.295454545
NUS2119,dT_sec,0.3129,0.306923077
NUS2119,dT_sec,0.332695652,0.336842105
NUS2119,dT_sec,0.319769231,0.310769231
NUS2119,dT_sec,0.309727273,0.319230769
NUS2119,dT_sec,0.327428571,0.321111111
NUS2119,dT_sec,0.329222222,0.312
NUS2119,dT_sec,0.325333333,0.305925926
NUS2119,dT_sec,0.32848,0.281481481
NUS2119,dT_sec,0.327296296,0.307407407
NUS2119,dT_sec,0.313909091,0.310909091
NUS2119,dT_sec,0.316307692,0.303846154
NUS2119,dT_sec,0.318107143,0.314666667
NUS2119,dT_sec,0.28275,0.275454545
NUS2119,dT_sec,0.32475,0.329
NUS2119,dT_sec,0.303882353,0.312941176
NUS2119,dT_sec,0.2863,0.297272727
NUS2119,dT_sec,0.329285714,0.305185185
NUS2119,dT_sec,0.323588235,0.303333333
NUS2119,dT_samples,63.6,61.25
NUS2119,dT_samples,63.52380952,59.45454545
NUS2119,dT_samples,64.7037037,60
NUS2119,dT_samples,72.4137931,56.76666667
NUS2119,dT_samples,64.15384615,63.77272727
NUS2119,dT_samples,63.75,63.2
NUS2119,dT_samples,61,46.39130435
NUS2119,dT_samples,68.03703704,66.11111111
NUS2119,dT_samples,68.67857143,64.19230769
NUS2119,dT_samples,64.5,63.61538462
NUS2119,dT_samples,65.30769231,66.35294118
NUS2119,dT_samples,69.54166667,60.65517241
NUS2119,dT_samples,66.8,59.7037037
NUS2119,dT_samples,64.42857143,66.60869565
NUS2119,dT_samples,60,58.35
NUS2119,dT_samples,62.19047619,62.07692308
NUS2119,dT_samples,64.05555556,61.25
NUS2119,dT_samples,61.73913043,62.41666667
NUS2119,dT_samples,41.4375,57.5
NUS2119,dT_samples,60.09090909,61.875
NUS2119,CT_samples,41.70833333,40.96
NUS2119,CT_samples,37.85714286,37.05882353
NUS2119,CT_samples,40.875,41.14814815
NUS2119,CT_samples,40.51724138,39.84615385
NUS2119,CT_samples,37.64285714,38.38888889
NUS2119,CT_samples,37.30769231,37.64
NUS2119,CT_samples,37.1,41.83333333
NUS2119,CT_samples,37.84,40.79166667
NUS2119,CT_samples,39.92307692,39.11538462
NUS2119,CT_samples,40,54.46666667
NUS2119,CT_samples,36.04,37.9047619
NUS2119,CT_samples,37.47826087,35.05882353
NUS2119,CT_samples,38.875,37.39130435
NUS2119,CT_samples,44.41176471,42.08333333
NUS2119,CT_samples,37.3125,35.625
NUS2119,CT_samples,40.32142857,39.35714286
NUS2119,CT_samples,35.5,35
NUS2119,CT_samples,38,37.36842105
NUS2119,CT_samples,33.5,41.88235294
NUS2119,CT_samples,36.30769231,39.70833333
NUS2119,RI_ratio,0.448510393,0.731170042
NUS2119,RI_ratio,0.440689198,0.629925715
NUS2119,RI_ratio,0.447090699,0.601505716
NUS2119,RI_ratio,0.415046963,0.712586403
NUS2119,RI_ratio,0.426210689,0.808385431
NUS2119,RI_ratio,0.408254539,0.74205402
NUS2119,RI_ratio,0.365509584,0.713123087
NUS2119,RI_ratio,0.391135518,0.688994875
NUS2119,RI_ratio,0.452728792,0.685468369
NUS2119,RI_ratio,0.492814933,0.609923114
NUS2119,RI_ratio,0.485962542,0.646043373
NUS2119,RI_ratio,0.426234855,0.632645265
NUS2119,RI_ratio,0.391072894,1.179611365
NUS2119,RI_ratio,0.420943836,0.588573276
NUS2119,RI_ratio,0.508229641,0.640081354
NUS2119,RI_ratio,0.582939662,0.916095953
NUS2119,RI_ratio,0.431027113,0.658036436
NUS2119,RI_ratio,0.503682283,0.650120197
NUS2119,RI_ratio,0.4556319,0.779993474
NUS2119,RI_ratio,0.584562924,0.733616906
NUS2120,PulseWidth_sec,0.751,0.75
NUS2120,PulseWidth_sec,1.016833333,1.0248
NUS2120,PulseWidth_sec,0.994631579,0.988
NUS2120,PulseWidth_sec,0.992846154,0.994615385
NUS2120,PulseWidth_sec,0.934,0.918518519
NUS2120,PulseWidth_sec,0.921607143,0.925925926
NUS2120,PulseWidth_sec,0.912285714,0.887857143
NUS2120,PulseWidth_sec,0.895103448,0.896551724
NUS2120,PulseWidth_sec,0.970925926,0.972592593
NUS2120,PulseWidth_sec,0.971818182,0.96
NUS2120,PulseWidth_sec,0.98,0.978518519
NUS2120,PulseWidth_sec,1.02736,1.03
NUS2120,PulseWidth_sec,1.025708333,1.0336
NUS2120,PulseWidth_sec,1.045421053,1.060909091
NUS2120,PulseWidth_sec,1.01175,1.001538462
NUS2120,PulseWidth_sec,1.1255625,1.085217391
NUS2120,PulseWidth_sec,0.977576923,0.983076923
NUS2120,PulseWidth_sec,1.026411765,1.010769231
NUS2120,PulseWidth_sec,0.989380952,0.9912
NUS2120,PulseWidth_sec,1.006045455,1.017272727
NUS2120,CT_sec,0.212545455,0.28
NUS2120,CT_sec,0.225055556,0.275
NUS2120,CT_sec,0.2065,0.244705882
NUS2120,CT_sec,0.199153846,0.3
NUS2120,CT_sec,0.1945,0.2904
NUS2120,CT_sec,0.189708333,0.282222222
NUS2120,CT_sec,0.187423077,0.265185185
NUS2120,CT_sec,0.192333333,0.242857143
NUS2120,CT_sec,0.185214286,0.249333333
NUS2120,CT_sec,0.199,0.2712
NUS2120,CT_sec,0.18762963,0.24
NUS2120,CT_sec,0.189307692,0.2725
NUS2120,CT_sec,0.18904,0.2675
NUS2120,CT_sec,0.188153846,0.273076923
NUS2120,CT_sec,0.187666667,0.2675
NUS2120,CT_sec,0.191545455,0.2728
NUS2120,CT_sec,0.19668,0.220833333
NUS2120,CT_sec,0.205,0.273636364
NUS2120,CT_sec,0.198076923,0.276470588
NUS2120,CT_sec,0.193625,0.26
NUS2120,dT_sec,0.267611111,0.207368421
NUS2120,dT_sec,0.280962963,0.173333333
NUS2120,dT_sec,0.17,0.212307692
NUS2120,dT_sec,0.320285714,0.224285714
NUS2120,dT_sec,0.287941176,0.2425
NUS2120,dT_sec,0.316384615,0.221481481
NUS2120,dT_sec,0.271875,0.2152
NUS2120,dT_sec,0.240733333,0.259230769
NUS2120,dT_sec,0.301142857,0.251538462
NUS2120,dT_sec,0.311052632,0.254782609
NUS2120,dT_sec,0.307736842,0.233684211
NUS2120,dT_sec,0.293,0.221666667
NUS2120,dT_sec,0.2336,0.241538462
NUS2120,dT_sec,0.291058824,0.275
NUS2120,dT_sec,0.310833333,0.315384615
NUS2120,dT_sec,0.316923077,0.295384615
NUS2120,dT_sec,0.31592,0.3232
NUS2120,dT_sec,0.3042,0.26
NUS2120,dT_sec,0.312090909,0.287272727
NUS2120,dT_sec,0.304333333,0.228
NUS2120,dT_samples,66.42857143,45.17857143
NUS2120,dT_samples,72.67857143,56.22580645
NUS2120,dT_samples,66.86956522,54.48
NUS2120,dT_samples,67.5,46.74074074
NUS2120,dT_samples,67.96296296,44.59259259
NUS2120,dT_samples,69,52.7037037
NUS2120,dT_samples,52.55555556,49.08333333
NUS2120,dT_samples,72.96666667,60.25
NUS2120,dT_samples,67.15384615,56.96296296
NUS2120,dT_samples,62.88,60.32
NUS2120,dT_samples,60.42857143,57
NUS2120,dT_samples,61.52,60.96
NUS2120,dT_samples,62.77777778,57.11111111
NUS2120,dT_samples,62.81818182,49.21428571
NUS2120,dT_samples,60.73684211,55
NUS2120,dT_samples,57.5,51.45454545
NUS2120,dT_samples,57.07142857,58.66666667
NUS2120,dT_samples,59.52173913,63.30434783
NUS2120,dT_samples,64.92307692,64.79166667
NUS2120,dT_samples,64.62962963,50.82608696
NUS2120,CT_samples,51.65714286,62.2
NUS2120,CT_samples,44.95,60.65384615
NUS2120,CT_samples,41.84210526,56.4
NUS2120,CT_samples,44.93103448,53.51612903
NUS2120,CT_samples,42.03703704,47.64285714
NUS2120,CT_samples,38.33333333,55
NUS2120,CT_samples,44.48148148,53.19354839
NUS2120,CT_samples,39,47.4375
NUS2120,CT_samples,38.38888889,57.8
NUS2120,CT_samples,46.33333333,61.44
NUS2120,CT_samples,38,55.44
NUS2120,CT_samples,35,52.35
NUS2120,CT_samples,37.23076923,49.69565217
NUS2120,CT_samples,37.92307692,48.59259259
NUS2120,CT_samples,38.14814815,48.88888889
NUS2120,CT_samples,38.07407407,47.53846154
NUS2120,CT_samples,38.38461538,51.375
NUS2120,CT_samples,40.17391304,43.5
NUS2120,CT_samples,39.88461538,48.36363636
NUS2120,CT_samples,39.88,48.28
NUS2120,RI_ratio,0.613480711,0.839474438
NUS2120,RI_ratio,0.580354186,0.912027743
NUS2120,RI_ratio,0.689311068,0.879448632
NUS2120,RI_ratio,0.468239698,0.846125385
NUS2120,RI_ratio,0.493216472,0.843747254
NUS2120,RI_ratio,0.588860024,0.844418586
NUS2120,RI_ratio,0.474070031,0.816277488
NUS2120,RI_ratio,0.417769025,0.733717683
NUS2120,RI_ratio,0.450395227,0.790674367
NUS2120,RI_ratio,0.438688322,0.719102671
NUS2120,RI_ratio,0.436190778,0.733672418
NUS2120,RI_ratio,0.464728903,0.760645437
NUS2120,RI_ratio,0.493548888,0.82159791
NUS2120,RI_ratio,0.446164865,0.756139639
NUS2120,RI_ratio,0.600832675,0.882992234
NUS2120,RI_ratio,0.627500001,0.848758756
NUS2120,RI_ratio,0.590220294,0.881044532
NUS2120,RI_ratio,0.668704001,0.852298541
NUS2120,RI_ratio,0.472915091,0.789160741
NUS2120,RI_ratio,0.47347607,0.910789512
NUS2121,PulseWidth_sec,0.82803125,0.824516129
NUS2121,PulseWidth_sec,0.874586207,0.873913043
NUS2121,PulseWidth_sec,0.927071429,0.928461538
NUS2121,PulseWidth_sec,0.936814815,0.940740741
NUS2121,PulseWidth_sec,0.935407407,0.945384615
NUS2121,PulseWidth_sec,0.935571429,0.9416
NUS2121,PulseWidth_sec,0.944678571,0.9488
NUS2121,PulseWidth_sec,0.945117647,0.94
NUS2121,PulseWidth_sec,0.954555556,0.942727273
NUS2121,PulseWidth_sec,0.94516,0.948148148
NUS2121,PulseWidth_sec,0.951733333,0.950769231
NUS2121,PulseWidth_sec,0.956259259,0.981538462
NUS2121,PulseWidth_sec,0.998115385,1.006363636
NUS2121,PulseWidth_sec,1.005346154,1.004
NUS2121,PulseWidth_sec,0.904172414,0.906206897
NUS2121,PulseWidth_sec,0.891428571,0.894814815
NUS2121,PulseWidth_sec,1.02172,1.055833333
NUS2121,PulseWidth_sec,1.0256,1.0216
NUS2121,PulseWidth_sec,0.995565217,1.0128
NUS2121,PulseWidth_sec,0.962555556,0.962307692
NUS2121,CT_sec,0.232846154,0.237142857
NUS2121,CT_sec,0.2337,0.232857143
NUS2121,CT_sec,0.241785714,0.245217391
NUS2121,CT_sec,0.247576923,0.285
NUS2121,CT_sec,0.23356,0.2624
NUS2121,CT_sec,0.226678571,0.24
NUS2121,CT_sec,0.23868,0.2375
NUS2121,CT_sec,0.251076923,0.271818182
NUS2121,CT_sec,0.25,0.2625
NUS2121,CT_sec,0.2439375,0.266153846
NUS2121,CT_sec,0.236074074,0.276842105
NUS2121,CT_sec,0.2434,0.3032
NUS2121,CT_sec,0.234608696,0.252631579
NUS2121,CT_sec,0.231814815,0.244166667
NUS2121,CT_sec,0.238458333,0.215
NUS2121,CT_sec,0.23616,0.2125
NUS2121,CT_sec,0.23247619,0.224545455
NUS2121,CT_sec,0.232291667,0.236842105
NUS2121,CT_sec,0.222681818,0.243076923
NUS2121,CT_sec,0.230375,0.221666667
NUS2121,dT_sec,0.320575758,0.255
NUS2121,dT_sec,0.292586207,0.26
NUS2121,dT_sec,0.299045455,0.272307692
NUS2121,dT_sec,0.295,0.277037037
NUS2121,dT_sec,0.293,0.285833333
NUS2121,dT_sec,0.29876,0.275384615
NUS2121,dT_sec,0.2996,0.285
NUS2121,dT_sec,0.291666667,0.288888889
NUS2121,dT_sec,0.297,0.288571429
NUS2121,dT_sec,0.29592,0.288571429
NUS2121,dT_sec,0.316652174,0.3072
NUS2121,dT_sec,0.318758621,0.308571429
NUS2121,dT_sec,0.319392857,0.336666667
NUS2121,dT_sec,0.297666667,0.36125
NUS2121,dT_sec,0.29748,0.2752
NUS2121,dT_sec,0.263666667,0.321111111
NUS2121,dT_sec,0.293115385,0.311428571
NUS2121,dT_sec,0.305157895,0.295238095
NUS2121,dT_sec,0.2866,0.259285714
NUS2121,dT_sec,0.297478261,0.293684211
NUS2121,dT_samples,73.125,45.38709677
NUS2121,dT_samples,77.28125,52.89655172
NUS2121,dT_samples,70,56.55172414
NUS2121,dT_samples,66.32142857,59.28
NUS2121,dT_samples,61.83333333,58.52
NUS2121,dT_samples,64.42307692,59.28
NUS2121,dT_samples,56.38461538,54.54166667
NUS2121,dT_samples,61.44,59.52380952
NUS2121,dT_samples,63.46666667,57.36363636
NUS2121,dT_samples,59.68,56.95238095
NUS2121,dT_samples,69.5,63.57692308
NUS2121,dT_samples,70.125,67.625
NUS2121,dT_samples,71.5,67.2962963
NUS2121,dT_samples,64.5,59.92
NUS2121,dT_samples,63.03703704,57.56
NUS2121,dT_samples,61.81481481,62.05
NUS2121,dT_samples,65,63.76470588
NUS2121,dT_samples,57.84,57.04761905
NUS2121,dT_samples,61.44444444,61
NUS2121,dT_samples,67.3,61.20689655
NUS2121,CT_samples,56.84848485,64.27777778
NUS2121,CT_samples,54.51612903,61.78571429
NUS2121,CT_samples,50.96428571,53.57142857
NUS2121,CT_samples,48.95238095,48.57142857
NUS2121,CT_samples,46.09090909,46
NUS2121,CT_samples,50.33333333,51.83333333
NUS2121,CT_samples,48.25925926,43.75
NUS2121,CT_samples,46.70833333,49.83333333
NUS2121,CT_samples,47.375,47.66666667
NUS2121,CT_samples,44.42307692,56.625
NUS2121,CT_samples,45.18518519,43.15
NUS2121,CT_samples,47.82758621,43.03846154
NUS2121,CT_samples,46.27586207,47.89285714
NUS2121,CT_samples,46.03846154,45.17391304
NUS2121,CT_samples,46.18518519,48.15384615
NUS2121,CT_samples,46.69230769,49.28
NUS2121,CT_samples,47.62962963,48.56
NUS2121,CT_samples,46.04,39.33333333
NUS2121,CT_samples,41.22727273,43.28571429
NUS2121,CT_samples,47.26086957,47.63157895
NUS2121,RI_ratio,0.545726918,0.808251129
NUS2121,RI_ratio,0.557427025,0.811310234
NUS2121,RI_ratio,0.565656186,0.697340772
NUS2121,RI_ratio,0.574112367,0.837047044
NUS2121,RI_ratio,0.587451857,0.816814682
NUS2121,RI_ratio,0.619965362,0.723600595
NUS2121,RI_ratio,0.592247837,0.701225266
NUS2121,RI_ratio,0.60396866,0.940282056
NUS2121,RI_ratio,0.527931256,0.797458264
NUS2121,RI_ratio,0.541568189,0.86004403
NUS2121,RI_ratio,0.484188359,0.61458134
NUS2121,RI_ratio,0.418566069,0.609782943
NUS2121,RI_ratio,0.58297845,0.842632517
NUS2121,RI_ratio,0.577999831,0.882748022
NUS2121,RI_ratio,0.599340999,0.756923756
NUS2121,RI_ratio,0.585384942,0.63787719
NUS2121,RI_ratio,0.640733535,0.606724984
NUS2121,RI_ratio,0.593482469,0.687972133
NUS2121,RI_ratio,0.600146963,0.712826522
NUS2121,RI_ratio,0.444762573,0.571663623
NUS2124,PulseWidth_sec,0.96815,0.975294118
NUS2124,PulseWidth_sec,0.919521739,0.937333333
NUS2124,PulseWidth_sec,1.070647059,1.05875
NUS2124,PulseWidth_sec,0.988333333,0.995384615
NUS2124,PulseWidth_sec,0.94284,0.947272727
NUS2124,PulseWidth_sec,0.931538462,0.9475
NUS2124,PulseWidth_sec,0.999269231,0.9975
NUS2124,PulseWidth_sec,0.977962963,0.976470588
NUS2124,PulseWidth_sec,0.915625,0.924285714
NUS2124,PulseWidth_sec,0.8490625,0.845
NUS2124,PulseWidth_sec,0.982,0.994615385
NUS2124,PulseWidth_sec,0.930428571,0.894117647
NUS2124,PulseWidth_sec,0.922,0.914545455
NUS2124,PulseWidth_sec,0.844526316,0.86173913
NUS2124,PulseWidth_sec,0.937846154,0.915
NUS2124,PulseWidth_sec,0.969357143,0.966666667
NUS2124,PulseWidth_sec,0.93448,0.925
NUS2124,PulseWidth_sec,0.907916667,0.915
NUS2124,PulseWidth_sec,0.962347826,0.957142857
NUS2124,PulseWidth_sec,0.966333333,0.961538462
NUS2124,CT_sec,0.199,0.244444444
NUS2124,CT_sec,0.190714286,0.26625
NUS2124,CT_sec,0.194136364,0.255238095
NUS2124,CT_sec,0.198181818,0.245882353
NUS2124,CT_sec,0.192538462,0.245714286
NUS2124,CT_sec,0.190736842,0.232222222
NUS2124,CT_sec,0.18,0.2512
NUS2124,CT_sec,0.174333333,0.2184
NUS2124,CT_sec,0.183411765,0.200909091
NUS2124,CT_sec,0.1725,0.208888889
NUS2124,CT_sec,0.174,0.2
NUS2124,CT_sec,0.180272727,0.202307692
NUS2124,CT_sec,0.184392857,0.188
NUS2124,CT_sec,0.1784,0.18875
NUS2124,CT_sec,0.181217391,0.183333333
NUS2124,CT_sec,0.201666667,0.231666667
NUS2124,CT_sec,0.1768,0.2375
NUS2124,CT_sec,0.18288,0.196428571
NUS2124,CT_sec,0.182291667,0.18
NUS2124,CT_sec,0.166933333,0.207692308
NUS2124,dT_sec,0.326,0.385454545
NUS2124,dT_sec,0.324117647,0.3425
NUS2124,dT_sec,0.304392857,0.264
NUS2124,dT_sec,0.304473684,0.308333333
NUS2124,dT_sec,0.306230769,0.3025
NUS2124,dT_sec,0.327714286,0.317692308
NUS2124,dT_sec,0.262285714,0.335384615
NUS2124,dT_sec,0.34696,0.33826087
NUS2124,dT_sec,0.339555556,0.348888889
NUS2124,dT_sec,0.263277778,0.322857143
NUS2124,dT_sec,0.323722222,0.322307692
NUS2124,dT_sec,0.3252,0.33
NUS2124,dT_sec,0.322222222,0.365454545
NUS2124,dT_sec,0.341166667,0.374545455
NUS2124,dT_sec,0.323652174,0.319090909
NUS2124,dT_sec,0.331045455,0.332173913
NUS2124,dT_sec,0.326,0.37
NUS2124,dT_sec,0.316826087,0.32
NUS2124,dT_sec,0.281772727,0.330666667
NUS2124,dT_sec,0.3446,0.264
NUS2124,dT_samples,66.8125,53.11111111
NUS2124,dT_samples,62.38095238,52.07692308
NUS2124,dT_samples,60.57142857,59.89473684
NUS2124,dT_samples,58.92857143,54.66666667
NUS2124,dT_samples,63.85714286,64
NUS2124,dT_samples,66.44444444,55.34615385
NUS2124,dT_samples,66.5,66.86363636
NUS2124,dT_samples,70.375,68.5
NUS2124,dT_samples,64.72727273,70.4
NUS2124,dT_samples,68.125,86.75
NUS2124,dT_samples,63,66.54545455
NUS2124,dT_samples,62.63636364,73.83333333
NUS2124,dT_samples,72.46428571,72.76
NUS2124,dT_samples,67.13636364,69.7037037
NUS2124,dT_samples,80.53846154,76.48275862
NUS2124,dT_samples,58.375,62.8
NUS2124,dT_samples,61.28571429,50.33333333
NUS2124,dT_samples,66.5,57.33333333
NUS2124,dT_samples,68.33333333,67.07692308
NUS2124,dT_samples,60.84615385,55.83333333
NUS2124,CT_samples,30.4,31
NUS2124,CT_samples,37.35,48.94117647
NUS2124,CT_samples,31,48.375
NUS2124,CT_samples,37.23529412,51.45454545
NUS2124,CT_samples,40.92307692,50.38888889
NUS2124,CT_samples,32.11111111,37.375
NUS2124,CT_samples,35.07692308,47.72
NUS2124,CT_samples,33.83333333,44.88
NUS2124,CT_samples,41.625,44.22580645
NUS2124,CT_samples,33.6,44.25
NUS2124,CT_samples,39.86956522,42.26666667
NUS2124,CT_samples,33.75,38.25
NUS2124,CT_samples,34.875,40.44444444
NUS2124,CT_samples,35.75,36.23076923
NUS2124,CT_samples,38.65217391,37.66666667
NUS2124,CT_samples,36.47826087,35.25
NUS2124,CT_samples,37.88235294,46.11764706
NUS2124,CT_samples,37.34782609,37.16
NUS2124,CT_samples,37.52631579,40
NUS2124,CT_samples,35,53.04761905
NUS2124,RI_ratio,0.562160079,0.760490946
NUS2124,RI_ratio,0.597688032,0.80364824
NUS2124,RI_ratio,0.538479481,0.857523663
NUS2124,RI_ratio,0.610697552,0.842004924
NUS2124,RI_ratio,0.532391832,0.869761729
NUS2124,RI_ratio,0.512360062,0.912865459
NUS2124,RI_ratio,0.454307303,6.09515838
NUS2124,RI_ratio,0.563288052,0.853733519
NUS2124,RI_ratio,0.439190809,0.586101507
NUS2124,RI_ratio,0.5371013,0.699429462
NUS2124,RI_ratio,0.5749147,0.744582612
NUS2124,RI_ratio,0.526372865,0.7454786
NUS2124,RI_ratio,0.527010349,0.775006286
NUS2124,RI_ratio,0.508476051,0.853145835
NUS2124,RI_ratio,0.470606092,0.905841351
NUS2124,RI_ratio,0.47274005,0.739994461
NUS2124,RI_ratio,0.539351286,0.739054435
NUS2124,RI_ratio,0.52781648,0.857476253
NUS2124,RI_ratio,0.491396748,0.78392341
NUS2124,RI_ratio,0.549666048,0.678136372
NUS3001,PulseWidth_sec,1.272666667,1.3
NUS3001,PulseWidth_sec,1.278181818,1.235555556
NUS3001,PulseWidth_sec,1.2684,1.132307692
NUS3001,PulseWidth_sec,1.0908,1.065555556
NUS3001,PulseWidth_sec,1.023,1.054285714
NUS3001,PulseWidth_sec,1.289714286,1.108
NUS3001,PulseWidth_sec,1.244666667,1.02
NUS3001,PulseWidth_sec,1.215,1.164285714
NUS3001,PulseWidth_sec,1.273,1.084
NUS3001,PulseWidth_sec,6.708792228,1.17
NUS3001,PulseWidth_sec,1.236142857,1.206666667
NUS3001,PulseWidth_sec,1.267222222,1.170769231
NUS3001,PulseWidth_sec,1.2605,1.177142857
NUS3001,PulseWidth_sec,1.297875,1.158
NUS3001,PulseWidth_sec,1.231714286,1.1
NUS3001,PulseWidth_sec,1.22525,1.170909091
NUS3001,PulseWidth_sec,1.227909091,1.178571429
NUS3001,PulseWidth_sec,1.172,1.0975
NUS3001,PulseWidth_sec,5.50253893,1.075
NUS3001,PulseWidth_sec,1.1925,1.17
NUS3001,CT_sec,0.339166667,0.273333333
NUS3001,CT_sec,0.250727273,0.306666667
NUS3001,CT_sec,0.1982,0.304615385
NUS3001,CT_sec,0.2046,0.3
NUS3001,CT_sec,0.195,0.303809524
NUS3001,CT_sec,0.212142857,0.304
NUS3001,CT_sec,0.246333333,0.3
NUS3001,CT_sec,0.27425,0.35
NUS3001,CT_sec,0.24,0.304
NUS3001,CT_sec,6.708792228,0.314
NUS3001,CT_sec,0.245714286,0.321111111
NUS3001,CT_sec,0.24,0.323333333
NUS3001,CT_sec,0.2433,0.317142857
NUS3001,CT_sec,0.234,0.322
NUS3001,CT_sec,0.257142857,0.293333333
NUS3001,CT_sec,0.237583333,0.321818182
NUS3001,CT_sec,0.276,0.3175
NUS3001,CT_sec,0.2344,0.316923077
NUS3001,CT_sec,5.50253893,0.32
NUS3001,CT_sec,7.3986766,0.31
NUS3001,dT_sec,0.287333333,0.3
NUS3001,dT_sec,0.276666667,0.365714286
NUS3001,dT_sec,0.158833333,0.36
NUS3001,dT_sec,0.2162,0.232307692
NUS3001,dT_sec,0.2298,0.218888889
NUS3001,dT_sec,0.315428571,0.245
NUS3001,dT_sec,0.2726,0.26
NUS3001,dT_sec,0.253375,0.284285714
NUS3001,dT_sec,6.708792228,0.272
NUS3001,dT_sec,0.116888889,0.304444444
NUS3001,dT_sec,0.0976,0.218333333
NUS3001,dT_sec,0.102166667,0.265714286
NUS3001,dT_sec,0.129,0.278
NUS3001,dT_sec,0.101666667,0.26
NUS3001,dT_sec,0.261363636,0.26
NUS3001,dT_sec,0.142285714,0.321428571
NUS3001,dT_sec,0.0952,0.250769231
NUS3001,dT_sec,5.50253893,0.29
NUS3001,dT_sec,0.238,0.22
NUS3001,dT_sec,0.2482,0.273333333
NUS3001,dT_samples,43,56
NUS3001,dT_samples,43.16666667,55.42857143
NUS3001,dT_samples,23.66666667,56.22222222
NUS3001,dT_samples,33.2,39.23076923
NUS3001,dT_samples,21,44.52380952
NUS3001,dT_samples,6.408925656,36.54545455
NUS3001,dT_samples,36,38.33333333
NUS3001,dT_samples,41.375,46.85714286
NUS3001,dT_samples,42,48.8
NUS3001,dT_samples,6.708792228,44.4
NUS3001,dT_samples,18.33333333,48.55555556
NUS3001,dT_samples,20.66666667,50.69230769
NUS3001,dT_samples,15.8,36.25
NUS3001,dT_samples,19,46.3
NUS3001,dT_samples,41.90909091,42.45454545
NUS3001,dT_samples,22.42857143,52.85714286
NUS3001,dT_samples,5.50253893,51.875
NUS3001,dT_samples,41,52.2
NUS3001,dT_samples,35,38.3
NUS3001,dT_samples,40.6,44.83333333
NUS3001,CT_samples,41.33333333,56.42857143
NUS3001,CT_samples,39,48.22222222
NUS3001,CT_samples,31,52.53846154
NUS3001,CT_samples,37.2,54.27777778
NUS3001,CT_samples,38,56.38095238
NUS3001,CT_samples,32.85714286,54.6
NUS3001,CT_samples,45.1,56.26315789
NUS3001,CT_samples,6.408925656,56.63636364
NUS3001,CT_samples,39.33333333,58
NUS3001,CT_samples,39.42857143,51.55555556
NUS3001,CT_samples,36.88888889,54.07692308
NUS3001,CT_samples,38.57142857,54.25
NUS3001,CT_samples,38.3,53.57142857
NUS3001,CT_samples,35.875,53.9
NUS3001,CT_samples,38.4,52.38461538
NUS3001,CT_samples,5.50253893,59.125
NUS3001,CT_samples,40,55.9
NUS3001,CT_samples,42.8,55.2
NUS3001,CT_samples,46,51.5
NUS3001,CT_samples,7.3986766,58.33333333
NUS3001,RI_ratio,0.696264991,0.927958011
NUS3001,RI_ratio,0.854157071,0.759998311
NUS3001,RI_ratio,0.765326237,0.905488714
NUS3001,RI_ratio,0.939293085,0.918273205
NUS3001,RI_ratio,4.387834355,0.888421577
NUS3001,RI_ratio,6.408925656,0.917356075
NUS3001,RI_ratio,0.630082826,0.863887596
NUS3001,RI_ratio,0.698209537,0.944187659
NUS3001,RI_ratio,0.678053812,0.851408694
NUS3001,RI_ratio,6.708792228,0.877664335
NUS3001,RI_ratio,0.98554461,0.911959286
NUS3001,RI_ratio,0.992508155,0.866950289
NUS3001,RI_ratio,0.988380353,0.829434069
NUS3001,RI_ratio,0.715596429,0.867074599
NUS3001,RI_ratio,0.989699973,0.89116532
NUS3001,RI_ratio,5.50253893,0.839405257
NUS3001,RI_ratio,0.722307381,0.835853634
NUS3001,RI_ratio,0.684540211,0.881681848
NUS3001,RI_ratio,0.745098745,0.862793067
NUS3001,RI_ratio,7.3986766,0.860463167
NUS3002,PulseWidth_sec,1.1218125,1.126666667
NUS3002,PulseWidth_sec,1.097130435,1.092727273
NUS3002,PulseWidth_sec,1.115705882,1.12
NUS3002,PulseWidth_sec,1.119642857,1.129230769
NUS3002,PulseWidth_sec,1.169944444,1.21
NUS3002,PulseWidth_sec,1.161555556,1.191428571
NUS3002,PulseWidth_sec,1.051565217,1.050588235
NUS3002,PulseWidth_sec,1.047857143,1.049
NUS3002,PulseWidth_sec,1.120777778,1.112173913
NUS3002,PulseWidth_sec,1.082541667,1.08
NUS3002,PulseWidth_sec,1.163,1.156666667
NUS3002,PulseWidth_sec,1.167,1.136
NUS3002,PulseWidth_sec,1.118066667,1.129411765
NUS3002,PulseWidth_sec,1.14352381,1.138888889
NUS3002,PulseWidth_sec,1.121409091,1.129411765
NUS3002,PulseWidth_sec,1.153636364,1.144
NUS3002,PulseWidth_sec,1.149473684,1.157272727
NUS3002,PulseWidth_sec,0.9985,1.012
NUS3002,PulseWidth_sec,0.989,0.997391304
NUS3002,PulseWidth_sec,1.065791667,1.077272727
NUS3002,CT_sec,0.214846154,0.224444444
NUS3002,CT_sec,0.217333333,0.197777778
NUS3002,CT_sec,0.2115,0.218181818
NUS3002,CT_sec,0.1877,0.18
NUS3002,CT_sec,0.184941176,0.181538462
NUS3002,CT_sec,0.197526316,0.233913043
NUS3002,CT_sec,0.195545455,0.209
NUS3002,CT_sec,0.1915,0.246666667
NUS3002,CT_sec,0.194272727,0.22
NUS3002,CT_sec,0.1886,0.210833333
NUS3002,CT_sec,0.193545455,0.305833333
NUS3002,CT_sec,0.186833333,0.206315789
NUS3002,CT_sec,0.195333333,0.193333333
NUS3002,CT_sec,0.202272727,0.207272727
NUS3002,CT_sec,0.199909091,0.201
NUS3002,CT_sec,0.202428571,0.198461538
NUS3002,CT_sec,0.19695,0.211428571
NUS3002,CT_sec,0.203181818,0.206315789
NUS3002,CT_sec,0.206076923,0.221666667
NUS3002,CT_sec,0.202809524,0.2025
NUS3002,dT_sec,0.3169375,0.328
NUS3002,dT_sec,0.356428571,0.333913043
NUS3002,dT_sec,0.345333333,0.36
NUS3002,dT_sec,0.342222222,0.368571429
NUS3002,dT_sec,0.341555556,0.395
NUS3002,dT_sec,0.341714286,0.362857143
NUS3002,dT_sec,0.338608696,0.363333333
NUS3002,dT_sec,0.337818182,0.342105263
NUS3002,dT_sec,0.338809524,0.437894737
NUS3002,dT_sec,0.335772727,0.417272727
NUS3002,dT_sec,0.334133333,0.338571429
NUS3002,dT_sec,0.3395,0.344347826
NUS3002,dT_sec,0.376666667,0.37
NUS3002,dT_sec,0.356571429,0.370588235
NUS3002,dT_sec,0.359590909,0.392307692
NUS3002,dT_sec,0.347608696,0.37
NUS3002,dT_sec,0.347454545,0.382
NUS3002,dT_sec,0.338545455,0.370526316
NUS3002,dT_sec,0.343157895,0.28
NUS3002,dT_sec,0.337333333,0.275652174
NUS3002,dT_samples,54.75,63.2
NUS3002,dT_samples,56,56.26666667
NUS3002,dT_samples,72.6875,71.75
NUS3002,dT_samples,63.66666667,59.35
NUS3002,dT_samples,59.2173913,62.83333333
NUS3002,dT_samples,61.95652174,56.60869565
NUS3002,dT_samples,61.73333333,63.08333333
NUS3002,dT_samples,61.66666667,60.85714286
NUS3002,dT_samples,62.69230769,60.94117647
NUS3002,dT_samples,61.44444444,60.61111111
NUS3002,dT_samples,67.39130435,62.2173913
NUS3002,dT_samples,64.7826087,63.64285714
NUS3002,dT_samples,63,65.5
NUS3002,dT_samples,67.21428571,66.4
NUS3002,dT_samples,63.33333333,63.05263158
NUS3002,dT_samples,63.14285714,62.11111111
NUS3002,dT_samples,58.9047619,68.4375
NUS3002,dT_samples,61.4375,54.96
NUS3002,dT_samples,66.07692308,60.25
NUS3002,dT_samples,57.875,59.85714286
NUS3002,CT_samples,42.65384615,42.44444444
NUS3002,CT_samples,34.45,36.35
NUS3002,CT_samples,32.65,37.33333333
NUS3002,CT_samples,33.11111111,45
NUS3002,CT_samples,35.04347826,39.2173913
NUS3002,CT_samples,33.73333333,36.42105263
NUS3002,CT_samples,35.5,40.66666667
NUS3002,CT_samples,34.77777778,54.04545455
NUS3002,CT_samples,33.22727273,32.5
NUS3002,CT_samples,38.8,41.39130435
NUS3002,CT_samples,37.75,35.40909091
NUS3002,CT_samples,35.59090909,32.66666667
NUS3002,CT_samples,35.73913043,33.06666667
NUS3002,CT_samples,36.04347826,34.05263158
NUS3002,CT_samples,35.90909091,34.82352941
NUS3002,CT_samples,41.07692308,50.88
NUS3002,CT_samples,39.92307692,48.80769231
NUS3002,CT_samples,41.08333333,50.5
NUS3002,CT_samples,34.125,32.6
NUS3002,CT_samples,35.27272727,34.63636364
NUS3002,RI_ratio,0.614719214,0.70454051
NUS3002,RI_ratio,0.408348386,0.646443816
NUS3002,RI_ratio,0.41590032,0.635059652
NUS3002,RI_ratio,0.424251975,0.760814143
NUS3002,RI_ratio,0.431071112,0.613695545
NUS3002,RI_ratio,0.493225106,0.701727709
NUS3002,RI_ratio,0.437596256,0.754579178
NUS3002,RI_ratio,0.511152959,0.718875455
NUS3002,RI_ratio,0.506536082,0.880159377
NUS3002,RI_ratio,0.396062008,0.687297866
NUS3002,RI_ratio,0.44153192,0.701944594
NUS3002,RI_ratio,0.350918312,0.654897869
NUS3002,RI_ratio,0.34601332,0.643038195
NUS3002,RI_ratio,0.751957757,0.642300801
NUS3002,RI_ratio,0.346000681,0.644010184
NUS3002,RI_ratio,0.421855869,0.728601089
NUS3002,RI_ratio,0.469179213,0.707937931
NUS3002,RI_ratio,0.510879462,0.836299027
NUS3002,RI_ratio,0.536546704,0.767479696
NUS3002,RI_ratio,0.470436244,0.785399097
NUS3003,PulseWidth_sec,0.993869565,1.010909091
NUS3003,PulseWidth_sec,0.989583333,0.992173913
NUS3003,PulseWidth_sec,1.018454545,1.022608696
NUS3003,PulseWidth_sec,0.9773,0.985925926
NUS3003,PulseWidth_sec,0.943565217,0.937857143
NUS3003,PulseWidth_sec,0.964875,0.964444444
NUS3003,PulseWidth_sec,0.9745,0.961481481
NUS3003,PulseWidth_sec,1.051928571,1.070666667
NUS3003,PulseWidth_sec,1.045904762,1.046666667
NUS3003,PulseWidth_sec,1.0548,1.035384615
NUS3003,PulseWidth_sec,1.082136364,1.064615385
NUS3003,PulseWidth_sec,1.03075,1.024444444
NUS3003,PulseWidth_sec,1.023772727,1.038181818
NUS3003,PulseWidth_sec,1.028066667,1.02
NUS3003,PulseWidth_sec,1.0087,0.994
NUS3003,PulseWidth_sec,0.9967,0.997894737
NUS3003,PulseWidth_sec,1.011409091,1.02
NUS3003,PulseWidth_sec,1.0611875,1.048
NUS3003,PulseWidth_sec,1.007533333,1.0275
NUS3003,PulseWidth_sec,1.073391304,1.06375
NUS3003,CT_sec,0.18926087,0.176363636
NUS3003,CT_sec,0.193947368,0.2512
NUS3003,CT_sec,0.189153846,0.266153846
NUS3003,CT_sec,0.188181818,0.26
NUS3003,CT_sec,0.183058824,0.2728
NUS3003,CT_sec,0.18152381,0.24962963
NUS3003,CT_sec,0.180333333,0.203
NUS3003,CT_sec,0.1868,0.173333333
NUS3003,CT_sec,0.19673913,0.172
NUS3003,CT_sec,0.195565217,0.174285714
NUS3003,CT_sec,0.201666667,0.173846154
NUS3003,CT_sec,0.19512,0.174117647
NUS3003,CT_sec,0.192434783,0.171111111
NUS3003,CT_sec,0.186916667,0.170666667
NUS3003,CT_sec,0.180166667,0.184
NUS3003,CT_sec,0.17904,0.182352941
NUS3003,CT_sec,0.183304348,0.182727273
NUS3003,CT_sec,0.182,0.181052632
NUS3003,CT_sec,0.196315789,0.177142857
NUS3003,CT_sec,0.207173913,0.2024
NUS3003,dT_sec,0.29688,0.316
NUS3003,dT_sec,0.31865,0.257037037
NUS3003,dT_sec,0.332631579,0.266666667
NUS3003,dT_sec,0.3274,0.265185185
NUS3003,dT_sec,0.321217391,0.288888889
NUS3003,dT_sec,0.320791667,0.245185185
NUS3003,dT_sec,0.30625,0.336
NUS3003,dT_sec,0.309,0.338571429
NUS3003,dT_sec,0.294545455,0.34375
NUS3003,dT_sec,0.30916,0.345333333
NUS3003,dT_sec,0.332769231,0.322857143
NUS3003,dT_sec,0.3302,0.327777778
NUS3003,dT_sec,0.32775,0.328571429
NUS3003,dT_sec,0.323347826,0.324761905
NUS3003,dT_sec,0.333409091,0.323
NUS3003,dT_sec,0.25865,0.3125
NUS3003,dT_sec,0.292551724,0.299310345
NUS3003,dT_sec,0.296904762,0.289565217
NUS3003,dT_sec,0.3181875,0.331111111
NUS3003,dT_sec,0.30885,0.317142857
NUS3003,dT_samples,62.8,52.625
NUS3003,dT_samples,63.22727273,53.08
NUS3003,dT_samples,61.95238095,52.52
NUS3003,dT_samples,63.5,49.66666667
NUS3003,dT_samples,64.94117647,50.96
NUS3003,dT_samples,67.5,56.07407407
NUS3003,dT_samples,68.34782609,54.78571429
NUS3003,dT_samples,61.6,59.375
NUS3003,dT_samples,54.31578947,63.53846154
NUS3003,dT_samples,58.92307692,65.35294118
NUS3003,dT_samples,59.6,66.52941176
NUS3003,dT_samples,61.39130435,67.38888889
NUS3003,dT_samples,63.9047619,59.77272727
NUS3003,dT_samples,66.72,63.7
NUS3003,dT_samples,65.61538462,60.45454545
NUS3003,dT_samples,62.26666667,59.96296296
NUS3003,dT_samples,55.0952381,53.41666667
NUS3003,dT_samples,57.36363636,54.58333333
NUS3003,dT_samples,59.81481481,56.42307692
NUS3003,dT_samples,56.625,52.32
NUS3003,CT_samples,37.23076923,52.96153846
NUS3003,CT_samples,37.5,47.6
NUS3003,CT_samples,38.83333333,47.96153846
NUS3003,CT_samples,36.3125,51.75
NUS3003,CT_samples,37.38095238,50.96296296
NUS3003,CT_samples,36.875,49.57692308
NUS3003,CT_samples,38.23076923,31.8125
NUS3003,CT_samples,38.47826087,33.73333333
NUS3003,CT_samples,40.2173913,34.5
NUS3003,CT_samples,37.11111111,32.44444444
NUS3003,CT_samples,34.81818182,33.875
NUS3003,CT_samples,36.57142857,36.29166667
NUS3003,CT_samples,37.84210526,35
NUS3003,CT_samples,37.05263158,33.375
NUS3003,CT_samples,34.77272727,31.5
NUS3003,CT_samples,31.65,35.2
NUS3003,CT_samples,33.8,33.375
NUS3003,CT_samples,39.24,37.04166667
NUS3003,CT_samples,39.25,37.36
NUS3003,CT_samples,39.08333333,40.04
NUS3003,RI_ratio,0.515674613,0.64953172
NUS3003,RI_ratio,0.469953989,0.813358276
NUS3003,RI_ratio,0.462503548,0.847331389
NUS3003,RI_ratio,0.437070963,0.829458724
NUS3003,RI_ratio,0.459750167,0.8150002
NUS3003,RI_ratio,0.441659321,0.858641234
NUS3003,RI_ratio,0.570164357,0.623044919
NUS3003,RI_ratio,0.506824725,0.631329788
NUS3003,RI_ratio,0.515002408,0.566393434
NUS3003,RI_ratio,0.540250379,0.590549244
NUS3003,RI_ratio,0.427943317,0.835998132
NUS3003,RI_ratio,0.372114823,0.758217587
NUS3003,RI_ratio,0.415782427,0.780274719
NUS3003,RI_ratio,0.442005631,0.762319337
NUS3003,RI_ratio,0.737303071,3.281821842
NUS3003,RI_ratio,0.571781118,0.756133602
NUS3003,RI_ratio,0.567102021,0.80674911
NUS3003,RI_ratio,0.649469692,0.857950646
NUS3003,RI_ratio,0.693259898,0.877191415
NUS3003,RI_ratio,0.625551873,0.811770801
NUS3004,PulseWidth_sec,0.906655172,0.910714286
NUS3004,PulseWidth_sec,0.901074074,0.903571429
NUS3004,PulseWidth_sec,0.897,0.913103448
NUS3004,PulseWidth_sec,0.8728,0.874482759
NUS3004,PulseWidth_sec,0.865448276,0.870344828
NUS3004,PulseWidth_sec,0.866933333,0.868275862
NUS3004,PulseWidth_sec,0.862258065,0.87
NUS3004,PulseWidth_sec,0.920888889,0.9368
NUS3004,PulseWidth_sec,1.03976,1.021818182
NUS3004,PulseWidth_sec,0.97385,0.975555556
NUS3004,PulseWidth_sec,1.000615385,0.98375
NUS3004,PulseWidth_sec,1.03488,1.043333333
NUS3004,PulseWidth_sec,0.920214286,0.910588235
NUS3004,PulseWidth_sec,1.04132,1.034666667
NUS3004,PulseWidth_sec,1.103058824,1.107777778
NUS3004,PulseWidth_sec,1.072416667,1.073333333
NUS3004,PulseWidth_sec,1.063388889,1.049333333
NUS3004,PulseWidth_sec,1.091,1.086666667
NUS3004,PulseWidth_sec,1.150722222,1.150588235
NUS3004,PulseWidth_sec,1.085478261,1.074666667
NUS3004,CT_sec,0.175225806,0.182
NUS3004,CT_sec,0.181,0.208965517
NUS3004,CT_sec,0.182142857,0.194285714
NUS3004,CT_sec,0.18404,0.188888889
NUS3004,CT_sec,0.18176,0.197931034
NUS3004,CT_sec,0.183407407,0.19862069
NUS3004,CT_sec,0.176,0.193333333
NUS3004,CT_sec,0.176533333,0.186451613
NUS3004,CT_sec,0.181185185,0.196296296
NUS3004,CT_sec,0.183964286,0.176521739
NUS3004,CT_sec,0.18152,0.17
NUS3004,CT_sec,0.172666667,0.178461538
NUS3004,CT_sec,0.172347826,0.18
NUS3004,CT_sec,0.190571429,0.2625
NUS3004,CT_sec,0.19035,0.244
NUS3004,CT_sec,0.190266667,0.248
NUS3004,CT_sec,0.179818182,0.189333333
NUS3004,CT_sec,0.189846154,0.203157895
NUS3004,CT_sec,0.188090909,0.200909091
NUS3004,CT_sec,0.188652174,0.200869565
NUS3004,dT_sec,0.283095238,0.298461538
NUS3004,dT_sec,0.322882353,0.311724138
NUS3004,dT_sec,0.324045455,0.310344828
NUS3004,dT_sec,0.322535714,0.312
NUS3004,dT_sec,0.256625,0.288333333
NUS3004,dT_sec,0.337681818,0.408571429
NUS3004,dT_sec,0.333538462,0.45
NUS3004,dT_sec,0.310578947,0.265217391
NUS3004,dT_sec,0.32665,0.336
NUS3004,dT_sec,0.303533333,0.32
NUS3004,dT_sec,0.33065,0.220869565
NUS3004,dT_sec,0.351736842,0.343636364
NUS3004,dT_sec,0.354958333,0.34
NUS3004,dT_sec,0.350083333,0.355714286
NUS3004,dT_sec,0.34968,0.338947368
NUS3004,dT_sec,0.324428571,0.311578947
NUS3004,dT_sec,0.326318182,0.315454545
NUS3004,dT_sec,0.3305625,0.318823529
NUS3004,dT_sec,0.332347826,0.322
NUS3004,dT_sec,0.333043478,0.32
NUS3004,dT_samples,61.53333333,70.33333333
NUS3004,dT_samples,52.04,62.73076923
NUS3004,dT_samples,65,62.23076923
NUS3004,dT_samples,70.63157895,63
NUS3004,dT_samples,72,69.82758621
NUS3004,dT_samples,74.4,69.42105263
NUS3004,dT_samples,42,68.65
NUS3004,dT_samples,66.76,62
NUS3004,dT_samples,54.38888889,65.05
NUS3004,dT_samples,68.75,61.26086957
NUS3004,dT_samples,65.73076923,82
NUS3004,dT_samples,64.0952381,46.08
NUS3004,dT_samples,68.17647059,65.41176471
NUS3004,dT_samples,70.45833333,67.84615385
NUS3004,dT_samples,65,55.53846154
NUS3004,dT_samples,55.38461538,49.65217391
NUS3004,dT_samples,59.13043478,57.26086957
NUS3004,dT_samples,58.95,57.45454545
NUS3004,dT_samples,53.33333333,59.5
NUS3004,dT_samples,57.69565217,56.95454545
NUS3004,CT_samples,43,40.33333333
NUS3004,CT_samples,43.125,40.71428571
NUS3004,CT_samples,39.17241379,44.03571429
NUS3004,CT_samples,40.07407407,41.06666667
NUS3004,CT_samples,39.125,40.53846154
NUS3004,CT_samples,39.58333333,41.13793103
NUS3004,CT_samples,40.13333333,41.89473684
NUS3004,CT_samples,39.5625,40.125
NUS3004,CT_samples,35.69230769,35.81818182
NUS3004,CT_samples,35.2,40
NUS3004,CT_samples,36.04347826,38.08333333
NUS3004,CT_samples,36.33333333,33.5
NUS3004,CT_samples,37.38095238,41.28
NUS3004,CT_samples,33.26666667,34.75
NUS3004,CT_samples,34.47058824,51.5
NUS3004,CT_samples,37.8,44.19230769
NUS3004,CT_samples,33.125,33.75
NUS3004,CT_samples,36,36.20833333
NUS3004,CT_samples,33.85,34.36363636
NUS3004,CT_samples,33.86956522,35.3
NUS3004,RI_ratio,0.54850788,0.943280262
NUS3004,RI_ratio,0.605842586,0.85235987
NUS3004,RI_ratio,0.507363955,0.869649027
NUS3004,RI_ratio,0.468924586,0.826899121
NUS3004,RI_ratio,0.624418728,0.808877859
NUS3004,RI_ratio,0.367684847,0.725455805
NUS3004,RI_ratio,0.357387639,0.702842748
NUS3004,RI_ratio,0.406470453,0.756509751
NUS3004,RI_ratio,0.345234935,0.571489963
NUS3004,RI_ratio,0.478558331,0.667597305
NUS3004,RI_ratio,0.541104963,0.623094657
NUS3004,RI_ratio,0.305374588,0.670895617
NUS3004,RI_ratio,0.309944058,0.607250848
NUS3004,RI_ratio,0.565380853,0.888719685
NUS3004,RI_ratio,0.46011726,0.871592302
NUS3004,RI_ratio,0.524884711,0.917283231
NUS3004,RI_ratio,0.331935881,0.69227901
NUS3004,RI_ratio,0.505071341,0.765243507
NUS3004,RI_ratio,0.566891279,0.816749759
NUS3004,RI_ratio,0.47378222,0.84387856
NUS3005,PulseWidth_sec,0.951894737,0.958518519
NUS3005,PulseWidth_sec,1.034125,1.0288
NUS3005,PulseWidth_sec,1.00825,0.992
NUS3005,PulseWidth_sec,1.036285714,1.0225
NUS3005,PulseWidth_sec,1.016571429,1.007692308
NUS3005,PulseWidth_sec,0.877576923,0.881290323
NUS3005,PulseWidth_sec,0.854666667,0.86
NUS3005,PulseWidth_sec,0.903714286,0.932857143
NUS3005,PulseWidth_sec,0.809115385,0.813333333
NUS3005,PulseWidth_sec,0.887066667,0.923703704
NUS3005,PulseWidth_sec,0.900117647,0.928148148
NUS3005,PulseWidth_sec,0.9974,0.985384615
NUS3005,PulseWidth_sec,0.947407407,0.952142857
NUS3005,PulseWidth_sec,0.988,0.991538462
NUS3005,PulseWidth_sec,0.966333333,0.983333333
NUS3005,PulseWidth_sec,0.971916667,0.934074074
NUS3005,PulseWidth_sec,0.927,0.979130435
NUS3005,PulseWidth_sec,0.955142857,0.983478261
NUS3005,PulseWidth_sec,0.9228,0.924705882
NUS3005,PulseWidth_sec,1.013,0.96
NUS3005,CT_sec,0.193636364,0.308
NUS3005,CT_sec,0.19,0.3025
NUS3005,CT_sec,0.186478261,0.301538462
NUS3005,CT_sec,0.187,0.2984
NUS3005,CT_sec,0.187833333,0.2944
NUS3005,CT_sec,0.1816,0.251
NUS3005,CT_sec,0.183,0.265806452
NUS3005,CT_sec,0.18224,0.257931034
NUS3005,CT_sec,0.176705882,0.244666667
NUS3005,CT_sec,0.18475,0.256296296
NUS3005,CT_sec,0.172,0.2416
NUS3005,CT_sec,0.178764706,0.245384615
NUS3005,CT_sec,0.177428571,0.26
NUS3005,CT_sec,0.175272727,0.260952381
NUS3005,CT_sec,0.172,0.2592
NUS3005,CT_sec,0.174666667,0.265833333
NUS3005,CT_sec,0.170666667,0.259
NUS3005,CT_sec,0.173142857,0.237857143
NUS3005,CT_sec,0.1752,0.231111111
NUS3005,CT_sec,0.174,0.256
NUS3005,dT_sec,0.293631579,0.248888889
NUS3005,dT_sec,0.326071429,0.3
NUS3005,dT_sec,0.323375,0.3056
NUS3005,dT_sec,0.328666667,0.2888
NUS3005,dT_sec,0.322789474,0.3104
NUS3005,dT_sec,0.3225,0.285925926
NUS3005,dT_sec,0.319444444,0.226315789
NUS3005,dT_sec,0.316058824,0.267586207
NUS3005,dT_sec,0.308030303,0.281428571
NUS3005,dT_sec,0.315357143,0.277692308
NUS3005,dT_sec,0.315416667,0.293043478
NUS3005,dT_sec,0.3085,0.264137931
NUS3005,dT_sec,0.3005,0.254285714
NUS3005,dT_sec,0.315363636,0.286153846
NUS3005,dT_sec,0.321047619,0.259230769
NUS3005,dT_sec,0.321888889,0.267142857
NUS3005,dT_sec,0.30856,0.26
NUS3005,dT_sec,0.325923077,0.266666667
NUS3005,dT_sec,0.316,0.26
NUS3005,dT_sec,0.316166667,0.259130435
NUS3005,dT_samples,70.48275862,56.44827586
NUS3005,dT_samples,60.68421053,49.81481481
NUS3005,dT_samples,48.33333333,51.84
NUS3005,dT_samples,54.59090909,51.91666667
NUS3005,dT_samples,61.52631579,53.6
NUS3005,dT_samples,54.16666667,56.36
NUS3005,dT_samples,62,53
NUS3005,dT_samples,63.75,58.8
NUS3005,dT_samples,64.06666667,57.125
NUS3005,dT_samples,59.75,60.4
NUS3005,dT_samples,68.53846154,47.57142857
NUS3005,dT_samples,66.59090909,49.51851852
NUS3005,dT_samples,61.35294118,63.6
NUS3005,dT_samples,69.78571429,55.20689655
NUS3005,dT_samples,69.33333333,57.19230769
NUS3005,dT_samples,64.66666667,52.2173913
NUS3005,dT_samples,69,53.08
NUS3005,dT_samples,71.38461538,53.71428571
NUS3005,dT_samples,71.16666667,57.28
NUS3005,dT_samples,66.2,63.16666667
NUS3005,CT_samples,40.41666667,45.34615385
NUS3005,CT_samples,36.57142857,56.68
NUS3005,CT_samples,35.56,52.6
NUS3005,CT_samples,35.18181818,52.125
NUS3005,CT_samples,34.83333333,48.4
NUS3005,CT_samples,36.66666667,53.89473684
NUS3005,CT_samples,41.13043478,56.51724138
NUS3005,CT_samples,41.75,52.78571429
NUS3005,CT_samples,39.28571429,53.22727273
NUS3005,CT_samples,40.91666667,46.1
NUS3005,CT_samples,44.51515152,53.10714286
NUS3005,CT_samples,39.125,48.59259259
NUS3005,CT_samples,39.9,48.7037037
NUS3005,CT_samples,37.92857143,49.03571429
NUS3005,CT_samples,38.11764706,49.38461538
NUS3005,CT_samples,38.58333333,50.84615385
NUS3005,CT_samples,39.16666667,48.85185185
NUS3005,CT_samples,37.66666667,52.91304348
NUS3005,CT_samples,33.5,49.71428571
NUS3005,CT_samples,34.6,47.61111111
NUS3005,RI_ratio,0.643743242,0.774011154
NUS3005,RI_ratio,0.487724155,0.779415098
NUS3005,RI_ratio,0.412702444,0.78780269
NUS3005,RI_ratio,0.476902682,0.798831749
NUS3005,RI_ratio,0.498180097,0.839191775
NUS3005,RI_ratio,0.609262537,0.900361746
NUS3005,RI_ratio,0.508672377,0.862436818
NUS3005,RI_ratio,0.47965913,0.835905716
NUS3005,RI_ratio,0.412494655,0.816544687
NUS3005,RI_ratio,0.451995532,0.83375809
NUS3005,RI_ratio,0.486812643,0.8359888
NUS3005,RI_ratio,0.498951878,0.839182238
NUS3005,RI_ratio,0.457719189,0.83654144
NUS3005,RI_ratio,0.462381538,0.83035897
NUS3005,RI_ratio,0.539172712,0.895548938
NUS3005,RI_ratio,0.447970809,0.793407301
NUS3005,RI_ratio,0.379791995,0.826436988
NUS3005,RI_ratio,0.363548303,0.85697176
NUS3005,RI_ratio,0.387141736,0.790668759
NUS3005,RI_ratio,0.392979362,0.817021097
NUS3006,PulseWidth_sec,0.785,0.825
NUS3006,PulseWidth_sec,0.73325,0.806666667
NUS3006,PulseWidth_sec,1.025222222,0.9984
NUS3006,PulseWidth_sec,1.0785,1.056666667
NUS3006,PulseWidth_sec,1.10915,1.102608696
NUS3006,PulseWidth_sec,1.08752381,1.088333333
NUS3006,PulseWidth_sec,1.150363636,1.156
NUS3006,PulseWidth_sec,1.1230625,1.112173913
NUS3006,PulseWidth_sec,0.984823529,0.947619048
NUS3006,PulseWidth_sec,1.066,0.9875
NUS3006,PulseWidth_sec,0.9838,0.941176471
NUS3006,PulseWidth_sec,1.039833333,0.97
NUS3006,PulseWidth_sec,1.162555556,1.194
NUS3006,PulseWidth_sec,1.206,1.064
NUS3006,PulseWidth_sec,1.109,1.025555556
NUS3006,PulseWidth_sec,0.688,1.044615385
NUS3006,PulseWidth_sec,9.968065639,0.68
NUS3006,PulseWidth_sec,1.113333333,0.998518519
NUS3006,PulseWidth_sec,1.144666667,0.963809524
NUS3006,PulseWidth_sec,1.088666667,0.998461538
NUS3006,CT_sec,0.161,0.168888889
NUS3006,CT_sec,0.2045,0.314
NUS3006,CT_sec,0.291944444,0.3208
NUS3006,CT_sec,0.288363636,0.330833333
NUS3006,CT_sec,0.29865,0.353913043
NUS3006,CT_sec,0.289428571,0.353333333
NUS3006,CT_sec,0.291227273,0.373
NUS3006,CT_sec,0.2864375,0.331304348
NUS3006,CT_sec,0.258882353,0.296190476
NUS3006,CT_sec,0.199,0.1825
NUS3006,CT_sec,0.1914,0.189411765
NUS3006,CT_sec,0.191666667,0.214444444
NUS3006,CT_sec,0.193777778,0.25
NUS3006,CT_sec,0.182666667,0.176
NUS3006,CT_sec,0.195,0.282222222
NUS3006,CT_sec,0.168,0.296923077
NUS3006,CT_sec,9.968065639,0.185
NUS3006,CT_sec,0.203888889,0.297777778
NUS3006,CT_sec,0.216,0.286666667
NUS3006,CT_sec,0.200666667,0.309230769
NUS3006,dT_sec,0.146,0.305
NUS3006,dT_sec,0.256875,0.174
NUS3006,dT_sec,0.2325,0.2456
NUS3006,dT_sec,0.247904762,0.240869565
NUS3006,dT_sec,0.240235294,0.248181818
NUS3006,dT_sec,0.25547619,0.2725
NUS3006,dT_sec,0.256227273,0.277894737
NUS3006,dT_sec,0.2609375,0.262608696
NUS3006,dT_sec,0.262176471,0.254285714
NUS3006,dT_sec,0.328,0.335
NUS3006,dT_sec,0.2671,0.316470588
NUS3006,dT_sec,0.286166667,0.318888889
NUS3006,dT_sec,0.259555556,0.28
NUS3006,dT_sec,0.28,0.356
NUS3006,dT_sec,0.363,0.257777778
NUS3006,dT_sec,0.152,0.246153846
NUS3006,dT_sec,9.968065639,0.285
NUS3006,dT_sec,0.283333333,0.214814815
NUS3006,dT_sec,0.321666667,0.239047619
NUS3006,dT_sec,0.329333333,0.214615385
NUS3006,dT_samples,36.8,72.25
NUS3006,dT_samples,40,73.55555556
NUS3006,dT_samples,47,31.9
NUS3006,dT_samples,45,46.32
NUS3006,dT_samples,45.19047619,44.2173913
NUS3006,dT_samples,41.58823529,43.54545455
NUS3006,dT_samples,46.76190476,47.95833333
NUS3006,dT_samples,44.22727273,46.21052632
NUS3006,dT_samples,46.1875,45.69565217
NUS3006,dT_samples,61,66.25
NUS3006,dT_samples,52.6,65.47058824
NUS3006,dT_samples,54,64.05555556
NUS3006,dT_samples,43,45.9
NUS3006,dT_samples,45.66666667,64.8
NUS3006,dT_samples,65,48
NUS3006,dT_samples,44,45
NUS3006,dT_samples,9.968065639,79
NUS3006,dT_samples,49.77777778,41.88888889
NUS3006,dT_samples,55.66666667,47.33333333
NUS3006,dT_samples,60,40.80769231
NUS3006,CT_samples,42.4,39.5
NUS3006,CT_samples,43.5,39.22222222
NUS3006,CT_samples,38.25,57.9
NUS3006,CT_samples,56.55555556,62.8
NUS3006,CT_samples,53.65,62.43478261
NUS3006,CT_samples,52.85714286,62.95833333
NUS3006,CT_samples,50.18181818,62.45
NUS3006,CT_samples,50.5,58.13043478
NUS3006,CT_samples,52.11764706,60.33333333
NUS3006,CT_samples,37,35.75
NUS3006,CT_samples,38.65,38.47058824
NUS3006,CT_samples,36.5,42.5
NUS3006,CT_samples,33.22222222,40
NUS3006,CT_samples,30,31.6
NUS3006,CT_samples,35,53.5
NUS3006,CT_samples,48,55.69230769
NUS3006,CT_samples,9.968065639,51.75
NUS3006,CT_samples,36.22222222,58.18518519
NUS3006,CT_samples,37.33333333,57.47619048
NUS3006,CT_samples,36.33333333,60.15384615
NUS3006,RI_ratio,0.842228014,0.726000302
NUS3006,RI_ratio,0.825456799,0.765507585
NUS3006,RI_ratio,0.720475038,0.914692287
NUS3006,RI_ratio,0.805859693,0.919276094
NUS3006,RI_ratio,0.78546717,0.924148041
NUS3006,RI_ratio,0.812717637,0.930665228
NUS3006,RI_ratio,0.767256021,0.923531875
NUS3006,RI_ratio,0.786974946,0.931192119
NUS3006,RI_ratio,0.775761054,0.924008307
NUS3006,RI_ratio,0.727128462,0.855418204
NUS3006,RI_ratio,0.599071046,0.911074695
NUS3006,RI_ratio,0.654954074,0.873767818
NUS3006,RI_ratio,0.680788201,0.893178955
NUS3006,RI_ratio,0.758944522,0.708392251
NUS3006,RI_ratio,0.558089039,0.853245318
NUS3006,RI_ratio,0.749914498,0.889354491
NUS3006,RI_ratio,9.968065639,0.718928941
NUS3006,RI_ratio,0.724201292,0.895314724
NUS3006,RI_ratio,0.679132496,0.817202853
NUS3006,RI_ratio,0.618217535,0.877481637
NUS3007,PulseWidth_sec,1.186125,1.094545455
NUS3007,PulseWidth_sec,1.161333333,1.084285714
NUS3007,PulseWidth_sec,1.270666667,1.052222222
NUS3007,PulseWidth_sec,1.1955,1.092
NUS3007,PulseWidth_sec,1.2594,1.271428571
NUS3007,PulseWidth_sec,1.116857143,1.056666667
NUS3007,PulseWidth_sec,0.923333333,0.930714286
NUS3007,PulseWidth_sec,1.1285,0.984444444
NUS3007,PulseWidth_sec,1.161,1.005
NUS3007,PulseWidth_sec,1.1572,1.085263158
NUS3007,PulseWidth_sec,1.170090909,1.093043478
NUS3007,PulseWidth_sec,1.107833333,1.024166667
NUS3007,PulseWidth_sec,1.251333333,0.98875
NUS3007,PulseWidth_sec,0.8656,0.873333333
NUS3007,PulseWidth_sec,1.1048,0.974615385
NUS3007,PulseWidth_sec,1.043,0.926666667
NUS3007,PulseWidth_sec,4.815292482,1.0312
NUS3007,PulseWidth_sec,1.267,1.02
NUS3007,PulseWidth_sec,1.0984,1.008
NUS3007,PulseWidth_sec,1.246333333,0.97
NUS3007,CT_sec,0.23575,0.34
NUS3007,CT_sec,0.209666667,0.32
NUS3007,CT_sec,0.2626,0.337142857
NUS3007,CT_sec,0.23,0.312222222
NUS3007,CT_sec,0.196,0.265
NUS3007,CT_sec,0.203,0.291538462
NUS3007,CT_sec,0.202,0.325714286
NUS3007,CT_sec,0.1936,0.296666667
NUS3007,CT_sec,0.219125,0.322857143
NUS3007,CT_sec,0.2015,0.315
NUS3007,CT_sec,0.197666667,0.30875
NUS3007,CT_sec,0.231,0.333333333
NUS3007,CT_sec,0.212904762,0.286
NUS3007,CT_sec,0.1886,0.292
NUS3007,CT_sec,0.176,0.328
NUS3007,CT_sec,4.815292482,0.3104
NUS3007,CT_sec,0.204333333,0.186
NUS3007,CT_sec,0.1906,0.177777778
NUS3007,CT_sec,0.187333333,0.176666667
NUS3007,CT_sec,0.178666667,0.16
NUS3007,dT_sec,0.22375,0.266315789
NUS3007,dT_sec,0.22825,0.25
NUS3007,dT_sec,0.348,0.29
NUS3007,dT_sec,0.25,0.293333333
NUS3007,dT_sec,0.309,0.2496
NUS3007,dT_sec,0.292,0.251428571
NUS3007,dT_sec,0.326,0.263333333
NUS3007,dT_sec,0.35,0.245925926
NUS3007,dT_sec,0.35825,0.257692308
NUS3007,dT_sec,0.323285714,0.21
NUS3007,dT_sec,0.31425,0.26
NUS3007,dT_sec,0.285411765,0.2264
NUS3007,dT_sec,0.278428571,0.21
NUS3007,dT_sec,0.152,0.252
NUS3007,dT_sec,0.2266,0.242307692
NUS3007,dT_sec,4.815292482,0.3016
NUS3007,dT_sec,0.32425,0.331578947
NUS3007,dT_sec,0.355,0.324705882
NUS3007,dT_sec,0.3122,0.34
NUS3007,dT_sec,0.346666667,0.36
NUS3007,dT_samples,34.25,45.78947368
NUS3007,dT_samples,52.875,42.90909091
NUS3007,dT_samples,60.33333333,45.21428571
NUS3007,dT_samples,54.33333333,51.94444444
NUS3007,dT_samples,58.71428571,47.88888889
NUS3007,dT_samples,61.5,48.88888889
NUS3007,dT_samples,53.71428571,37.42857143
NUS3007,dT_samples,41,47
NUS3007,dT_samples,52.55555556,48.09090909
NUS3007,dT_samples,60.41666667,45.83333333
NUS3007,dT_samples,58,49
NUS3007,dT_samples,56.07142857,35.375
NUS3007,dT_samples,55.17647059,43.8
NUS3007,dT_samples,64.33333333,46.8
NUS3007,dT_samples,40,48.46153846
NUS3007,dT_samples,61,66
NUS3007,dT_samples,61.75,70.31578947
NUS3007,dT_samples,57,62.52941176
NUS3007,dT_samples,51.4,69.09090909
NUS3007,dT_samples,56.66666667,70.33333333
NUS3007,CT_samples,46.75,59.15789474
NUS3007,CT_samples,41.5,62.45454545
NUS3007,CT_samples,32.66666667,60.33333333
NUS3007,CT_samples,40.5,58.92
NUS3007,CT_samples,40.71428571,57.44444444
NUS3007,CT_samples,35.5,56.5
NUS3007,CT_samples,33,57.75
NUS3007,CT_samples,41.81818182,58.73913043
NUS3007,CT_samples,35.875,60.9047619
NUS3007,CT_samples,36.08333333,60.25
NUS3007,CT_samples,44,61.72
NUS3007,CT_samples,43,65.3
NUS3007,CT_samples,33.6,56.30769231
NUS3007,CT_samples,27.75,53.1
NUS3007,CT_samples,33.25,43.94736842
NUS3007,CT_samples,28,45.41176471
NUS3007,CT_samples,31.8,36.11111111
NUS3007,CT_samples,30.8,35.18181818
NUS3007,CT_samples,32.8,33.6
NUS3007,CT_samples,25.66666667,32
NUS3007,RI_ratio,0.663876651,0.89255833
NUS3007,RI_ratio,0.673316381,0.854263822
NUS3007,RI_ratio,0.615722093,0.815969133
NUS3007,RI_ratio,0.657040312,0.818941524
NUS3007,RI_ratio,0.695757417,0.841138684
NUS3007,RI_ratio,0.576433345,0.826439097
NUS3007,RI_ratio,0.652637366,0.921171667
NUS3007,RI_ratio,0.728866909,0.842524732
NUS3007,RI_ratio,0.643072914,0.824685365
NUS3007,RI_ratio,0.587847297,0.841012793
NUS3007,RI_ratio,0.634179059,0.918861749
NUS3007,RI_ratio,0.642320293,0.863412404
NUS3007,RI_ratio,0.638037135,0.823439419
NUS3007,RI_ratio,0.824984756,0.866121948
NUS3007,RI_ratio,0.727358358,0.859192118
NUS3007,RI_ratio,0.478079378,0.704186548
NUS3007,RI_ratio,0.500827704,0.786218994
NUS3007,RI_ratio,0.518136937,0.712394755
NUS3007,RI_ratio,0.551311788,0.681223817
NUS3007,RI_ratio,0.481128088,0.668315129
NUS3008,PulseWidth_sec,1.1604,1.078666667
NUS3008,PulseWidth_sec,1.057625,1.040869565
NUS3008,PulseWidth_sec,1.261818182,1.073333333
NUS3008,PulseWidth_sec,1.2265,1.175714286
NUS3008,PulseWidth_sec,1.192166667,1.183157895
NUS3008,PulseWidth_sec,1.178352941,1.184761905
NUS3008,PulseWidth_sec,1.188411765,1.158571429
NUS3008,PulseWidth_sec,1.208142857,1.208
NUS3008,PulseWidth_sec,1.141411765,1.128695652
NUS3008,PulseWidth_sec,1.141714286,1.118461538
NUS3008,PulseWidth_sec,1.198944444,1.192
NUS3008,PulseWidth_sec,1.197058824,1.198461538
NUS3008,PulseWidth_sec,1.215470588,1.205
NUS3008,PulseWidth_sec,1.191454545,1.183333333
NUS3008,PulseWidth_sec,1.234578947,1.238181818
NUS3008,PulseWidth_sec,1.174833333,1.122222222
NUS3008,PulseWidth_sec,1.3427,1.304
NUS3008,PulseWidth_sec,1.344875,1.3
NUS3008,PulseWidth_sec,1.310705882,1.282857143
NUS3008,PulseWidth_sec,1.404333333,1.322
NUS3008,CT_sec,0.17373913,0.188333333
NUS3008,CT_sec,0.174956522,0.191578947
NUS3008,CT_sec,0.178857143,0.221176471
NUS3008,CT_sec,0.178888889,0.227368421
NUS3008,CT_sec,0.172333333,0.189230769
NUS3008,CT_sec,0.170588235,0.183333333
NUS3008,CT_sec,0.1662,0.215238095
NUS3008,CT_sec,0.1675,0.21
NUS3008,CT_sec,0.166285714,0.208695652
NUS3008,CT_sec,0.175428571,0.181538462
NUS3008,CT_sec,0.177142857,0.186666667
NUS3008,CT_sec,0.1796,6.716178844
NUS3008,CT_sec,0.177411765,0.183636364
NUS3008,CT_sec,0.1764,0.18625
NUS3008,CT_sec,0.184571429,0.202222222
NUS3008,CT_sec,0.181052632,0.182
NUS3008,CT_sec,0.199631579,0.1875
NUS3008,CT_sec,0.198294118,0.188
NUS3008,CT_sec,0.203421053,0.205
NUS3008,CT_sec,0.1836875,0.249473684
NUS3008,dT_sec,0.305727273,0.28
NUS3008,dT_sec,0.3275,0.3
NUS3008,dT_sec,0.337714286,6.653787478
NUS3008,dT_sec,0.372176471,0.354285714
NUS3008,dT_sec,0.376333333,0.345882353
NUS3008,dT_sec,0.362666667,0.314736842
NUS3008,dT_sec,0.3595,0.305714286
NUS3008,dT_sec,0.362285714,0.305
NUS3008,dT_sec,0.370789474,0.338
NUS3008,dT_sec,0.377529412,0.322608696
NUS3008,dT_sec,0.346375,0.36
NUS3008,dT_sec,0.395222222,0.366153846
NUS3008,dT_sec,0.376894737,0.367777778
NUS3008,dT_sec,0.347166667,0.36
NUS3008,dT_sec,0.364076923,0.357142857
NUS3008,dT_sec,0.359444444,0.335
NUS3008,dT_sec,0.361368421,0.336470588
NUS3008,dT_sec,0.351,0.329090909
NUS3008,dT_sec,0.347157895,0.344
NUS3008,dT_sec,0.352789474,0.371428571
NUS3008,dT_samples,58.75,38.72727273
NUS3008,dT_samples,61.77777778,57
NUS3008,dT_samples,60.05,53.19047619
NUS3008,dT_samples,58.30769231,59.17647059
NUS3008,dT_samples,59.58333333,60.35714286
NUS3008,dT_samples,59,58.77777778
NUS3008,dT_samples,59.2,60.66666667
NUS3008,dT_samples,58.11111111,59.08333333
NUS3008,dT_samples,58,76.625
NUS3008,dT_samples,55.6875,58
NUS3008,dT_samples,59.5625,55.46666667
NUS3008,dT_samples,59.95,54.25
NUS3008,dT_samples,56.27777778,50.8
NUS3008,dT_samples,53.10526316,54.46153846
NUS3008,dT_samples,53.27777778,57.35714286
NUS3008,dT_samples,53.13333333,55.25
NUS3008,dT_samples,52.73333333,63.625
NUS3008,dT_samples,52,55.6
NUS3008,dT_samples,52.52941176,62.44444444
NUS3008,dT_samples,56.69230769,59.1875
NUS3008,CT_samples,37,43.30769231
NUS3008,CT_samples,32.375,34.54545455
NUS3008,CT_samples,28.64705882,34.85714286
NUS3008,CT_samples,29.55,37.55
NUS3008,CT_samples,30,37.18181818
NUS3008,CT_samples,29.91666667,43
NUS3008,CT_samples,27.61111111,30.08333333
NUS3008,CT_samples,27.71428571,36.5
NUS3008,CT_samples,31.77777778,32.5625
NUS3008,CT_samples,30.5,34.5
NUS3008,CT_samples,28.9,31.125
NUS3008,CT_samples,29.15789474,30.61111111
NUS3008,CT_samples,28.84210526,29.78571429
NUS3008,CT_samples,28.85714286,29.77777778
NUS3008,CT_samples,28.66666667,29.91666667
NUS3008,CT_samples,28.66666667,7.887081623
NUS3008,CT_samples,28.31578947,28.75
NUS3008,CT_samples,31.21428571,31.88888889
NUS3008,CT_samples,31.5,32.6
NUS3008,CT_samples,28.18181818,28
NUS3008,RI_ratio,0.438431503,0.916499902
NUS3008,RI_ratio,0.941970202,0.593981247
NUS3008,RI_ratio,0.428226497,0.794000634
NUS3008,RI_ratio,0.248134297,0.777467974
NUS3008,RI_ratio,0.325111645,0.865682795
NUS3008,RI_ratio,0.329116465,0.874276195
NUS3008,RI_ratio,0.261904326,0.762106317
NUS3008,RI_ratio,0.369095307,0.850652793
NUS3008,RI_ratio,0.388617437,0.787098703
NUS3008,RI_ratio,0.349588199,0.783850155
NUS3008,RI_ratio,0.333475833,0.794204152
NUS3008,RI_ratio,0.346089794,0.402312735
NUS3008,RI_ratio,0.429203337,0.714888548
NUS3008,RI_ratio,0.402388718,0.682387408
NUS3008,RI_ratio,0.566506694,0.836948828
NUS3008,RI_ratio,0.430167495,0.724608084
NUS3008,RI_ratio,0.374701768,0.693798245
NUS3008,RI_ratio,0.440282468,0.75756559
NUS3008,RI_ratio,0.396704645,0.740174141
NUS3008,RI_ratio,0.395420137,0.718131413
NUS3009,PulseWidth_sec,0.8359,0.880666667
NUS3009,PulseWidth_sec,0.851809524,0.836923077
NUS3009,PulseWidth_sec,0.949307692,0.951111111
NUS3009,PulseWidth_sec,1.057214286,1.0304
NUS3009,PulseWidth_sec,1.043454545,1.023846154
NUS3009,PulseWidth_sec,1.039529412,1.039166667
NUS3009,PulseWidth_sec,1.017083333,1.01
NUS3009,PulseWidth_sec,0.769,0.811851852
NUS3009,PulseWidth_sec,0.958095238,0.918461538
NUS3009,PulseWidth_sec,0.975454545,0.982857143
NUS3009,PulseWidth_sec,1.07,0.973333333
NUS3009,PulseWidth_sec,1.016391304,1.0144
NUS3009,PulseWidth_sec,0.987043478,0.987407407
NUS3009,PulseWidth_sec,1.0578,1.0536
NUS3009,PulseWidth_sec,1.010076923,1.046666667
NUS3009,PulseWidth_sec,1.012217391,1.018461538
NUS3009,PulseWidth_sec,1.049391304,1.056666667
NUS3009,PulseWidth_sec,0.95352381,0.951428571
NUS3009,PulseWidth_sec,0.846310345,0.844444444
NUS3009,PulseWidth_sec,1.062727273,1.02
NUS3009,CT_sec,0.18736,0.2
NUS3009,CT_sec,0.1884,0.2184
NUS3009,CT_sec,0.188647059,0.213076923
NUS3009,CT_sec,0.187941176,0.214166667
NUS3009,CT_sec,0.180846154,0.250434783
NUS3009,CT_sec,0.19125,0.255652174
NUS3009,CT_sec,0.188846154,0.236923077
NUS3009,CT_sec,0.19125,0.24962963
NUS3009,CT_sec,0.189869565,0.236296296
NUS3009,CT_sec,0.191384615,0.253846154
NUS3009,CT_sec,0.192192308,0.254814815
NUS3009,CT_sec,0.1922,0.251851852
NUS3009,CT_sec,0.19304,0.260769231
NUS3009,CT_sec,0.192038462,0.243076923
NUS3009,CT_sec,0.187045455,0.2584
NUS3009,CT_sec,0.18925,0.25
NUS3009,CT_sec,0.186913043,0.2848
NUS3009,CT_sec,0.18,0.2
NUS3009,CT_sec,0.189608696,0.243846154
NUS3009,CT_sec,0.186434783,0.254285714
NUS3009,dT_sec,0.1842,0.216
NUS3009,dT_sec,0.340333333,0.3128
NUS3009,dT_sec,0.320333333,0.293846154
NUS3009,dT_sec,0.3136,0.3048
NUS3009,dT_sec,0.307769231,0.257777778
NUS3009,dT_sec,0.341909091,0.298333333
NUS3009,dT_sec,0.33525,0.2784
NUS3009,dT_sec,0.33168,0.250769231
NUS3009,dT_sec,0.33226087,0.241538462
NUS3009,dT_sec,0.329416667,0.248888889
NUS3009,dT_sec,0.311,0.263333333
NUS3009,dT_sec,0.34188,0.2432
NUS3009,dT_sec,0.336909091,0.2625
NUS3009,dT_sec,0.351052632,0.240833333
NUS3009,dT_sec,0.308857143,0.305714286
NUS3009,dT_sec,0.167555556,0.301818182
NUS3009,dT_sec,0.300846154,0.23826087
NUS3009,dT_sec,0.305363636,0.3104
NUS3009,dT_sec,0.188125,0.255
NUS3009,dT_sec,0.2755,0.224444444
NUS3009,dT_samples,66.96,48.06896552
NUS3009,dT_samples,71,48.89655172
NUS3009,dT_samples,72.96296296,63.0952381
NUS3009,dT_samples,71.30769231,56.25925926
NUS3009,dT_samples,62.83333333,56.46153846
NUS3009,dT_samples,64.35294118,58.88461538
NUS3009,dT_samples,65.31578947,59.03846154
NUS3009,dT_samples,44.85714286,67.53333333
NUS3009,dT_samples,55.9,54.75
NUS3009,dT_samples,68.73333333,55.03846154
NUS3009,dT_samples,68.91666667,53.14814815
NUS3009,dT_samples,67.23076923,51.19230769
NUS3009,dT_samples,67.15384615,54.96153846
NUS3009,dT_samples,66.76,52.61538462
NUS3009,dT_samples,66.61538462,49.44444444
NUS3009,dT_samples,66.125,49.11538462
NUS3009,dT_samples,60.23809524,48.12
NUS3009,dT_samples,69.2,58.32142857
NUS3009,dT_samples,63.36363636,56.29166667
NUS3009,dT_samples,66.7826087,56.19230769
NUS3009,CT_samples,38.76470588,39.2
NUS3009,CT_samples,42.84615385,63.74193548
NUS3009,CT_samples,40.41176471,62.1
NUS3009,CT_samples,38.68181818,41.55555556
NUS3009,CT_samples,36.38461538,39.2
NUS3009,CT_samples,36.5,39.88
NUS3009,CT_samples,35.81818182,39.30769231
NUS3009,CT_samples,35.64705882,39.41666667
NUS3009,CT_samples,36.71428571,39.96
NUS3009,CT_samples,37.9047619,43.53846154
NUS3009,CT_samples,35.33333333,50.53846154
NUS3009,CT_samples,30,48.68421053
NUS3009,CT_samples,37.73076923,46.46153846
NUS3009,CT_samples,38.95833333,50.72222222
NUS3009,CT_samples,35.31818182,48.16666667
NUS3009,CT_samples,36.73684211,47.91304348
NUS3009,CT_samples,39.42857143,45.96428571
NUS3009,CT_samples,40.19230769,43.85185185
NUS3009,CT_samples,49.96296296,50.41176471
NUS3009,CT_samples,43.64,47
NUS3009,RI_ratio,0.655133549,0.900630157
NUS3009,RI_ratio,0.46889811,0.744283817
NUS3009,RI_ratio,0.499410797,0.783711071
NUS3009,RI_ratio,0.536306837,0.774701366
NUS3009,RI_ratio,0.481339775,0.768831872
NUS3009,RI_ratio,1.569817114,0.849049214
NUS3009,RI_ratio,0.696730485,0.905129879
NUS3009,RI_ratio,0.501344116,0.899124814
NUS3009,RI_ratio,0.539029356,0.902683738
NUS3009,RI_ratio,0.479298289,0.905544849
NUS3009,RI_ratio,0.491389994,0.913021982
NUS3009,RI_ratio,0.497691682,0.871307034
NUS3009,RI_ratio,0.492096003,0.859180935
NUS3009,RI_ratio,0.480074623,0.87097815
NUS3009,RI_ratio,0.505198945,0.882730925
NUS3009,RI_ratio,0.506603186,0.865624994
NUS3009,RI_ratio,0.637805024,0.864462832
NUS3009,RI_ratio,0.447169366,0.799510577
NUS3009,RI_ratio,0.511944812,0.689737492
NUS3009,RI_ratio,0.662689122,0.85523546
NUS3011,PulseWidth_sec,0.908107143,0.9275
NUS3011,PulseWidth_sec,0.948653846,0.942142857
NUS3011,PulseWidth_sec,0.904,0.913103448
NUS3011,PulseWidth_sec,0.848137931,0.846451613
NUS3011,PulseWidth_sec,0.825774194,0.824375
NUS3011,PulseWidth_sec,0.767742857,0.764705882
NUS3011,PulseWidth_sec,0.834870968,0.83875
NUS3011,PulseWidth_sec,0.877,0.878
NUS3011,PulseWidth_sec,0.903692308,0.90375
NUS3011,PulseWidth_sec,1.039642857,1.02
NUS3011,PulseWidth_sec,1.01028,1.011428571
NUS3011,PulseWidth_sec,0.969086957,0.976
NUS3011,PulseWidth_sec,0.973,0.948
NUS3011,PulseWidth_sec,0.946928571,0.922666667
NUS3011,PulseWidth_sec,0.970423077,0.969230769
NUS3011,PulseWidth_sec,0.961208333,0.952307692
NUS3011,PulseWidth_sec,0.915964286,0.922962963
NUS3011,PulseWidth_sec,0.952304348,0.938571429
NUS3011,PulseWidth_sec,0.982409091,0.967692308
NUS3011,PulseWidth_sec,0.95865,0.972307692
NUS3011,CT_sec,0.228318182,0.244444444
NUS3011,CT_sec,0.229681818,0.248333333
NUS3011,CT_sec,0.204571429,0.205217391
NUS3011,CT_sec,0.20455,0.244444444
NUS3011,CT_sec,0.208458333,0.2224
NUS3011,CT_sec,0.21975,0.199259259
NUS3011,CT_sec,0.198333333,0.200666667
NUS3011,CT_sec,0.190928571,0.192592593
NUS3011,CT_sec,0.208032258,0.21875
NUS3011,CT_sec,0.194387097,0.2
NUS3011,CT_sec,0.194190476,0.203333333
NUS3011,CT_sec,0.188954545,0.199130435
NUS3011,CT_sec,0.1912,0.196470588
NUS3011,CT_sec,0.183230769,0.192307692
NUS3011,CT_sec,0.183846154,0.193076923
NUS3011,CT_sec,0.210913043,0.205454545
NUS3011,CT_sec,0.191826087,0.2075
NUS3011,CT_sec,0.192214286,0.207096774
NUS3011,CT_sec,0.207466667,0.225714286
NUS3011,CT_sec,0.197636364,0.223076923
NUS3011,dT_sec,0.286,0.241333333
NUS3011,dT_sec,0.299,0.282758621
NUS3011,dT_sec,0.30626087,0.293636364
NUS3011,dT_sec,0.3074,0.293846154
NUS3011,dT_sec,0.32476,0.284615385
NUS3011,dT_sec,0.309684211,0.299
NUS3011,dT_sec,0.31344,0.298
NUS3011,dT_sec,0.3135,0.2968
NUS3011,dT_sec,0.317153846,0.3
NUS3011,dT_sec,0.284190476,0.244166667
NUS3011,dT_sec,0.291461538,0.272
NUS3011,dT_sec,0.283222222,0.275714286
NUS3011,dT_sec,0.2895,0.273846154
NUS3011,dT_sec,0.278,0.286363636
NUS3011,dT_sec,0.322294118,0.302608696
NUS3011,dT_sec,0.28490625,0.261212121
NUS3011,dT_sec,0.310448276,0.264
NUS3011,dT_sec,0.3228,0.276521739
NUS3011,dT_sec,0.268,0.262307692
NUS3011,dT_sec,0.29075,0.2536
NUS3011,dT_samples,51.71428571,60.4
NUS3011,dT_samples,52.68181818,48.16666667
NUS3011,dT_samples,63.61538462,58.89473684
NUS3011,dT_samples,64.04761905,61.71428571
NUS3011,dT_samples,70.78125,63.8125
NUS3011,dT_samples,66.59259259,59.1
NUS3011,dT_samples,60.625,56.15384615
NUS3011,dT_samples,62.20833333,56.54166667
NUS3011,dT_samples,63.09090909,56.52631579
NUS3011,dT_samples,61.8,63.16
NUS3011,dT_samples,65.40740741,65.62962963
NUS3011,dT_samples,63.08333333,63.64
NUS3011,dT_samples,63.08695652,54
NUS3011,dT_samples,60.92592593,57.85714286
NUS3011,dT_samples,47.8,56.41176471
NUS3011,dT_samples,59.69230769,56.67857143
NUS3011,dT_samples,52.80952381,53.94736842
NUS3011,dT_samples,69.62068966,57.66666667
NUS3011,dT_samples,43.85714286,54.34615385
NUS3011,dT_samples,56.3,50.4
NUS3011,CT_samples,45.45,41.71428571
NUS3011,CT_samples,43.03703704,40.72413793
NUS3011,CT_samples,43.73076923,39.25
NUS3011,CT_samples,42.18181818,39.92307692
NUS3011,CT_samples,41.67857143,39
NUS3011,CT_samples,37.52631579,39.09090909
NUS3011,CT_samples,37.4,39.15
NUS3011,CT_samples,36.66666667,38.3
NUS3011,CT_samples,35.84615385,36.72
NUS3011,CT_samples,35.76,36.45
NUS3011,CT_samples,36.05882353,36.31578947
NUS3011,CT_samples,36.875,36.94444444
NUS3011,CT_samples,37.92,37
NUS3011,CT_samples,40.80769231,40.2962963
NUS3011,CT_samples,39.80952381,38.85714286
NUS3011,CT_samples,41.13043478,39.31818182
NUS3011,CT_samples,42.80769231,41.14814815
NUS3011,CT_samples,46.93548387,47.375
NUS3011,CT_samples,41.35714286,49.25
NUS3011,CT_samples,37.06666667,44.70833333
NUS3011,RI_ratio,0.667152544,0.76182992
NUS3011,RI_ratio,0.615024631,0.73126002
NUS3011,RI_ratio,0.504587291,0.701852343
NUS3011,RI_ratio,0.497831397,0.744978865
NUS3011,RI_ratio,0.616845021,0.769926234
NUS3011,RI_ratio,0.47636139,0.744137446
NUS3011,RI_ratio,0.600993892,0.804972744
NUS3011,RI_ratio,0.447169509,0.723926687
NUS3011,RI_ratio,0.651996941,0.846337612
NUS3011,RI_ratio,0.521883592,0.792500453
NUS3011,RI_ratio,0.415763562,0.724122275
NUS3011,RI_ratio,0.455732458,0.744123414
NUS3011,RI_ratio,0.421704613,0.723190719
NUS3011,RI_ratio,0.611218688,0.768312998
NUS3011,RI_ratio,0.472181462,0.708412604
NUS3011,RI_ratio,0.493204577,0.691368074
NUS3011,RI_ratio,0.744136216,0.749681988
NUS3011,RI_ratio,0.659219842,0.797114443
NUS3011,RI_ratio,0.663875385,0.812078169
NUS3011,RI_ratio,0.585378774,0.754743329
NUS3012,PulseWidth_sec,0.994421053,1.002857143
NUS3012,PulseWidth_sec,0.937333333,0.946153846
NUS3012,PulseWidth_sec,0.965588235,0.963333333
NUS3012,PulseWidth_sec,0.935,0.909
NUS3012,PulseWidth_sec,0.95265,0.94
NUS3012,PulseWidth_sec,0.992529412,0.961052632
NUS3012,PulseWidth_sec,0.984125,0.955
NUS3012,PulseWidth_sec,1.019941176,1.0144
NUS3012,PulseWidth_sec,1.013846154,1.022608696
NUS3012,PulseWidth_sec,1.035565217,1.043157895
NUS3012,PulseWidth_sec,1.0782,1.06
NUS3012,PulseWidth_sec,1.0863,1.06173913
NUS3012,PulseWidth_sec,1.0806,1.070588235
NUS3012,PulseWidth_sec,1.129333333,1.11125
NUS3012,PulseWidth_sec,1.105347826,1.102608696
NUS3012,PulseWidth_sec,1.114565217,1.112173913
NUS3012,PulseWidth_sec,1.166545455,1.120952381
NUS3012,PulseWidth_sec,1.081388889,1.061538462
NUS3012,PulseWidth_sec,1.113409091,1.105217391
NUS3012,PulseWidth_sec,1.129727273,1.129090909
NUS3012,CT_sec,0.194352941,0.27
NUS3012,CT_sec,0.250333333,0.276
NUS3012,CT_sec,0.169923077,0.243809524
NUS3012,CT_sec,0.194846154,0.250833333
NUS3012,CT_sec,0.182,0.258181818
NUS3012,CT_sec,0.21152381,0.264444444
NUS3012,CT_sec,0.268481481,0.299
NUS3012,CT_sec,0.249076923,0.296521739
NUS3012,CT_sec,0.23715,0.308333333
NUS3012,CT_sec,0.26426087,0.307368421
NUS3012,CT_sec,0.258227273,0.318181818
NUS3012,CT_sec,0.253434783,0.298333333
NUS3012,CT_sec,0.2715,0.2925
NUS3012,CT_sec,0.269409091,0.304347826
NUS3012,CT_sec,0.285875,0.3144
NUS3012,CT_sec,0.309636364,0.315238095
NUS3012,CT_sec,0.305588235,0.301111111
NUS3012,CT_sec,0.298571429,0.315555556
NUS3012,CT_sec,0.310590909,0.322608696
NUS3012,CT_sec,0.271826087,0.304166667
NUS3012,dT_sec,0.26432,0.228333333
NUS3012,dT_sec,0.3374375,0.292307692
NUS3012,dT_sec,0.357,0.275384615
NUS3012,dT_sec,0.335444444,0.26
NUS3012,dT_sec,0.319785714,0.2176
NUS3012,dT_sec,0.2905,0.22
NUS3012,dT_sec,0.311333333,0.231538462
NUS3012,dT_sec,0.305705882,0.227272727
NUS3012,dT_sec,0.287347826,0.261666667
NUS3012,dT_sec,0.248391304,0.226086957
NUS3012,dT_sec,0.233846154,0.245
NUS3012,dT_sec,0.253133333,0.329090909
NUS3012,dT_sec,0.263714286,0.295652174
NUS3012,dT_sec,0.25,0.270833333
NUS3012,dT_sec,0.24695,0.26
NUS3012,dT_sec,0.23875,0.278461538
NUS3012,dT_sec,0.247045455,0.275652174
NUS3012,dT_sec,0.286428571,0.298
NUS3012,dT_sec,0.248923077,0.228461538
NUS3012,dT_sec,0.2505,0.306363636
NUS3012,dT_samples,53.69565217,57
NUS3012,dT_samples,58.875,47.0625
NUS3012,dT_samples,68.82352941,55.5
NUS3012,dT_samples,72.57142857,56.12
NUS3012,dT_samples,62.76470588,46.31578947
NUS3012,dT_samples,60.64,43.73913043
NUS3012,dT_samples,64.26086957,50.73684211
NUS3012,dT_samples,59.45454545,50.17647059
NUS3012,dT_samples,55.16666667,43.91666667
NUS3012,dT_samples,52.69565217,46.66666667
NUS3012,dT_samples,50.29166667,50.72
NUS3012,dT_samples,43.95833333,45.72727273
NUS3012,dT_samples,44.83333333,52.55555556
NUS3012,dT_samples,44.25,41.04347826
NUS3012,dT_samples,43.34782609,41.7826087
NUS3012,dT_samples,44.89473684,49.91666667
NUS3012,dT_samples,41,57.33333333
NUS3012,dT_samples,46.81818182,54.91304348
NUS3012,dT_samples,48.41176471,50.79166667
NUS3012,dT_samples,42.61904762,47.68181818
NUS3012,CT_samples,35.38461538,49.04761905
NUS3012,CT_samples,42.63157895,53.30769231
NUS3012,CT_samples,54.92592593,60.75
NUS3012,CT_samples,40.23076923,60.3
NUS3012,CT_samples,53.92,59.17391304
NUS3012,CT_samples,46.38888889,59.08695652
NUS3012,CT_samples,55.66666667,58.2173913
NUS3012,CT_samples,39.125,52.90909091
NUS3012,CT_samples,44.91666667,55.29166667
NUS3012,CT_samples,44.35,53.43478261
NUS3012,CT_samples,52.04545455,53.45
NUS3012,CT_samples,44,52.78947368
NUS3012,CT_samples,53.46153846,58.625
NUS3012,CT_samples,52.63636364,54.28571429
NUS3012,CT_samples,57.69565217,61
NUS3012,CT_samples,53.7,53.61904762
NUS3012,CT_samples,56.17391304,57.04
NUS3012,CT_samples,53.95454545,54.08695652
NUS3012,CT_samples,53.30434783,54.26086957
NUS3012,CT_samples,52.9375,57.57142857
NUS3012,RI_ratio,4.316475473,0.702709795
NUS3012,RI_ratio,0.727426466,0.686180098
NUS3012,RI_ratio,0.562915062,0.805957041
NUS3012,RI_ratio,0.608849303,0.812182439
NUS3012,RI_ratio,0.604834786,0.785705745
NUS3012,RI_ratio,0.58744069,0.790579935
NUS3012,RI_ratio,0.535981769,0.794463841
NUS3012,RI_ratio,0.417943345,0.678044685
NUS3012,RI_ratio,0.684438175,0.772895952
NUS3012,RI_ratio,0.662081317,0.776842564
NUS3012,RI_ratio,0.639591184,0.841261476
NUS3012,RI_ratio,0.715037032,0.85076763
NUS3012,RI_ratio,11.89177492,0.865374089
NUS3012,RI_ratio,0.75032881,2.869716105
NUS3012,RI_ratio,0.748068077,0.825366439
NUS3012,RI_ratio,0.723495339,0.781506091
NUS3012,RI_ratio,0.721085328,0.772906468
NUS3012,RI_ratio,0.650782928,0.805453632
NUS3012,RI_ratio,0.638958432,0.769353464
NUS3012,RI_ratio,0.614860317,0.768532411
NUS3013,PulseWidth_sec,0.778764706,0.781714286
NUS3013,PulseWidth_sec,0.767857143,0.769142857
NUS3013,PulseWidth_sec,0.7866875,0.809375
NUS3013,PulseWidth_sec,0.7928,0.79875
NUS3013,PulseWidth_sec,0.759888889,0.76
NUS3013,PulseWidth_sec,0.77921875,0.781714286
NUS3013,PulseWidth_sec,0.778727273,0.781764706
NUS3013,PulseWidth_sec,0.776352941,0.776
NUS3013,PulseWidth_sec,0.781941176,0.778823529
NUS3013,PulseWidth_sec,0.757222222,0.762777778
NUS3013,PulseWidth_sec,0.75934375,0.758857143
NUS3013,PulseWidth_sec,0.735694444,0.738378378
NUS3013,PulseWidth_sec,0.8129375,0.816969697
NUS3013,PulseWidth_sec,0.922538462,0.924285714
NUS3013,PulseWidth_sec,0.849481481,0.8225
NUS3013,PulseWidth_sec,0.8432,0.84
NUS3013,PulseWidth_sec,0.842863636,0.846666667
NUS3013,PulseWidth_sec,1.027666667,1.024210526
NUS3013,PulseWidth_sec,1.084434783,1.035
NUS3013,PulseWidth_sec,1.161,1.1425
NUS3013,CT_sec,0.216,0.254285714
NUS3013,CT_sec,0.205931034,0.221176471
NUS3013,CT_sec,0.204257143,0.22
NUS3013,CT_sec,0.201941176,0.218235294
NUS3013,CT_sec,0.199724138,0.2225
NUS3013,CT_sec,0.1998,0.222285714
NUS3013,CT_sec,0.198222222,0.2
NUS3013,CT_sec,0.173764706,0.174705882
NUS3013,CT_sec,0.17232,0.179393939
NUS3013,CT_sec,0.173333333,0.18
NUS3013,CT_sec,0.168888889,0.1725
NUS3013,CT_sec,0.202428571,0.22173913
NUS3013,CT_sec,0.175259259,0.178461538
NUS3013,CT_sec,0.169571429,0.174285714
NUS3013,CT_sec,0.168551724,0.177142857
NUS3013,CT_sec,0.178352941,0.171428571
NUS3013,CT_sec,0.196833333,0.22
NUS3013,CT_sec,0.188904762,0.203846154
NUS3013,CT_sec,0.188904762,0.18
NUS3013,CT_sec,0.1896,0.18
NUS3013,dT_sec,0.31390625,0.220588235
NUS3013,dT_sec,0.308085714,0.273714286
NUS3013,dT_sec,0.313529412,0.282941176
NUS3013,dT_sec,0.31185,0.29483871
NUS3013,dT_sec,0.31825,0.301935484
NUS3013,dT_sec,0.3235,0.306285714
NUS3013,dT_sec,0.325857143,0.308
NUS3013,dT_sec,0.307114286,0.288
NUS3013,dT_sec,0.192923077,0.3176
NUS3013,dT_sec,0.348090909,0.318125
NUS3013,dT_sec,0.216111111,0.31625
NUS3013,dT_sec,0.300851852,0.284666667
NUS3013,dT_sec,0.220307692,0.327142857
NUS3013,dT_sec,0.307033333,0.32
NUS3013,dT_sec,0.234956522,0.322666667
NUS3013,dT_sec,0.229384615,0.32
NUS3013,dT_sec,0.349862069,0.34
NUS3013,dT_sec,0.350034483,0.338888889
NUS3013,dT_sec,0.341217391,0.34
NUS3013,dT_sec,0.332545455,0.248461538
NUS3013,dT_samples,45.5862069,61.14705882
NUS3013,dT_samples,78.06666667,61.03030303
NUS3013,dT_samples,81.94117647,76.26470588
NUS3013,dT_samples,81.12903226,76.79411765
NUS3013,dT_samples,84.08571429,77.28571429
NUS3013,dT_samples,84.6,77.02941176
NUS3013,dT_samples,84.11764706,77.67647059
NUS3013,dT_samples,83.42857143,76.31428571
NUS3013,dT_samples,82.86363636,70.5625
NUS3013,dT_samples,77.21875,70.9375
NUS3013,dT_samples,48.19230769,78.92
NUS3013,dT_samples,84.80645161,75.62962963
NUS3013,dT_samples,47.92307692,73.21428571
NUS3013,dT_samples,69.10344828,72.625
NUS3013,dT_samples,75.51724138,73.57142857
NUS3013,dT_samples,75.51724138,73.9375
NUS3013,dT_samples,61,65.08333333
NUS3013,dT_samples,63.2173913,67.41666667
NUS3013,dT_samples,66.41666667,59.48
NUS3013,dT_samples,69.42857143,69.2
NUS3013,CT_samples,50.875,65.81481481
NUS3013,CT_samples,46.9,59.11764706
NUS3013,CT_samples,45.7037037,60.06060606
NUS3013,CT_samples,52.19230769,55.03448276
NUS3013,CT_samples,49.03225806,53.87878788
NUS3013,CT_samples,51.88235294,54.29411765
NUS3013,CT_samples,50.44117647,53.08823529
NUS3013,CT_samples,51.11111111,54.3030303
NUS3013,CT_samples,50.43333333,54.32352941
NUS3013,CT_samples,50.46666667,53.85294118
NUS3013,CT_samples,52.25,54.6
NUS3013,CT_samples,52.5,51.22857143
NUS3013,CT_samples,42.08823529,42.125
NUS3013,CT_samples,40,37.58823529
NUS3013,CT_samples,39,37.05263158
NUS3013,CT_samples,37.15,35.8125
NUS3013,CT_samples,36.62068966,37.07142857
NUS3013,CT_samples,37.5,37.71428571
NUS3013,CT_samples,36.75,36.88235294
NUS3013,CT_samples,35.85,37.625
NUS3013,RI_ratio,0.780212321,0.794081549
NUS3013,RI_ratio,0.465332627,0.816498868
NUS3013,RI_ratio,0.500569861,0.719658504
NUS3013,RI_ratio,0.480392521,0.73016988
NUS3013,RI_ratio,0.457652299,0.686716487
NUS3013,RI_ratio,0.426033543,0.661320006
NUS3013,RI_ratio,0.511302708,0.734414031
NUS3013,RI_ratio,0.520379218,0.732376506
NUS3013,RI_ratio,0.411096845,0.716855271
NUS3013,RI_ratio,0.555139529,0.736670678
NUS3013,RI_ratio,0.465769474,0.680060961
NUS3013,RI_ratio,0.301336671,0.567401635
NUS3013,RI_ratio,0.484408315,0.671967455
NUS3013,RI_ratio,0.515973288,0.750936468
NUS3013,RI_ratio,0.50670921,0.732969796
NUS3013,RI_ratio,1.239886708,0.63463716
NUS3013,RI_ratio,0.505720879,0.690204938
NUS3013,RI_ratio,0.60413632,0.660517275
NUS3013,RI_ratio,0.559433959,0.618154546
NUS3013,RI_ratio,0.52778408,0.831162946
NUS3014,PulseWidth_sec,1.107434783,1.109565217
NUS3014,PulseWidth_sec,1.0778,1.073333333
NUS3014,PulseWidth_sec,1.045941176,1.04173913
NUS3014,PulseWidth_sec,0.901827586,0.897272727
NUS3014,PulseWidth_sec,0.893517241,0.896551724
NUS3014,PulseWidth_sec,0.889846154,0.891724138
NUS3014,PulseWidth_sec,0.885791667,0.887333333
NUS3014,PulseWidth_sec,0.8893,0.893103448
NUS3014,PulseWidth_sec,0.930947368,0.928148148
NUS3014,PulseWidth_sec,0.850517241,0.854193548
NUS3014,PulseWidth_sec,0.86,0.857419355
NUS3014,PulseWidth_sec,0.83440625,0.8375
NUS3014,PulseWidth_sec,0.883357143,0.900689655
NUS3014,PulseWidth_sec,0.910821429,0.911724138
NUS3014,PulseWidth_sec,0.897413793,0.9
NUS3014,PulseWidth_sec,0.923517241,0.920952381
NUS3014,PulseWidth_sec,0.99348,0.998461538
NUS3014,PulseWidth_sec,0.996,0.998461538
NUS3014,PulseWidth_sec,0.972884615,0.971111111
NUS3014,PulseWidth_sec,0.904259259,0.909166667
NUS3014,CT_sec,0.220916667,0.303478261
NUS3014,CT_sec,0.215266667,0.309565217
NUS3014,CT_sec,0.217238095,0.321666667
NUS3014,CT_sec,0.28625,0.308333333
NUS3014,CT_sec,0.201866667,0.282
NUS3014,CT_sec,0.192166667,0.294814815
NUS3014,CT_sec,0.206066667,0.263636364
NUS3014,CT_sec,0.2255,0.296
NUS3014,CT_sec,0.252538462,0.302857143
NUS3014,CT_sec,0.22825,0.302758621
NUS3014,CT_sec,0.218809524,0.293103448
NUS3014,CT_sec,0.220928571,0.267586207
NUS3014,CT_sec,0.226,0.266896552
NUS3014,CT_sec,0.213666667,0.26
NUS3014,CT_sec,0.206285714,0.269285714
NUS3014,CT_sec,0.21244,0.291538462
NUS3014,CT_sec,0.215909091,0.283846154
NUS3014,CT_sec,0.213666667,0.280769231
NUS3014,CT_sec,0.232615385,0.308888889
NUS3014,CT_sec,0.213,0.3
NUS3014,dT_sec,0.254533333,0.31826087
NUS3014,dT_sec,0.310347826,0.29826087
NUS3014,dT_sec,0.313347826,0.213333333
NUS3014,dT_sec,0.344578947,0.225833333
NUS3014,dT_sec,0.24575,0.240869565
NUS3014,dT_sec,0.326782609,0.218333333
NUS3014,dT_sec,0.331166667,0.2275
NUS3014,dT_sec,0.34595,0.229166667
NUS3014,dT_sec,0.301571429,0.24
NUS3014,dT_sec,0.320724138,0.237931034
NUS3014,dT_sec,0.316733333,0.252
NUS3014,dT_sec,0.310555556,0.235
NUS3014,dT_sec,0.293869565,0.209285714
NUS3014,dT_sec,0.303413793,0.212258065
NUS3014,dT_sec,0.309483871,0.219354839
NUS3014,dT_sec,0.287107143,0.20137931
NUS3014,dT_sec,0.298466667,0.242
NUS3014,dT_sec,0.299814815,0.244827586
NUS3014,dT_sec,0.296961538,0.208571429
NUS3014,dT_sec,0.305740741,0.201481481
NUS3014,dT_samples,43,56.46666667
NUS3014,dT_samples,47.40909091,51.30434783
NUS3014,dT_samples,60.17391304,39.125
NUS3014,dT_samples,64.65,38.45833333
NUS3014,dT_samples,64.66666667,42.16666667
NUS3014,dT_samples,65.5,50.37931034
NUS3014,dT_samples,70.7,51.23333333
NUS3014,dT_samples,70.17241379,50.62068966
NUS3014,dT_samples,70.79310345,47.86666667
NUS3014,dT_samples,68.31034483,48.03448276
NUS3014,dT_samples,65.68,47.14285714
NUS3014,dT_samples,66.96153846,47.31034483
NUS3014,dT_samples,72.46875,51.28125
NUS3014,dT_samples,64,44.4137931
NUS3014,dT_samples,65.88,51.96551724
NUS3014,dT_samples,65.93103448,54.24137931
NUS3014,dT_samples,64.67857143,50.48275862
NUS3014,dT_samples,67.13793103,55.72413793
NUS3014,dT_samples,65.2,47.73076923
NUS3014,dT_samples,65.03703704,51.84615385
NUS3014,CT_samples,50.26315789,56.33333333
NUS3014,CT_samples,40.91304348,54.5
NUS3014,CT_samples,38.53333333,54.26086957
NUS3014,CT_samples,38.73684211,54.875
NUS3014,CT_samples,45.16666667,58.47826087
NUS3014,CT_samples,40.22727273,57.375
NUS3014,CT_samples,48.68965517,63.36363636
NUS3014,CT_samples,44.65517241,60.37931034
NUS3014,CT_samples,43.85714286,62.43333333
NUS3014,CT_samples,51.0952381,62.91176471
NUS3014,CT_samples,48.4516129,65.25806452
NUS3014,CT_samples,48.13793103,63.74193548
NUS3014,CT_samples,42.24,66.03448276
NUS3014,CT_samples,50.42857143,65.67741935
NUS3014,CT_samples,46.89285714,58.68965517
NUS3014,CT_samples,42.46153846,56.76
NUS3014,CT_samples,43.07407407,55.69230769
NUS3014,CT_samples,42.88461538,55.48148148
NUS3014,CT_samples,46.03703704,61.07142857
NUS3014,CT_samples,45.89285714,64.25
NUS3014,RI_ratio,0.625157564,0.866210632
NUS3014,RI_ratio,0.661559042,0.851546465
NUS3014,RI_ratio,0.62756125,0.874209605
NUS3014,RI_ratio,0.613416364,0.878707736
NUS3014,RI_ratio,0.581707294,0.881277445
NUS3014,RI_ratio,0.592945074,0.84011831
NUS3014,RI_ratio,0.624211821,0.889257843
NUS3014,RI_ratio,0.6575859,0.917602901
NUS3014,RI_ratio,0.615334141,0.856334346
NUS3014,RI_ratio,0.621006272,0.928650048
NUS3014,RI_ratio,0.655122984,0.900217806
NUS3014,RI_ratio,0.639366431,0.873348055
NUS3014,RI_ratio,0.633406822,0.857426573
NUS3014,RI_ratio,0.616499802,0.861146041
NUS3014,RI_ratio,0.615598447,0.847700177
NUS3014,RI_ratio,0.594077373,0.842872792
NUS3014,RI_ratio,0.609819494,0.834212399
NUS3014,RI_ratio,0.621508109,0.908850722
NUS3014,RI_ratio,0.619800981,0.882567451
NUS3014,RI_ratio,0.587980158,0.851760637
NUS3015,PulseWidth_sec,1.158,1.104
NUS3015,PulseWidth_sec,1.0420625,1.066363636
NUS3015,PulseWidth_sec,0.980961538,0.9896
NUS3015,PulseWidth_sec,1.049705882,1.058947368
NUS3015,PulseWidth_sec,1.01425,1.008235294
NUS3015,PulseWidth_sec,0.990923077,0.988461538
NUS3015,PulseWidth_sec,1.117235294,1.114285714
NUS3015,PulseWidth_sec,1.117058824,1.126363636
NUS3015,PulseWidth_sec,1.113454545,1.018571429
NUS3015,PulseWidth_sec,1.073458333,1.074782609
NUS3015,PulseWidth_sec,1.067181818,1.07
NUS3015,PulseWidth_sec,1.058285714,1.032
NUS3015,PulseWidth_sec,1.061789474,1.0475
NUS3015,PulseWidth_sec,1.118888889,1.08
NUS3015,PulseWidth_sec,1.064956522,1.05
NUS3015,PulseWidth_sec,1.082956522,1.086666667
NUS3015,PulseWidth_sec,0.897875,0.836
NUS3015,PulseWidth_sec,1.1185,1.129473684
NUS3015,PulseWidth_sec,1.148,1.071111111
NUS3015,PulseWidth_sec,1.021,0.996923077
NUS3015,CT_sec,0.186777778,0.184
NUS3015,CT_sec,0.185608696,0.249090909
NUS3015,CT_sec,0.1868,0.249565217
NUS3015,CT_sec,0.186,0.198
NUS3015,CT_sec,0.192928571,0.231538462
NUS3015,CT_sec,0.1905,0.227826087
NUS3015,CT_sec,0.191058824,0.227619048
NUS3015,CT_sec,0.1904375,0.221
NUS3015,CT_sec,0.190315789,0.217142857
NUS3015,CT_sec,0.1825,0.209090909
NUS3015,CT_sec,0.18926087,0.254545455
NUS3015,CT_sec,0.185142857,0.215789474
NUS3015,CT_sec,0.183,0.214166667
NUS3015,CT_sec,0.182315789,0.256
NUS3015,CT_sec,0.1859,0.261052632
NUS3015,CT_sec,0.1665,0.24
NUS3015,CT_sec,0.191652174,0.233
NUS3015,CT_sec,0.182133333,0.217142857
NUS3015,CT_sec,0.18725,0.235384615
NUS3015,CT_sec,0.169,0.253333333
NUS3015,dT_sec,0.326466667,0.338095238
NUS3015,dT_sec,0.320708333,0.301666667
NUS3015,dT_sec,0.338526316,0.2984
NUS3015,dT_sec,0.335454545,0.2925
NUS3015,dT_sec,0.3155,0.323333333
NUS3015,dT_sec,0.334,0.34
NUS3015,dT_sec,0.333647059,0.342105263
NUS3015,dT_sec,0.339619048,0.345217391
NUS3015,dT_sec,0.326,0.338
NUS3015,dT_sec,0.33265,0.3325
NUS3015,dT_sec,0.33072,0.3056
NUS3015,dT_sec,0.3462,0.3104
NUS3015,dT_sec,0.349684211,0.313333333
NUS3015,dT_sec,0.358210526,0.354166667
NUS3015,dT_sec,0.3341,0.323076923
NUS3015,dT_sec,0.343315789,0.2784
NUS3015,dT_sec,0.345,0.29
NUS3015,dT_sec,0.341666667,0.325333333
NUS3015,dT_sec,0.586,0.33
NUS3015,dT_sec,0.322625,0.318461538
NUS3015,dT_samples,65.21052632,55.44
NUS3015,dT_samples,64.14285714,52.91666667
NUS3015,dT_samples,58.9047619,57.24
NUS3015,dT_samples,64.26315789,64.75
NUS3015,dT_samples,64.26923077,58.26923077
NUS3015,dT_samples,64,57.39130435
NUS3015,dT_samples,62.25,64.47058824
NUS3015,dT_samples,62,61.63157895
NUS3015,dT_samples,60,59.09090909
NUS3015,dT_samples,63.61111111,60.66666667
NUS3015,dT_samples,55,57.375
NUS3015,dT_samples,57.5,48.04761905
NUS3015,dT_samples,53.88888889,53.625
NUS3015,dT_samples,64.15789474,57.31818182
NUS3015,dT_samples,53,55.125
NUS3015,dT_samples,64.625,55.4
NUS3015,dT_samples,64.375,87
NUS3015,dT_samples,64.05882353,70.13333333
NUS3015,dT_samples,61.2,76.4
NUS3015,dT_samples,61.47619048,66.94736842
NUS3015,CT_samples,28.25,35
NUS3015,CT_samples,35,44.875
NUS3015,CT_samples,34.3,46.65
NUS3015,CT_samples,35.81818182,47.08333333
NUS3015,CT_samples,35.875,46.29166667
NUS3015,CT_samples,36.56521739,37.95833333
NUS3015,CT_samples,36.80952381,36.82608696
NUS3015,CT_samples,30,37.625
NUS3015,CT_samples,37.42105263,45.04166667
NUS3015,CT_samples,34.94444444,40.5
NUS3015,CT_samples,33.0625,35.94444444
NUS3015,CT_samples,33.28571429,38
NUS3015,CT_samples,35.1,39.65
NUS3015,CT_samples,34.04761905,45.66666667
NUS3015,CT_samples,38.29166667,49.73913043
NUS3015,CT_samples,37.45,48.28571429
NUS3015,CT_samples,34.81818182,46.76190476
NUS3015,CT_samples,34.1875,39.5
NUS3015,CT_samples,36.78571429,41.9375
NUS3015,CT_samples,35,38.94444444
NUS3015,RI_ratio,0.52756709,0.80636908
NUS3015,RI_ratio,0.43950411,0.925238639
NUS3015,RI_ratio,0.409649041,0.874528711
NUS3015,RI_ratio,0.403971997,0.840550592
NUS3015,RI_ratio,0.588379836,0.863952523
NUS3015,RI_ratio,0.459099192,0.764049502
NUS3015,RI_ratio,0.49923854,0.715987253
NUS3015,RI_ratio,0.38679469,0.628371282
NUS3015,RI_ratio,0.381450233,0.785117203
NUS3015,RI_ratio,0.415217072,0.859725552
NUS3015,RI_ratio,0.433001235,0.836568358
NUS3015,RI_ratio,0.522377482,0.919610165
NUS3015,RI_ratio,0.5244346,0.871128533
NUS3015,RI_ratio,0.351224484,0.867966059
NUS3015,RI_ratio,0.390319014,0.876933824
NUS3015,RI_ratio,0.411179271,0.85334001
NUS3015,RI_ratio,0.405599517,0.887932618
NUS3015,RI_ratio,0.401944858,0.881413157
NUS3015,RI_ratio,0.480686451,0.932029772
NUS3015,RI_ratio,0.479932697,0.796242742
NUS3016,PulseWidth_sec,0.939608696,0.926666667
NUS3016,PulseWidth_sec,0.929703704,0.917894737
NUS3016,PulseWidth_sec,0.931714286,0.933846154
NUS3016,PulseWidth_sec,0.94247619,0.941333333
NUS3016,PulseWidth_sec,0.973,0.968888889
NUS3016,PulseWidth_sec,1.1025,1.066153846
NUS3016,PulseWidth_sec,1.072,1.0025
NUS3016,PulseWidth_sec,1.01825,1.01
NUS3016,PulseWidth_sec,1.070714286,1.047826087
NUS3016,PulseWidth_sec,1.068,1.02
NUS3016,PulseWidth_sec,1.1273,1.06875
NUS3016,PulseWidth_sec,0.995136364,1.005714286
NUS3016,PulseWidth_sec,1.028708333,1.020952381
NUS3016,PulseWidth_sec,1.016052632,1.011666667
NUS3016,PulseWidth_sec,1.005038462,1.0048
NUS3016,PulseWidth_sec,1.019,1.005
NUS3016,PulseWidth_sec,1.103944444,1.07
NUS3016,PulseWidth_sec,1.0249375,0.98
NUS3016,PulseWidth_sec,0.981105263,0.928
NUS3016,PulseWidth_sec,0.9170625,0.89
NUS3016,CT_sec,0.177666667,0.177272727
NUS3016,CT_sec,0.179555556,0.253846154
NUS3016,CT_sec,0.178956522,0.172222222
NUS3016,CT_sec,0.186458333,0.236521739
NUS3016,CT_sec,0.184636364,0.196363636
NUS3016,CT_sec,0.182785714,0.188888889
NUS3016,CT_sec,0.1816,0.195
NUS3016,CT_sec,0.180769231,0.193636364
NUS3016,CT_sec,0.186,0.260833333
NUS3016,CT_sec,0.186608696,0.255
NUS3016,CT_sec,0.180695652,0.222962963
NUS3016,CT_sec,0.180090909,0.212857143
NUS3016,CT_sec,0.178666667,0.194782609
NUS3016,CT_sec,0.171875,0.172727273
NUS3016,CT_sec,0.1764,0.178461538
NUS3016,CT_sec,0.185235294,0.194285714
NUS3016,CT_sec,0.1845625,0.226666667
NUS3016,CT_sec,0.183928571,0.307058824
NUS3016,CT_sec,0.1792,0.247368421
NUS3016,CT_sec,0.183619048,0.28
NUS3016,dT_sec,0.309368421,0.263333333
NUS3016,dT_sec,0.28125,0.289090909
NUS3016,dT_sec,0.312428571,0.333333333
NUS3016,dT_sec,0.333904762,0.32
NUS3016,dT_sec,0.297142857,0.324444444
NUS3016,dT_sec,0.244818182,0.32
NUS3016,dT_sec,0.3376,0.32875
NUS3016,dT_sec,0.332631579,0.343333333
NUS3016,dT_sec,0.346391304,0.3375
NUS3016,dT_sec,0.3589,0.265
NUS3016,dT_sec,0.348173913,0.29
NUS3016,dT_sec,0.27565,0.2584
NUS3016,dT_sec,0.316,0.331428571
NUS3016,dT_sec,0.24975,0.316
NUS3016,dT_sec,0.3385,0.32
NUS3016,dT_sec,0.332083333,0.311428571
NUS3016,dT_sec,0.3416,0.32
NUS3016,dT_sec,0.320533333,0.307058824
NUS3016,dT_sec,0.2695,0.27
NUS3016,dT_sec,0.329545455,0.305714286
NUS3016,dT_samples,61.45833333,62.59090909
NUS3016,dT_samples,67.72727273,49.52631579
NUS3016,dT_samples,68.4,66.41176471
NUS3016,dT_samples,67.77777778,50
NUS3016,dT_samples,59.79166667,49.2173913
NUS3016,dT_samples,58,45.07692308
NUS3016,dT_samples,65.65,63.35294118
NUS3016,dT_samples,64.25,69.65
NUS3016,dT_samples,63.26315789,65.75
NUS3016,dT_samples,63.69230769,57.52631579
NUS3016,dT_samples,61.35714286,46.88
NUS3016,dT_samples,61.44444444,61.57142857
NUS3016,dT_samples,61.61111111,48.95833333
NUS3016,dT_samples,67,61.48
NUS3016,dT_samples,62.81818182,63
NUS3016,dT_samples,65.54166667,62.47619048
NUS3016,dT_samples,65.73076923,64.39130435
NUS3016,dT_samples,66.73684211,67.93333333
NUS3016,dT_samples,56.19047619,47.70833333
NUS3016,dT_samples,53.18181818,53.85714286
NUS3016,CT_samples,35.92592593,35.26666667
NUS3016,CT_samples,35.04166667,33
NUS3016,CT_samples,36.96153846,48.11111111
NUS3016,CT_samples,36.11111111,58.92307692
NUS3016,CT_samples,33.6,36
NUS3016,CT_samples,33.57142857,35.55555556
NUS3016,CT_samples,35.53333333,32.22222222
NUS3016,CT_samples,35.33333333,37.04545455
NUS3016,CT_samples,35.19230769,36.63636364
NUS3016,CT_samples,33.70588235,49.23809524
NUS3016,CT_samples,35.66666667,42.5
NUS3016,CT_samples,31.8,42.0625
NUS3016,CT_samples,35.46153846,37.04347826
NUS3016,CT_samples,34.24,35.52173913
NUS3016,CT_samples,34.36,35.63636364
NUS3016,CT_samples,34.875,36.43478261
NUS3016,CT_samples,35.15384615,32.25
NUS3016,CT_samples,35.30769231,34.6
NUS3016,CT_samples,36.52941176,35.15
NUS3016,CT_samples,35.8,37.26666667
NUS3016,RI_ratio,0.384612164,0.65524028
NUS3016,RI_ratio,0.325919919,0.605117852
NUS3016,RI_ratio,0.424031197,0.853072623
NUS3016,RI_ratio,0.608312087,0.915056295
NUS3016,RI_ratio,0.440891118,0.833637709
NUS3016,RI_ratio,0.365671479,0.779525153
NUS3016,RI_ratio,0.586492713,0.71481615
NUS3016,RI_ratio,0.335371117,0.659850942
NUS3016,RI_ratio,0.330575201,0.795259978
NUS3016,RI_ratio,0.590100458,0.870975535
NUS3016,RI_ratio,0.336985163,0.783344919
NUS3016,RI_ratio,0.343398936,0.811256621
NUS3016,RI_ratio,0.34466212,0.743553926
NUS3016,RI_ratio,0.346842099,0.75504034
NUS3016,RI_ratio,0.335357942,0.729909416
NUS3016,RI_ratio,0.350607204,0.594965425
NUS3016,RI_ratio,0.396198767,0.673411298
NUS3016,RI_ratio,0.327191293,0.610390862
NUS3016,RI_ratio,0.710326367,0.757755191
NUS3016,RI_ratio,0.602394249,0.847014391
NUS3018,PulseWidth_sec,1.127076923,1.101
NUS3018,PulseWidth_sec,1.19025,1.001818182
NUS3018,PulseWidth_sec,1.15625,1.04
NUS3018,PulseWidth_sec,1.25,1.064
NUS3018,PulseWidth_sec,1.1572,1.0775
NUS3018,PulseWidth_sec,6.214676238,1.087368421
NUS3018,PulseWidth_sec,1.1515,1.005
NUS3018,PulseWidth_sec,1.3085,1.0775
NUS3018,PulseWidth_sec,1.199333333,1.16
NUS3018,PulseWidth_sec,1.18,1.16
NUS3018,PulseWidth_sec,1.152222222,1.18
NUS3018,PulseWidth_sec,1.078,0.958333333
NUS3018,PulseWidth_sec,0.881407407,0.876923077
NUS3018,PulseWidth_sec,0.980909091,0.95
NUS3018,PulseWidth_sec,1.105,0.992
NUS3018,PulseWidth_sec,1.1015,0.996
NUS3018,PulseWidth_sec,1.2325,1.09
NUS3018,PulseWidth_sec,1.004,0.92
NUS3018,PulseWidth_sec,1.145,0.977142857
NUS3018,PulseWidth_sec,1.029444444,0.971111111
NUS3018,CT_sec,0.188333333,0.210526316
NUS3018,CT_sec,0.1892,0.216842105
NUS3018,CT_sec,0.184,0.189411765
NUS3018,CT_sec,0.168,0.198461538
NUS3018,CT_sec,0.186666667,0.2375
NUS3018,CT_sec,0.190833333,0.197391304
NUS3018,CT_sec,0.197,0.19
NUS3018,CT_sec,0.194090909,0.2
NUS3018,CT_sec,0.1835,0.2
NUS3018,CT_sec,0.191333333,0.196666667
NUS3018,CT_sec,0.175,0.175
NUS3018,CT_sec,0.172,0.18
NUS3018,CT_sec,0.18,0.190588235
NUS3018,CT_sec,0.177,0.185
NUS3018,CT_sec,0.196454545,0.197333333
NUS3018,CT_sec,0.191166667,0.2
NUS3018,CT_sec,0.191428571,0.193333333
NUS3018,CT_sec,0.196,0.184444444
NUS3018,CT_sec,0.194043478,0.185454545
NUS3018,CT_sec,0.184,0.189333333
NUS3018,dT_sec,0.329,0.290526316
NUS3018,dT_sec,0.349846154,0.324444444
NUS3018,dT_sec,0.352375,0.322105263
NUS3018,dT_sec,0.325416667,0.33
NUS3018,dT_sec,0.324666667,0.315714286
NUS3018,dT_sec,0.371,0.368888889
NUS3018,dT_sec,0.390583333,0.370909091
NUS3018,dT_sec,0.379266667,0.372
NUS3018,dT_sec,0.355090909,0.321818182
NUS3018,dT_sec,0.3352,0.376363636
NUS3018,dT_sec,0.330608696,0.33
NUS3018,dT_sec,0.338545455,0.34125
NUS3018,dT_sec,0.358083333,0.341
NUS3018,dT_sec,0.3715,0.368
NUS3018,dT_sec,7.529744097,0.337777778
NUS3018,dT_sec,0.34295,0.349090909
NUS3018,dT_sec,0.333,0.372727273
NUS3018,dT_sec,0.324461538,0.35875
NUS3018,dT_sec,0.3535,0.333333333
NUS3018,dT_sec,0.365,12.84464416
NUS3018,dT_samples,60.78571429,53.17391304
NUS3018,dT_samples,57.33333333,56.3
NUS3018,dT_samples,51,60.85714286
NUS3018,dT_samples,61,67.625
NUS3018,dT_samples,59,61.6
NUS3018,dT_samples,63.33333333,63.2
NUS3018,dT_samples,64.5,71.14285714
NUS3018,dT_samples,66.8,71.11111111
NUS3018,dT_samples,60.2,66.18181818
NUS3018,dT_samples,62,65.375
NUS3018,dT_samples,60.83333333,67.14285714
NUS3018,dT_samples,70.5,77
NUS3018,dT_samples,72,71.73913043
NUS3018,dT_samples,74.88235294,75.65
NUS3018,dT_samples,69.3,69
NUS3018,dT_samples,70.375,72.06666667
NUS3018,dT_samples,69.05882353,70.25
NUS3018,dT_samples,65.85714286,69.1
NUS3018,dT_samples,72,70.8125
NUS3018,dT_samples,69.38461538,69.35714286
NUS3018,CT_samples,40.72,43.44
NUS3018,CT_samples,35.83333333,42.34782609
NUS3018,CT_samples,27,34.77777778
NUS3018,CT_samples,31.11111111,36.36842105
NUS3018,CT_samples,26,34.125
NUS3018,CT_samples,34.5,37.84210526
NUS3018,CT_samples,7.057607599,39.33333333
NUS3018,CT_samples,37,37.4
NUS3018,CT_samples,33.2,31.25
NUS3018,CT_samples,32,34.83333333
NUS3018,CT_samples,36.18181818,35.58333333
NUS3018,CT_samples,34.75,37.57142857
NUS3018,CT_samples,36,37.95
NUS3018,CT_samples,36.09090909,37.4
NUS3018,CT_samples,30.75,34.5
NUS3018,CT_samples,38.9,37.27272727
NUS3018,CT_samples,39,37
NUS3018,CT_samples,40.14285714,38.66666667
NUS3018,CT_samples,39.76190476,37.4
NUS3018,CT_samples,39.70833333,38.16666667
NUS3018,RI_ratio,0.437780615,0.723252948
NUS3018,RI_ratio,6.519372221,0.733969426
NUS3018,RI_ratio,0.709725918,0.744661583
NUS3018,RI_ratio,0.414501523,0.843999896
NUS3018,RI_ratio,0.355984561,0.587376953
NUS3018,RI_ratio,0.265779515,0.510343761
NUS3018,RI_ratio,0.271970982,0.532866096
NUS3018,RI_ratio,0.236631573,0.528315518
NUS3018,RI_ratio,0.358752454,0.788366073
NUS3018,RI_ratio,0.350075365,0.822315747
NUS3018,RI_ratio,0.397308545,0.519404834
NUS3018,RI_ratio,0.412150023,0.656250777
NUS3018,RI_ratio,0.213748657,0.609438719
NUS3018,RI_ratio,0.394670134,0.685238116
NUS3018,RI_ratio,0.302341249,0.533486895
NUS3018,RI_ratio,0.268054102,0.578857635
NUS3018,RI_ratio,0.364652309,0.470102854
NUS3018,RI_ratio,0.339857367,0.479523061
NUS3018,RI_ratio,0.426994149,0.590381205
NUS3018,RI_ratio,0.289431244,0.447801305
NUS3019,PulseWidth_sec,0.769685714,0.770857143
NUS3019,PulseWidth_sec,0.9833,0.911724138
NUS3019,PulseWidth_sec,1.1462,1.065555556
NUS3019,PulseWidth_sec,1.090785714,1.031666667
NUS3019,PulseWidth_sec,1.06575,1.077894737
NUS3019,PulseWidth_sec,1.011923077,1.0136
NUS3019,PulseWidth_sec,1.05915,0.985454545
NUS3019,PulseWidth_sec,1.159809524,1.165
NUS3019,PulseWidth_sec,1.04252,1.038333333
NUS3019,PulseWidth_sec,1.09725,1.0384
NUS3019,PulseWidth_sec,1.117888889,0.99
NUS3019,PulseWidth_sec,1.205190476,1.2125
NUS3019,PulseWidth_sec,1.117368421,1.12875
NUS3019,PulseWidth_sec,1.221722222,1.232
NUS3019,PulseWidth_sec,1.0905,1.104285714
NUS3019,PulseWidth_sec,1.19225,1.176
NUS3019,PulseWidth_sec,1.133272727,1.145555556
NUS3019,PulseWidth_sec,1.154727273,1.165555556
NUS3019,PulseWidth_sec,1.1252,1.129
NUS3019,PulseWidth_sec,1.133875,1.141538462
NUS3019,CT_sec,0.203,0.24
NUS3019,CT_sec,0.197971429,0.280571429
NUS3019,CT_sec,0.1928,0.302758621
NUS3019,CT_sec,0.1914,0.308888889
NUS3019,CT_sec,0.200142857,0.195
NUS3019,CT_sec,0.188043478,0.188
NUS3019,CT_sec,0.197,0.195555556
NUS3019,CT_sec,0.18765,0.204210526
NUS3019,CT_sec,0.199192308,0.28
NUS3019,CT_sec,0.1927,0.274545455
NUS3019,CT_sec,0.20428,0.275833333
NUS3019,CT_sec,0.208111111,0.19
NUS3019,CT_sec,0.212904762,0.26625
NUS3019,CT_sec,0.217181818,0.258
NUS3019,CT_sec,0.241052632,0.29125
NUS3019,CT_sec,0.235222222,0.282666667
NUS3019,CT_sec,0.2231875,0.257142857
NUS3019,CT_sec,0.21925,0.248
NUS3019,CT_sec,0.23545,0.28
NUS3019,CT_sec,0.2418125,0.292307692
NUS3019,dT_sec,0.209,0.26
NUS3019,dT_sec,0.299057143,0.210857143
NUS3019,dT_sec,0.1386,0.225555556
NUS3019,dT_sec,0.200214286,0.31
NUS3019,dT_sec,0.203043478,0.305333333
NUS3019,dT_sec,0.2747,0.284210526
NUS3019,dT_sec,0.225631579,0.278181818
NUS3019,dT_sec,0.274333333,0.296
NUS3019,dT_sec,0.285708333,0.219166667
NUS3019,dT_sec,0.21725,0.2384
NUS3019,dT_sec,0.282166667,0.3
NUS3019,dT_sec,0.299380952,0.2675
NUS3019,dT_sec,0.311095238,0.286315789
NUS3019,dT_sec,0.301363636,0.277
NUS3019,dT_sec,0.257111111,0.27375
NUS3019,dT_sec,0.258166667,0.278571429
NUS3019,dT_sec,0.3081,0.322666667
NUS3019,dT_sec,0.304818182,0.306666667
NUS3019,dT_sec,0.27645,0.255
NUS3019,dT_sec,0.27,0.232307692
NUS3019,dT_samples,37.5,53.2
NUS3019,dT_samples,77.11428571,52.34285714
NUS3019,dT_samples,56.3,44.17241379
NUS3019,dT_samples,23.8,40.11111111
NUS3019,dT_samples,35.35714286,57.25
NUS3019,dT_samples,37.86956522,59.4
NUS3019,dT_samples,30.5,56.55555556
NUS3019,dT_samples,50.5,51
NUS3019,dT_samples,52.15384615,49.96
NUS3019,dT_samples,46.57142857,48.45
NUS3019,dT_samples,53.875,40.45833333
NUS3019,dT_samples,38.75,43.76
NUS3019,dT_samples,53.0952381,48.31578947
NUS3019,dT_samples,52.09090909,46.8
NUS3019,dT_samples,44.05555556,45.93333333
NUS3019,dT_samples,45.66666667,48.92857143
NUS3019,dT_samples,51.3,53.46666667
NUS3019,dT_samples,52.54545455,49.94444444
NUS3019,dT_samples,52.36363636,50.83333333
NUS3019,dT_samples,47.125,39.07692308
NUS3019,CT_samples,51,70.28571429
NUS3019,CT_samples,38.8,64.27586207
NUS3019,CT_samples,33,56.11111111
NUS3019,CT_samples,36.28571429,36.33333333
NUS3019,CT_samples,35.7826087,35.66666667
NUS3019,CT_samples,36,30.88888889
NUS3019,CT_samples,34.8,36
NUS3019,CT_samples,39.07692308,53.72
NUS3019,CT_samples,35.76190476,51.5
NUS3019,CT_samples,38.84,51.54166667
NUS3019,CT_samples,39,50.6
NUS3019,CT_samples,35.04761905,42.375
NUS3019,CT_samples,36.52380952,43.47368421
NUS3019,CT_samples,42.73684211,49.9375
NUS3019,CT_samples,38.11111111,44.46666667
NUS3019,CT_samples,40.5,44.71428571
NUS3019,CT_samples,38,43.05555556
NUS3019,CT_samples,37.04545455,43.61111111
NUS3019,CT_samples,41.45,47.85
NUS3019,CT_samples,42.125,49.23076923
NUS3019,RI_ratio,0.676066278,0.906474276
NUS3019,RI_ratio,0.715874778,0.915027842
NUS3019,RI_ratio,0.863543331,0.90129168
NUS3019,RI_ratio,0.764645066,0.818381818
NUS3019,RI_ratio,0.712664993,0.779402347
NUS3019,RI_ratio,0.853544853,0.837035865
NUS3019,RI_ratio,0.598202621,0.81943775
NUS3019,RI_ratio,0.655725929,0.798238112
NUS3019,RI_ratio,0.688123897,0.76816713
NUS3019,RI_ratio,0.835739589,0.915188951
NUS3019,RI_ratio,0.637817403,0.644485519
NUS3019,RI_ratio,2.042721445,0.899555704
NUS3019,RI_ratio,0.639580019,0.848228494
NUS3019,RI_ratio,0.75551463,0.888832342
NUS3019,RI_ratio,0.72052523,0.876935237
NUS3019,RI_ratio,0.69635642,0.838128043
NUS3019,RI_ratio,0.631290908,0.860884623
NUS3019,RI_ratio,0.622635481,0.820301383
NUS3019,RI_ratio,0.709064582,0.888634871
NUS3019,RI_ratio,0.734659058,0.919320939
NUS3020,PulseWidth_sec,1.056944444,1.053333333
NUS3020,PulseWidth_sec,1.072375,1.0625
NUS3020,PulseWidth_sec,1.122111111,1.11826087
NUS3020,PulseWidth_sec,1.07745,1.065263158
NUS3020,PulseWidth_sec,0.933666667,0.928571429
NUS3020,PulseWidth_sec,1.038533333,1.06173913
NUS3020,PulseWidth_sec,1.086333333,1.022222222
NUS3020,PulseWidth_sec,1.126333333,1.055
NUS3020,PulseWidth_sec,1.1865,1.17
NUS3020,PulseWidth_sec,1.155769231,1.076
NUS3020,PulseWidth_sec,1.023086957,1.020869565
NUS3020,PulseWidth_sec,1.059777778,1.014782609
NUS3020,PulseWidth_sec,1.295857143,1.1
NUS3020,PulseWidth_sec,1.129,0.961666667
NUS3020,PulseWidth_sec,1.004636364,1.002666667
NUS3020,PulseWidth_sec,1.082166667,1.0368
NUS3020,PulseWidth_sec,1.242,1.091428571
NUS3020,PulseWidth_sec,1.047,1.077142857
NUS3020,PulseWidth_sec,1.241,1.161176471
NUS3020,PulseWidth_sec,1.2085,1.191428571
NUS3020,CT_sec,0.187666667,0.201052632
NUS3020,CT_sec,0.186125,0.197391304
NUS3020,CT_sec,0.1852,0.195238095
NUS3020,CT_sec,0.182857143,0.193333333
NUS3020,CT_sec,0.18455,0.195
NUS3020,CT_sec,0.185,0.191
NUS3020,CT_sec,0.184266667,0.188421053
NUS3020,CT_sec,0.184,0.188571429
NUS3020,CT_sec,0.182222222,0.194444444
NUS3020,CT_sec,0.182153846,0.184
NUS3020,CT_sec,0.176692308,0.193333333
NUS3020,CT_sec,0.1795,0.186363636
NUS3020,CT_sec,0.181913043,0.193913043
NUS3020,CT_sec,0.175111111,0.1775
NUS3020,CT_sec,0.184,0.204
NUS3020,CT_sec,0.172,0.192307692
NUS3020,CT_sec,0.195,0.214285714
NUS3020,CT_sec,0.2054,0.194
NUS3020,CT_sec,0.243941176,0.295555556
NUS3020,CT_sec,0.214933333,0.278571429
NUS3020,dT_sec,0.329333333,0.288333333
NUS3020,dT_sec,0.331266667,0.306363636
NUS3020,dT_sec,0.33075,0.320869565
NUS3020,dT_sec,0.332,0.32
NUS3020,dT_sec,0.32215,0.325
NUS3020,dT_sec,0.3304,0.340952381
NUS3020,dT_sec,0.315333333,0.309333333
NUS3020,dT_sec,0.323,0.258333333
NUS3020,dT_sec,0.3235,0.285
NUS3020,dT_sec,0.334266667,0.291764706
NUS3020,dT_sec,0.339304348,0.297894737
NUS3020,dT_sec,0.320869565,0.318947368
NUS3020,dT_sec,0.319,0.344
NUS3020,dT_sec,0.33075,0.260869565
NUS3020,dT_sec,0.310529412,0.2616
NUS3020,dT_sec,0.326291667,0.333
NUS3020,dT_sec,0.302666667,0.36
NUS3020,dT_sec,0.30075,0.269565217
NUS3020,dT_sec,0.3216,0.308
NUS3020,dT_sec,0.323,0.265714286
NUS3020,dT_samples,62.30769231,59.68421053
NUS3020,dT_samples,59.94117647,59.26315789
NUS3020,dT_samples,55.4,63
NUS3020,dT_samples,58.66666667,61.75
NUS3020,dT_samples,64.07692308,63.3
NUS3020,dT_samples,65.40909091,64.6875
NUS3020,dT_samples,64.14814815,66
NUS3020,dT_samples,48.83333333,63.2
NUS3020,dT_samples,60.11111111,66.5625
NUS3020,dT_samples,56.33333333,58.86666667
NUS3020,dT_samples,58,61.5
NUS3020,dT_samples,56.28571429,64.28571429
NUS3020,dT_samples,61.5,65.71428571
NUS3020,dT_samples,55.5,58
NUS3020,dT_samples,56.92857143,54.28571429
NUS3020,dT_samples,63.09090909,50.5
NUS3020,dT_samples,53.6,50.5
NUS3020,dT_samples,58.75,61.84615385
NUS3020,dT_samples,53,69.125
NUS3020,dT_samples,55.25,79.2
NUS3020,CT_samples,32.33333333,53
NUS3020,CT_samples,34.57142857,35.7
NUS3020,CT_samples,34.75,36.11111111
NUS3020,CT_samples,34.6,35.26315789
NUS3020,CT_samples,33.3125,34.90909091
NUS3020,CT_samples,31,35.83333333
NUS3020,CT_samples,38.05,55.22222222
NUS3020,CT_samples,31.28571429,51.42857143
NUS3020,CT_samples,36.94736842,47.28571429
NUS3020,CT_samples,37.25925926,38
NUS3020,CT_samples,36.66666667,38.9
NUS3020,CT_samples,35.83333333,37.42857143
NUS3020,CT_samples,26.625,41.5625
NUS3020,CT_samples,32.76923077,39.83333333
NUS3020,CT_samples,35.55555556,38.05263158
NUS3020,CT_samples,29.75,45.85714286
NUS3020,CT_samples,34.11111111,36.125
NUS3020,CT_samples,37.75,63.57142857
NUS3020,CT_samples,36.5,41.71428571
NUS3020,CT_samples,35.75,42.14285714
NUS3020,RI_ratio,0.541986518,0.804660795
NUS3020,RI_ratio,0.49678805,0.821901501
NUS3020,RI_ratio,0.472597037,0.788310595
NUS3020,RI_ratio,0.493327607,0.7965974
NUS3020,RI_ratio,0.484310684,0.798139292
NUS3020,RI_ratio,0.5034039,0.803704575
NUS3020,RI_ratio,0.500481904,0.814521524
NUS3020,RI_ratio,0.561715642,0.868094671
NUS3020,RI_ratio,0.543060011,0.853924219
NUS3020,RI_ratio,7.741855597,0.896922299
NUS3020,RI_ratio,0.510947474,0.802171495
NUS3020,RI_ratio,0.587185993,0.679177449
NUS3020,RI_ratio,0.515833935,0.705169849
NUS3020,RI_ratio,0.513241943,0.763486381
NUS3020,RI_ratio,0.588696415,1.473674842
NUS3020,RI_ratio,0.622578276,0.888985869
NUS3020,RI_ratio,7.439249533,0.910151105
NUS3020,RI_ratio,0.53410928,0.708445156
NUS3020,RI_ratio,0.606841807,0.899475893
NUS3020,RI_ratio,0.608541652,0.904922617
NUS3021,PulseWidth_sec,0.849806452,0.846666667
NUS3021,PulseWidth_sec,1.00408,1.012
NUS3021,PulseWidth_sec,0.8812,0.882352941
NUS3021,PulseWidth_sec,0.862823529,0.844166667
NUS3021,PulseWidth_sec,0.858111111,0.859259259
NUS3021,PulseWidth_sec,0.890428571,0.889230769
NUS3021,PulseWidth_sec,0.888857143,0.887407407
NUS3021,PulseWidth_sec,0.860296296,0.858571429
NUS3021,PulseWidth_sec,0.80475,0.801935484
NUS3021,PulseWidth_sec,0.81396875,0.822424242
NUS3021,PulseWidth_sec,0.80634375,0.807878788
NUS3021,PulseWidth_sec,0.9772,0.908571429
NUS3021,PulseWidth_sec,0.940962963,0.931428571
NUS3021,PulseWidth_sec,0.924705882,0.917777778
NUS3021,PulseWidth_sec,0.929222222,0.906
NUS3021,PulseWidth_sec,0.953307692,0.935555556
NUS3021,PulseWidth_sec,0.947740741,0.916363636
NUS3021,PulseWidth_sec,0.973875,0.970909091
NUS3021,PulseWidth_sec,0.943074074,0.921904762
NUS3021,PulseWidth_sec,0.981909091,0.953333333
NUS3021,CT_sec,0.187580645,0.171578947
NUS3021,CT_sec,0.19676,0.241
NUS3021,CT_sec,0.1969,0.253846154
NUS3021,CT_sec,0.197928571,0.195555556
NUS3021,CT_sec,0.193241379,0.206666667
NUS3021,CT_sec,0.18964,0.188148148
NUS3021,CT_sec,0.1845,0.185
NUS3021,CT_sec,0.19675,0.185263158
NUS3021,CT_sec,0.184935484,0.183225806
NUS3021,CT_sec,0.183,0.187272727
NUS3021,CT_sec,0.188304348,0.169090909
NUS3021,CT_sec,0.186869565,0.175
NUS3021,CT_sec,0.19125,0.173333333
NUS3021,CT_sec,0.185296296,0.177142857
NUS3021,CT_sec,0.180888889,0.183333333
NUS3021,CT_sec,0.18365,0.18
NUS3021,CT_sec,0.188185185,0.186
NUS3021,CT_sec,0.188769231,0.185263158
NUS3021,CT_sec,0.186227273,0.18
NUS3021,CT_sec,0.184444444,0.173846154
NUS3021,dT_sec,0.231823529,0.278571429
NUS3021,dT_sec,0.341272727,0.328
NUS3021,dT_sec,0.316363636,0.321052632
NUS3021,dT_sec,0.250153846,0.3
NUS3021,dT_sec,0.273,0.329411765
NUS3021,dT_sec,0.31092,0.313571429
NUS3021,dT_sec,0.34375,0.316428571
NUS3021,dT_sec,0.2541875,0.3192
NUS3021,dT_sec,0.2745,0.312173913
NUS3021,dT_sec,0.271137931,0.307407407
NUS3021,dT_sec,0.2770625,0.314814815
NUS3021,dT_sec,0.264714286,0.343333333
NUS3021,dT_sec,0.327423077,0.350666667
NUS3021,dT_sec,0.331692308,0.351111111
NUS3021,dT_sec,0.327428571,0.345714286
NUS3021,dT_sec,0.325846154,0.337894737
NUS3021,dT_sec,0.326619048,0.328888889
NUS3021,dT_sec,0.310333333,0.321538462
NUS3021,dT_sec,0.307333333,0.344444444
NUS3021,dT_sec,0.265166667,0.338181818
NUS3021,dT_samples,48.92857143,64.72222222
NUS3021,dT_samples,41.25,73.125
NUS3021,dT_samples,43.96428571,76.19354839
NUS3021,dT_samples,72.32,73.25
NUS3021,dT_samples,64.85714286,63.04761905
NUS3021,dT_samples,71.14285714,63.65384615
NUS3021,dT_samples,79.06060606,75.61290323
NUS3021,dT_samples,63.33333333,86.18918919
NUS3021,dT_samples,76.1875,80.45454545
NUS3021,dT_samples,66.26666667,73.45454545
NUS3021,dT_samples,69.2,73.25
NUS3021,dT_samples,69.42307692,73.66666667
NUS3021,dT_samples,69.12,72.90909091
NUS3021,dT_samples,70.82142857,73.1
NUS3021,dT_samples,62.84615385,67.52631579
NUS3021,dT_samples,58.86363636,68.33333333
NUS3021,dT_samples,62.85714286,69
NUS3021,dT_samples,59.59090909,69.90909091
NUS3021,dT_samples,59.44444444,68.2
NUS3021,dT_samples,57.05882353,72.07692308
NUS3021,CT_samples,36.7,37.16666667
NUS3021,CT_samples,38,33.75
NUS3021,CT_samples,42,42.71428571
NUS3021,CT_samples,40.95,38.82352941
NUS3021,CT_samples,42.31578947,41.16
NUS3021,CT_samples,43,42.45
NUS3021,CT_samples,41.39130435,39.41666667
NUS3021,CT_samples,43.25,42.75862069
NUS3021,CT_samples,40.03571429,35.9
NUS3021,CT_samples,38.92,35.53333333
NUS3021,CT_samples,38.77777778,36
NUS3021,CT_samples,38.11111111,34.11111111
NUS3021,CT_samples,36.8,36
NUS3021,CT_samples,37.83333333,35.88888889
NUS3021,CT_samples,39.18518519,37.9
NUS3021,CT_samples,36.26666667,35.07692308
NUS3021,CT_samples,38.47619048,37.89473684
NUS3021,CT_samples,43.72727273,42.16129032
NUS3021,CT_samples,36.71428571,35.77777778
NUS3021,CT_samples,36.46666667,35.6
NUS3021,RI_ratio,0.564397776,0.818404379
NUS3021,RI_ratio,0.596436927,0.841980161
NUS3021,RI_ratio,0.6552078,0.860167971
NUS3021,RI_ratio,0.655813152,0.849709912
NUS3021,RI_ratio,0.731194672,0.749897703
NUS3021,RI_ratio,0.724077543,0.721281025
NUS3021,RI_ratio,0.605431008,0.771052954
NUS3021,RI_ratio,0.614636501,0.788930838
NUS3021,RI_ratio,0.679397649,0.682705459
NUS3021,RI_ratio,0.548137894,0.703801533
NUS3021,RI_ratio,0.58831867,0.719591664
NUS3021,RI_ratio,0.618552909,0.653434749
NUS3021,RI_ratio,0.590950682,0.681655858
NUS3021,RI_ratio,0.455650466,0.631227941
NUS3021,RI_ratio,0.353694194,0.534756958
NUS3021,RI_ratio,0.372317208,0.652695099
NUS3021,RI_ratio,0.612752423,0.703925014
NUS3021,RI_ratio,0.511555097,0.71130213
NUS3021,RI_ratio,0.425587593,0.601196635
NUS3021,RI_ratio,0.431490487,0.592661751
NUS3022,PulseWidth_sec,0.991454545,0.978571429
NUS3022,PulseWidth_sec,1.0819,1.084
NUS3022,PulseWidth_sec,0.892703704,0.89
NUS3022,PulseWidth_sec,0.851470588,0.822857143
NUS3022,PulseWidth_sec,0.894111111,0.89
NUS3022,PulseWidth_sec,0.934,0.92
NUS3022,PulseWidth_sec,0.926285714,0.928421053
NUS3022,PulseWidth_sec,1.069857143,1.055
NUS3022,PulseWidth_sec,0.973,0.957142857
NUS3022,PulseWidth_sec,1.014071429,1.009090909
NUS3022,PulseWidth_sec,1.0043,7.195822006
NUS3022,PulseWidth_sec,0.967384615,0.945
NUS3022,PulseWidth_sec,1.123285714,1.12
NUS3022,PulseWidth_sec,1.108142857,1.137142857
NUS3022,PulseWidth_sec,1.0264,8.283081516
NUS3022,PulseWidth_sec,0.967538462,0.978571429
NUS3022,PulseWidth_sec,0.919809524,0.972727273
NUS3022,PulseWidth_sec,0.975666667,0.928888889
NUS3022,PulseWidth_sec,0.961653846,0.99
NUS3022,PulseWidth_sec,0.997882353,1
NUS3022,CT_sec,0.252333333,0.34
NUS3022,CT_sec,0.27415,0.4
NUS3022,CT_sec,0.296666667,0.307
NUS3022,CT_sec,0.287045455,0.310769231
NUS3022,CT_sec,0.251461538,0.290588235
NUS3022,CT_sec,0.273714286,0.290526316
NUS3022,CT_sec,0.303391304,0.319130435
NUS3022,CT_sec,0.277428571,0.3325
NUS3022,CT_sec,0.306714286,0.327272727
NUS3022,CT_sec,0.254307692,0.3025
NUS3022,CT_sec,0.2782,0.298095238
NUS3022,CT_sec,0.2349,7.195822006
NUS3022,CT_sec,0.270428571,0.4
NUS3022,CT_sec,0.236642857,0.365714286
NUS3022,CT_sec,0.254375,0.34
NUS3022,CT_sec,0.2632,8.283081516
NUS3022,CT_sec,0.291833333,0.42
NUS3022,CT_sec,0.258190476,0.375555556
NUS3022,CT_sec,0.289913043,0.24
NUS3022,CT_sec,0.277307692,0.318095238
NUS3022,dT_sec,0.245,9.923163278
NUS3022,dT_sec,0.212153846,0.250588235
NUS3022,dT_sec,0.266117647,0.355
NUS3022,dT_sec,0.249607143,0.215
NUS3022,dT_sec,0.259705882,0.3
NUS3022,dT_sec,0.246571429,0.27
NUS3022,dT_sec,0.051,0.268
NUS3022,dT_sec,0.237611111,0.243333333
NUS3022,dT_sec,0.168,0.2
NUS3022,dT_sec,0.218217391,0.326956522
NUS3022,dT_sec,0.238666667,0.2375
NUS3022,dT_sec,0.2112,0.316
NUS3022,dT_sec,0.233769231,0.2775
NUS3022,dT_sec,0.24472,0.2
NUS3022,dT_sec,0.237071429,0.446666667
NUS3022,dT_sec,0.229727273,0.26
NUS3022,dT_sec,0.241571429,0.18
NUS3022,dT_sec,0.238466667,0.19
NUS3022,dT_sec,0.236111111,0.28
NUS3022,dT_sec,0.24,0.362857143
NUS3022,dT_samples,55.13636364,9.923163278
NUS3022,dT_samples,40.5,65.9
NUS3022,dT_samples,48.92857143,46.44444444
NUS3022,dT_samples,53.10526316,47.5
NUS3022,dT_samples,54,59
NUS3022,dT_samples,10,56
NUS3022,dT_samples,41.5,51.73333333
NUS3022,dT_samples,35.5,42.28571429
NUS3022,dT_samples,45.24,47.14285714
NUS3022,dT_samples,44.16,45
NUS3022,dT_samples,44.0625,66.57142857
NUS3022,dT_samples,47,82.33333333
NUS3022,dT_samples,42.57142857,31
NUS3022,dT_samples,52.55555556,47.57142857
NUS3022,dT_samples,46.85714286,57.71428571
NUS3022,dT_samples,40.27777778,65
NUS3022,dT_samples,49.68421053,57.72727273
NUS3022,dT_samples,45.8,63.5
NUS3022,dT_samples,48.30769231,55.5
NUS3022,dT_samples,45.94117647,32
NUS3022,CT_samples,58,58.8
NUS3022,CT_samples,49.38461538,55.58823529
NUS3022,CT_samples,48.52941176,57
NUS3022,CT_samples,52.30434783,56.55555556
NUS3022,CT_samples,51.375,55
NUS3022,CT_samples,52.44444444,58
NUS3022,CT_samples,53.1875,54.25
NUS3022,CT_samples,52.91666667,63.75
NUS3022,CT_samples,55.91304348,58.82608696
NUS3022,CT_samples,52.71428571,57.27272727
NUS3022,CT_samples,48.5,62.71428571
NUS3022,CT_samples,57.42857143,66.90909091
NUS3022,CT_samples,55.8,57.06666667
NUS3022,CT_samples,54.76,65.33333333
NUS3022,CT_samples,51.92857143,50
NUS3022,CT_samples,53.13043478,59.92307692
NUS3022,CT_samples,50.8,8.283081516
NUS3022,CT_samples,51,64.66666667
NUS3022,CT_samples,57,57.23529412
NUS3022,CT_samples,54.64705882,64
NUS3022,RI_ratio,0.644885708,9.923163278
NUS3022,RI_ratio,0.650231058,0.814447468
NUS3022,RI_ratio,0.736024837,0.745230163
NUS3022,RI_ratio,0.620044003,0.719607395
NUS3022,RI_ratio,0.682067346,0.820039725
NUS3022,RI_ratio,0.669451704,1.204220743
NUS3022,RI_ratio,0.760662134,0.870211031
NUS3022,RI_ratio,0.709722923,0.800461486
NUS3022,RI_ratio,0.601370034,0.71173651
NUS3022,RI_ratio,0.705368566,0.712570931
NUS3022,RI_ratio,0.691499886,0.869467962
NUS3022,RI_ratio,0.641228144,0.972041663
NUS3022,RI_ratio,0.634907892,0.833404599
NUS3022,RI_ratio,0.537658494,0.79796778
NUS3022,RI_ratio,0.64093383,0.91530695
NUS3022,RI_ratio,0.68204578,0.854046664
NUS3022,RI_ratio,0.717088728,0.798157644
NUS3022,RI_ratio,0.786618253,0.82833679
NUS3022,RI_ratio,0.680639054,0.851594268
NUS3022,RI_ratio,0.72457285,0.955892771
NUS3023,PulseWidth_sec,0.780878788,0.781904762
NUS3023,PulseWidth_sec,0.818206897,0.812
NUS3023,PulseWidth_sec,0.81247619,0.812222222
NUS3023,PulseWidth_sec,0.7929375,0.788571429
NUS3023,PulseWidth_sec,0.799848485,0.803478261
NUS3023,PulseWidth_sec,0.81369697,0.816666667
NUS3023,PulseWidth_sec,0.796393939,0.796666667
NUS3023,PulseWidth_sec,0.800787879,0.804
NUS3023,PulseWidth_sec,0.81353125,0.821818182
NUS3023,PulseWidth_sec,0.816846154,0.816774194
NUS3023,PulseWidth_sec,0.79852,0.799333333
NUS3023,PulseWidth_sec,0.804666667,0.810769231
NUS3023,PulseWidth_sec,0.836736842,0.833333333
NUS3023,PulseWidth_sec,0.804076923,0.816666667
NUS3023,PulseWidth_sec,0.856458333,0.862857143
NUS3023,PulseWidth_sec,0.84896,0.853636364
NUS3023,PulseWidth_sec,0.80184375,0.800869565
NUS3023,PulseWidth_sec,0.886384615,0.889166667
NUS3023,PulseWidth_sec,0.894863636,0.89826087
NUS3023,PulseWidth_sec,0.889931034,0.891851852
NUS3023,CT_sec,0.192071429,0.228888889
NUS3023,CT_sec,0.189967742,0.179130435
NUS3023,CT_sec,0.191575758,0.175789474
NUS3023,CT_sec,0.174125,0.178181818
NUS3023,CT_sec,0.174424242,0.180869565
NUS3023,CT_sec,0.186153846,0.193076923
NUS3023,CT_sec,0.1818,0.186875
NUS3023,CT_sec,0.1856,0.191578947
NUS3023,CT_sec,0.171666667,0.203333333
NUS3023,CT_sec,0.175230769,0.193076923
NUS3023,CT_sec,0.188263158,0.246666667
NUS3023,CT_sec,0.177,0.183125
NUS3023,CT_sec,0.175741935,0.18
NUS3023,CT_sec,0.176645161,0.182222222
NUS3023,CT_sec,0.176,0.176470588
NUS3023,CT_sec,0.1752,0.1744
NUS3023,CT_sec,0.17024,0.174166667
NUS3023,CT_sec,0.174451613,0.179285714
NUS3023,CT_sec,0.18144,0.167692308
NUS3023,CT_sec,0.18064,0.171578947
NUS3023,dT_sec,0.301454545,0.217575758
NUS3023,dT_sec,0.327941176,0.350909091
NUS3023,dT_sec,0.314225806,0.335833333
NUS3023,dT_sec,0.318617647,0.325
NUS3023,dT_sec,0.333806452,0.337142857
NUS3023,dT_sec,0.332291667,0.3175
NUS3023,dT_sec,0.3411875,0.327272727
NUS3023,dT_sec,0.32547619,0.3144
NUS3023,dT_sec,0.304043478,0.285833333
NUS3023,dT_sec,0.3124,0.2976
NUS3023,dT_sec,0.304892857,0.272857143
NUS3023,dT_sec,0.310357143,0.3325
NUS3023,dT_sec,0.329032258,0.319310345
NUS3023,dT_sec,0.342454545,0.325
NUS3023,dT_sec,0.3386,0.328
NUS3023,dT_sec,0.35312,0.347692308
NUS3023,dT_sec,0.354,0.342580645
NUS3023,dT_sec,0.356666667,0.3488
NUS3023,dT_sec,0.354103448,0.351724138
NUS3023,dT_sec,0.333517241,0.335454545
NUS3023,dT_samples,78.21212121,59.8
NUS3023,dT_samples,83.83333333,85.88
NUS3023,dT_samples,78.03225806,82.5
NUS3023,dT_samples,86.23529412,83.53571429
NUS3023,dT_samples,77.38461538,77.5625
NUS3023,dT_samples,66.34615385,69.91666667
NUS3023,dT_samples,81.8,76.78125
NUS3023,dT_samples,75.75862069,83.36363636
NUS3023,dT_samples,76,71.5
NUS3023,dT_samples,79.25806452,75.72413793
NUS3023,dT_samples,76.92857143,74.25925926
NUS3023,dT_samples,77.63333333,74.375
NUS3023,dT_samples,78.61538462,78.30769231
NUS3023,dT_samples,81.5,77.96296296
NUS3023,dT_samples,75.15384615,75.55555556
NUS3023,dT_samples,77.86206897,76.14814815
NUS3023,dT_samples,75.9375,75.38095238
NUS3023,dT_samples,80.68965517,79.72727273
NUS3023,dT_samples,74.52,75.2
NUS3023,dT_samples,76.15789474,77.92857143
NUS3023,CT_samples,48.05882353,47.61764706
NUS3023,CT_samples,47.97058824,43.22222222
NUS3023,CT_samples,47.40625,42.47619048
NUS3023,CT_samples,43,49.66666667
NUS3023,CT_samples,41.96875,42.80769231
NUS3023,CT_samples,42.78787879,42.36363636
NUS3023,CT_samples,42.3030303,41.17391304
NUS3023,CT_samples,42.6,44.11111111
NUS3023,CT_samples,42.6875,43.72
NUS3023,CT_samples,45.35714286,51.35483871
NUS3023,CT_samples,40.66666667,39.92307692
NUS3023,CT_samples,41.875,40.24
NUS3023,CT_samples,41.44117647,39.95454545
NUS3023,CT_samples,39.8,39.14285714
NUS3023,CT_samples,38.37931034,38.17857143
NUS3023,CT_samples,39.46428571,38.82142857
NUS3023,CT_samples,38.54166667,37.71428571
NUS3023,CT_samples,39.29166667,38
NUS3023,CT_samples,40.30769231,37.3125
NUS3023,CT_samples,42.33333333,39.41176471
NUS3023,RI_ratio,0.538794885,0.957367916
NUS3023,RI_ratio,0.53862604,6.41690259
NUS3023,RI_ratio,0.376212884,0.395839703
NUS3023,RI_ratio,0.427649758,0.428611125
NUS3023,RI_ratio,0.434297591,0.43583412
NUS3023,RI_ratio,0.290448383,0.388597831
NUS3023,RI_ratio,0.271327415,0.420103428
NUS3023,RI_ratio,0.350166076,0.61527283
NUS3023,RI_ratio,0.46972293,0.774125445
NUS3023,RI_ratio,0.474500863,0.861755429
NUS3023,RI_ratio,0.43257098,0.58701894
NUS3023,RI_ratio,0.417021778,0.594635282
NUS3023,RI_ratio,0.424186979,0.558068743
NUS3023,RI_ratio,0.422366907,0.544311766
NUS3023,RI_ratio,0.419403574,0.572474829
NUS3023,RI_ratio,0.367564725,0.543847963
NUS3023,RI_ratio,0.271512409,0.453360959
NUS3023,RI_ratio,0.305642452,0.478347104
NUS3023,RI_ratio,0.294685348,0.476266465
NUS3023,RI_ratio,0.357529368,0.522265843
NUS3026,PulseWidth_sec,0.954588235,0.91625
NUS3026,PulseWidth_sec,0.881833333,0.892857143
NUS3026,PulseWidth_sec,0.936,0.91
NUS3026,PulseWidth_sec,0.9745,0.903636364
NUS3026,PulseWidth_sec,0.891636364,0.893333333
NUS3026,PulseWidth_sec,0.944875,0.948571429
NUS3026,PulseWidth_sec,0.970181818,0.948888889
NUS3026,PulseWidth_sec,0.9449,0.951428571
NUS3026,PulseWidth_sec,0.971428571,0.955
NUS3026,PulseWidth_sec,1.0554,0.936
NUS3026,PulseWidth_sec,0.936,0.933846154
NUS3026,PulseWidth_sec,0.9255,0.933333333
NUS3026,PulseWidth_sec,0.891333333,0.927692308
NUS3026,PulseWidth_sec,1.121,0.929230769
NUS3026,PulseWidth_sec,0.9435,0.943076923
NUS3026,PulseWidth_sec,0.946526316,0.94
NUS3026,PulseWidth_sec,1.0359,1.02
NUS3026,PulseWidth_sec,1.088888889,1.028888889
NUS3026,PulseWidth_sec,1.1075,1.044705882
NUS3026,PulseWidth_sec,1.114428571,1.055
NUS3026,CT_sec,0.188423077,0.184444444
NUS3026,CT_sec,0.176,0.181111111
NUS3026,CT_sec,0.1672,0.178333333
NUS3026,CT_sec,0.177666667,0.171428571
NUS3026,CT_sec,0.175333333,0.18
NUS3026,CT_sec,0.171333333,0.175555556
NUS3026,CT_sec,0.176,0.176923077
NUS3026,CT_sec,0.1764,0.181333333
NUS3026,CT_sec,0.176727273,0.183333333
NUS3026,CT_sec,0.186,0.184
NUS3026,CT_sec,0.174666667,0.18
NUS3026,CT_sec,0.176,0.18
NUS3026,CT_sec,0.168,0.184
NUS3026,CT_sec,0.177333333,0.181818182
NUS3026,CT_sec,0.180307692,0.185
NUS3026,CT_sec,0.169333333,0.168
NUS3026,CT_sec,0.168,0.166666667
NUS3026,CT_sec,0.192166667,0.186666667
NUS3026,CT_sec,0.196,0.185454545
NUS3026,CT_sec,0.188142857,0.19
NUS3026,dT_sec,0.260375,0.308888889
NUS3026,dT_sec,0.222833333,0.312857143
NUS3026,dT_sec,0.2669,0.30875
NUS3026,dT_sec,0.174166667,0.304444444
NUS3026,dT_sec,0.210142857,0.305333333
NUS3026,dT_sec,0.3355,0.350769231
NUS3026,dT_sec,0.258,0.318181818
NUS3026,dT_sec,0.3494,0.350909091
NUS3026,dT_sec,0.24525,0.34
NUS3026,dT_sec,0.295133333,0.318181818
NUS3026,dT_sec,0.33125,0.318666667
NUS3026,dT_sec,0.3328,0.344615385
NUS3026,dT_sec,0.336,0.347272727
NUS3026,dT_sec,0.305,0.32875
NUS3026,dT_sec,0.324666667,0.357142857
NUS3026,dT_sec,0.244555556,0.341333333
NUS3026,dT_sec,0.319846154,0.351428571
NUS3026,dT_sec,0.3318,0.335
NUS3026,dT_sec,0.330285714,0.352307692
NUS3026,dT_sec,0.33664,0.344347826
NUS3026,dT_samples,59.04545455,69.4375
NUS3026,dT_samples,49.8,69.41666667
NUS3026,dT_samples,63.11111111,65.26666667
NUS3026,dT_samples,38,69.33333333
NUS3026,dT_samples,50.5,67.63636364
NUS3026,dT_samples,46.75,70.69230769
NUS3026,dT_samples,50.5,69.2
NUS3026,dT_samples,69.72727273,69.16666667
NUS3026,dT_samples,67,67.57142857
NUS3026,dT_samples,64,69
NUS3026,dT_samples,47,69
NUS3026,dT_samples,70.05263158,65.31578947
NUS3026,dT_samples,65.25,66.53333333
NUS3026,dT_samples,71,65.65
NUS3026,dT_samples,64.6,67.23076923
NUS3026,dT_samples,59,63.23076923
NUS3026,dT_samples,57,64.83333333
NUS3026,dT_samples,62.6,67.66666667
NUS3026,dT_samples,61.8,62.82352941
NUS3026,dT_samples,63.81818182,67.625
NUS3026,CT_samples,38.91304348,37.8125
NUS3026,CT_samples,37.90909091,37.2
NUS3026,CT_samples,37.42857143,36.4375
NUS3026,CT_samples,38,38.26666667
NUS3026,CT_samples,34.16666667,35.83333333
NUS3026,CT_samples,39,38.64285714
NUS3026,CT_samples,37.77777778,38.90909091
NUS3026,CT_samples,33.66666667,37.11111111
NUS3026,CT_samples,39.14285714,37.36363636
NUS3026,CT_samples,33,35.81818182
NUS3026,CT_samples,38.41666667,38.25
NUS3026,CT_samples,35,33.57142857
NUS3026,CT_samples,35.28571429,36
NUS3026,CT_samples,36,38
NUS3026,CT_samples,38.16666667,37.9375
NUS3026,CT_samples,36.44444444,35.5
NUS3026,CT_samples,37.5,36
NUS3026,CT_samples,37.05,33.9375
NUS3026,CT_samples,34.66666667,36.55555556
NUS3026,CT_samples,39,36
NUS3026,RI_ratio,0.608738699,0.685419327
NUS3026,RI_ratio,0.609207935,0.684682071
NUS3026,RI_ratio,0.507543366,0.733807061
NUS3026,RI_ratio,0.541189764,0.700957666
NUS3026,RI_ratio,0.754755277,0.725894167
NUS3026,RI_ratio,0.632174267,0.776584077
NUS3026,RI_ratio,0.428235827,0.662622224
NUS3026,RI_ratio,0.5323773,0.667428978
NUS3026,RI_ratio,0.760984051,0.85724978
NUS3026,RI_ratio,0.616380157,0.850536005
NUS3026,RI_ratio,0.417720698,0.698621745
NUS3026,RI_ratio,0.455504278,0.722981885
NUS3026,RI_ratio,0.434924191,0.69845729
NUS3026,RI_ratio,0.432152382,0.774001754
NUS3026,RI_ratio,0.379761768,0.741361642
NUS3026,RI_ratio,0.497105879,0.748247295
NUS3026,RI_ratio,0.576306391,0.591676311
NUS3026,RI_ratio,0.496994922,0.706334484
NUS3026,RI_ratio,0.579219661,0.805248746
NUS3026,RI_ratio,0.545671889,0.729536315
NUS3027,PulseWidth_sec,1.131,1.097894737
NUS3027,PulseWidth_sec,1.00704,1.006923077
NUS3027,PulseWidth_sec,1.079714286,0.933333333
NUS3027,PulseWidth_sec,1.067380952,1.053684211
NUS3027,PulseWidth_sec,1.05135,0.963333333
NUS3027,PulseWidth_sec,1.075625,1.001
NUS3027,PulseWidth_sec,1.01436,11.01604659
NUS3027,PulseWidth_sec,1.049190476,0.87
NUS3027,PulseWidth_sec,1.102857143,1.067692308
NUS3027,PulseWidth_sec,1.106714286,1.102
NUS3027,PulseWidth_sec,1.086913043,1.089166667
NUS3027,PulseWidth_sec,0.970388889,0.968181818
NUS3027,PulseWidth_sec,1.052909091,1.024166667
NUS3027,PulseWidth_sec,1.073954545,1.052
NUS3027,PulseWidth_sec,1.18125,1.154545455
NUS3027,PulseWidth_sec,1.1126875,1.117894737
NUS3027,PulseWidth_sec,1.123933333,1.123333333
NUS3027,PulseWidth_sec,1.026,1.030833333
NUS3027,PulseWidth_sec,1.131384615,1.137272727
NUS3027,PulseWidth_sec,1.127,1.102608696
NUS3027,CT_sec,0.308181818,0.331578947
NUS3027,CT_sec,0.181375,0.24
NUS3027,CT_sec,0.267615385,0.298518519
NUS3027,CT_sec,0.275333333,0.2776
NUS3027,CT_sec,0.204833333,0.1375
NUS3027,CT_sec,0.20012,11.01604659
NUS3027,CT_sec,0.209,0.193
NUS3027,CT_sec,0.207571429,0.116923077
NUS3027,CT_sec,0.21085,0.302608696
NUS3027,CT_sec,0.216166667,0.288181818
NUS3027,CT_sec,0.216153846,0.2936
NUS3027,CT_sec,0.213916667,0.264347826
NUS3027,CT_sec,0.213631579,0.305882353
NUS3027,CT_sec,0.20275,0.286086957
NUS3027,CT_sec,0.235210526,0.296666667
NUS3027,CT_sec,0.232,0.296
NUS3027,CT_sec,0.230142857,0.317
NUS3027,CT_sec,0.296526316,0.31826087
NUS3027,CT_sec,0.266066667,0.306956522
NUS3027,CT_sec,0.285625,0.319130435
NUS3027,dT_sec,0.278681818,0.14
NUS3027,dT_sec,0.225090909,0.296842105
NUS3027,dT_sec,0.281095238,0.203703704
NUS3027,dT_sec,0.257583333,0.244615385
NUS3027,dT_sec,0.2446,0.263478261
NUS3027,dT_sec,0.308947368,0.37
NUS3027,dT_sec,0.3448,0.348571429
NUS3027,dT_sec,0.285,0.358333333
NUS3027,dT_sec,0.204857143,0.305454545
NUS3027,dT_sec,0.312,0.218888889
NUS3027,dT_sec,0.283722222,0.233333333
NUS3027,dT_sec,0.290041667,0.222
NUS3027,dT_sec,0.322875,0.215454545
NUS3027,dT_sec,0.33705,0.285217391
NUS3027,dT_sec,0.2895,0.201111111
NUS3027,dT_sec,0.28675,0.2488
NUS3027,dT_sec,0.272478261,0.228333333
NUS3027,dT_sec,0.2755,0.22173913
NUS3027,dT_sec,0.227133333,0.233636364
NUS3027,dT_sec,0.252388889,0.21826087
NUS3027,dT_samples,55.28571429,48.7037037
NUS3027,dT_samples,62.3,65.36363636
NUS3027,dT_samples,40.42857143,64.33333333
NUS3027,dT_samples,50.05263158,71.0625
NUS3027,dT_samples,60,66.7
NUS3027,dT_samples,50.57142857,75.04545455
NUS3027,dT_samples,60.66666667,38.17391304
NUS3027,dT_samples,62.95238095,38.31818182
NUS3027,dT_samples,59.85714286,38.79166667
NUS3027,dT_samples,51.85714286,40
NUS3027,dT_samples,64.12,44.64
NUS3027,dT_samples,62,43
NUS3027,dT_samples,55.3,50.22727273
NUS3027,dT_samples,61.0952381,51.0952381
NUS3027,dT_samples,43.75,50.73913043
NUS3027,dT_samples,54.35294118,38.15789474
NUS3027,dT_samples,53.90909091,41.91304348
NUS3027,dT_samples,49.5,37.44444444
NUS3027,dT_samples,50.5625,39.17391304
NUS3027,dT_samples,43.125,41.68181818
NUS3027,CT_samples,59.39130435,61.62962963
NUS3027,CT_samples,41.1,37.2
NUS3027,CT_samples,37.63636364,53.17391304
NUS3027,CT_samples,38.56,54.16
NUS3027,CT_samples,38.85,53.95833333
NUS3027,CT_samples,39.76,52.96153846
NUS3027,CT_samples,41.96,56.12
NUS3027,CT_samples,45.47368421,55.66666667
NUS3027,CT_samples,38.95454545,45.41666667
NUS3027,CT_samples,37.95238095,44.20833333
NUS3027,CT_samples,41.05,49.125
NUS3027,CT_samples,44.11111111,56.59090909
NUS3027,CT_samples,36.69230769,52.85
NUS3027,CT_samples,36.22727273,50.68181818
NUS3027,CT_samples,35.86666667,49.88235294
NUS3027,CT_samples,37.44444444,51.21052632
NUS3027,CT_samples,37.6875,52
NUS3027,CT_samples,45.85,55.13043478
NUS3027,CT_samples,53.05555556,56.86956522
NUS3027,CT_samples,51.375,55.22727273
NUS3027,RI_ratio,0.729637491,0.361554401
NUS3027,RI_ratio,0.905908826,5.752560272
NUS3027,RI_ratio,0.755282673,0.689258896
NUS3027,RI_ratio,0.725795701,2.919398158
NUS3027,RI_ratio,0.669851482,0.573892364
NUS3027,RI_ratio,0.72994581,0.23878283
NUS3027,RI_ratio,0.678790458,0.879294159
NUS3027,RI_ratio,0.596012814,0.890064252
NUS3027,RI_ratio,0.644092852,0.903831318
NUS3027,RI_ratio,0.561210655,0.873586656
NUS3027,RI_ratio,0.53619099,0.865538399
NUS3027,RI_ratio,0.591525039,0.819627544
NUS3027,RI_ratio,0.633275004,0.892696895
NUS3027,RI_ratio,0.577716008,0.718820972
NUS3027,RI_ratio,0.56723338,0.693188671
NUS3027,RI_ratio,0.652207687,0.879529507
NUS3027,RI_ratio,0.631809455,0.874825844
NUS3027,RI_ratio,0.642564705,0.736696064
NUS3027,RI_ratio,0.673558003,0.751146212
NUS3027,RI_ratio,0.754503032,0.831572834
NUS3028,PulseWidth_sec,0.958777778,0.957333333
NUS3028,PulseWidth_sec,0.971652174,0.962222222
NUS3028,PulseWidth_sec,0.995961538,0.9976
NUS3028,PulseWidth_sec,0.889827586,0.892857143
NUS3028,PulseWidth_sec,0.9805,0.973333333
NUS3028,PulseWidth_sec,1.046333333,1.06173913
NUS3028,PulseWidth_sec,1.044222222,1.051818182
NUS3028,PulseWidth_sec,0.897125,0.901666667
NUS3028,PulseWidth_sec,0.919666667,0.914666667
NUS3028,PulseWidth_sec,0.929428571,0.955
NUS3028,PulseWidth_sec,0.962208333,0.98
NUS3028,PulseWidth_sec,0.95075,0.955294118
NUS3028,PulseWidth_sec,0.955178571,0.954814815
NUS3028,PulseWidth_sec,0.915862069,0.915555556
NUS3028,PulseWidth_sec,0.920517241,0.921428571
NUS3028,PulseWidth_sec,0.823133333,0.803333333
NUS3028,PulseWidth_sec,0.83825,0.843809524
NUS3028,PulseWidth_sec,0.973105263,0.970833333
NUS3028,PulseWidth_sec,0.867357143,0.863333333
NUS3028,PulseWidth_sec,0.966647059,0.956
NUS3028,CT_sec,0.204818182,0.297142857
NUS3028,CT_sec,0.209833333,0.21
NUS3028,CT_sec,0.22425,0.18
NUS3028,CT_sec,0.212111111,0.232857143
NUS3028,CT_sec,0.20992,0.267272727
NUS3028,CT_sec,0.194666667,0.209090909
NUS3028,CT_sec,0.203666667,0.282105263
NUS3028,CT_sec,0.210692308,0.244615385
NUS3028,CT_sec,0.219538462,0.285333333
NUS3028,CT_sec,0.212037037,0.222222222
NUS3028,CT_sec,0.197964286,0.242307692
NUS3028,CT_sec,0.200925926,0.23
NUS3028,CT_sec,0.202833333,0.2232
NUS3028,CT_sec,0.199952381,0.217777778
NUS3028,CT_sec,0.207,0.235384615
NUS3028,CT_sec,0.189714286,0.201904762
NUS3028,CT_sec,0.195925926,0.216153846
NUS3028,CT_sec,0.195277778,0.205833333
NUS3028,CT_sec,0.182,0.2125
NUS3028,CT_sec,0.179454545,0.185263158
NUS3028,dT_sec,0.30975,0.44
NUS3028,dT_sec,0.309,0.313333333
NUS3028,dT_sec,0.30644,0.295384615
NUS3028,dT_sec,0.3126,0.2696
NUS3028,dT_sec,0.307636364,0.266666667
NUS3028,dT_sec,0.310090909,0.322666667
NUS3028,dT_sec,0.314875,0.302222222
NUS3028,dT_sec,0.301925926,0.225
NUS3028,dT_sec,0.317,0.296923077
NUS3028,dT_sec,0.31044,0.292142857
NUS3028,dT_sec,0.310555556,0.265714286
NUS3028,dT_sec,0.297586207,0.262222222
NUS3028,dT_sec,0.28762069,0.252307692
NUS3028,dT_sec,0.29716,0.290344828
NUS3028,dT_sec,0.29725,0.3096
NUS3028,dT_sec,0.29348,0.274166667
NUS3028,dT_sec,0.297592593,0.29826087
NUS3028,dT_sec,0.285857143,0.2784
NUS3028,dT_sec,0.2905,0.271578947
NUS3028,dT_sec,0.276962963,0.291
NUS3028,dT_samples,63.40740741,53.66666667
NUS3028,dT_samples,59.31818182,52.7
NUS3028,dT_samples,71.62068966,55.79310345
NUS3028,dT_samples,64.57692308,59.40909091
NUS3028,dT_samples,63.75,72.66666667
NUS3028,dT_samples,66.59259259,53.73076923
NUS3028,dT_samples,65.33333333,52.36363636
NUS3028,dT_samples,63.77777778,52.94736842
NUS3028,dT_samples,66.7826087,55.18181818
NUS3028,dT_samples,64.08,58.92
NUS3028,dT_samples,65.9,57
NUS3028,dT_samples,60,62.03846154
NUS3028,dT_samples,61.875,64.43478261
NUS3028,dT_samples,64.45454545,60.29411765
NUS3028,dT_samples,61.28571429,62.76923077
NUS3028,dT_samples,62.92857143,69.92857143
NUS3028,dT_samples,62,58.875
NUS3028,dT_samples,60.10714286,62.52380952
NUS3028,dT_samples,57.16,67.20833333
NUS3028,dT_samples,65.41176471,66.3
NUS3028,CT_samples,43.78571429,56.125
NUS3028,CT_samples,43.55555556,53.95454545
NUS3028,CT_samples,46.32,46.96153846
NUS3028,CT_samples,45.07407407,46.88888889
NUS3028,CT_samples,41.0952381,53.56521739
NUS3028,CT_samples,40.34782609,52.56
NUS3028,CT_samples,43.38461538,50.66666667
NUS3028,CT_samples,37.71428571,44.05882353
NUS3028,CT_samples,40.70833333,48.26923077
NUS3028,CT_samples,38.57142857,43.18181818
NUS3028,CT_samples,39.54166667,41.45454545
NUS3028,CT_samples,42.07407407,58.96153846
NUS3028,CT_samples,41.03846154,52.19230769
NUS3028,CT_samples,42.62962963,49.85185185
NUS3028,CT_samples,41.17857143,43.25
NUS3028,CT_samples,41.4137931,43.69565217
NUS3028,CT_samples,41.5,38.3
NUS3028,CT_samples,41.77777778,42.91304348
NUS3028,CT_samples,42.92857143,42
NUS3028,CT_samples,43.96428571,46.03571429
NUS3028,RI_ratio,0.551351096,0.823586191
NUS3028,RI_ratio,0.584542578,0.795527708
NUS3028,RI_ratio,0.585235605,0.883768113
NUS3028,RI_ratio,0.546082835,0.831756244
NUS3028,RI_ratio,0.45449534,0.796908973
NUS3028,RI_ratio,0.544855477,0.860413493
NUS3028,RI_ratio,0.53387361,0.832510968
NUS3028,RI_ratio,0.464047534,0.747264934
NUS3028,RI_ratio,0.592595994,0.932767599
NUS3028,RI_ratio,0.541443127,0.733446758
NUS3028,RI_ratio,0.546104195,0.785486979
NUS3028,RI_ratio,0.475359882,0.656669516
NUS3028,RI_ratio,0.540044423,0.872874014
NUS3028,RI_ratio,0.467817096,0.86612634
NUS3028,RI_ratio,0.495786263,0.8148578
NUS3028,RI_ratio,0.499335309,0.77070513
NUS3028,RI_ratio,0.515151158,0.766197571
NUS3028,RI_ratio,0.47011594,0.811001377
NUS3028,RI_ratio,1.182880604,0.900890423
NUS3028,RI_ratio,0.554843369,0.839276111
NUS3029,PulseWidth_sec,1.0082,1.011818182
NUS3029,PulseWidth_sec,1.071083333,1.072173913
NUS3029,PulseWidth_sec,1.111521739,1.108571429
NUS3029,PulseWidth_sec,1.075826087,1.084545455
NUS3029,PulseWidth_sec,1.082608696,1.085217391
NUS3029,PulseWidth_sec,1.10845,1.106
NUS3029,PulseWidth_sec,1.045708333,1.048
NUS3029,PulseWidth_sec,1.066125,1.069166667
NUS3029,PulseWidth_sec,1.081,1.0825
NUS3029,PulseWidth_sec,1.076958333,1.08
NUS3029,PulseWidth_sec,1.084958333,1.087826087
NUS3029,PulseWidth_sec,1.087869565,1.092173913
NUS3029,PulseWidth_sec,1.096652174,1.1
NUS3029,PulseWidth_sec,1.117526316,1.1
NUS3029,PulseWidth_sec,0.972952381,0.964444444
NUS3029,PulseWidth_sec,1.117105263,1.11
NUS3029,PulseWidth_sec,1.099086957,1.10173913
NUS3029,PulseWidth_sec,1.153772727,1.157272727
NUS3029,PulseWidth_sec,1.076333333,1.089473684
NUS3029,PulseWidth_sec,1.150444444,1.13625
NUS3029,CT_sec,0.294,0.280833333
NUS3029,CT_sec,0.278736842,0.28
NUS3029,CT_sec,0.276565217,0.254545455
NUS3029,CT_sec,0.270761905,0.264545455
NUS3029,CT_sec,0.28452,0.2672
NUS3029,CT_sec,0.292555556,0.327368421
NUS3029,CT_sec,0.262133333,0.266206897
NUS3029,CT_sec,0.284333333,0.2864
NUS3029,CT_sec,0.265869565,0.28
NUS3029,CT_sec,0.26426087,0.275833333
NUS3029,CT_sec,0.27088,0.263846154
NUS3029,CT_sec,0.270217391,0.311304348
NUS3029,CT_sec,0.268863636,0.313913043
NUS3029,CT_sec,0.271714286,0.330909091
NUS3029,CT_sec,0.277708333,0.293333333
NUS3029,CT_sec,0.279181818,0.295
NUS3029,CT_sec,0.2335,0.283809524
NUS3029,CT_sec,0.244681818,0.29
NUS3029,CT_sec,0.267,0.288181818
NUS3029,CT_sec,0.2736875,0.326666667
NUS3029,dT_sec,0.27226087,0.264347826
NUS3029,dT_sec,0.266545455,0.293333333
NUS3029,dT_sec,0.265227273,0.2725
NUS3029,dT_sec,0.24856,0.2576
NUS3029,dT_sec,0.222944444,0.252857143
NUS3029,dT_sec,0.24155,0.272727273
NUS3029,dT_sec,0.2365,0.240833333
NUS3029,dT_sec,0.236541667,0.257391304
NUS3029,dT_sec,0.26132,0.2296
NUS3029,dT_sec,0.268541667,0.231666667
NUS3029,dT_sec,0.273086957,0.246086957
NUS3029,dT_sec,0.268217391,0.238333333
NUS3029,dT_sec,0.228083333,0.241538462
NUS3029,dT_sec,0.24104,0.2424
NUS3029,dT_sec,0.25844,0.254166667
NUS3029,dT_sec,0.253478261,0.319047619
NUS3029,dT_sec,0.2594,0.329090909
NUS3029,dT_sec,0.251454545,0.235294118
NUS3029,dT_sec,0.280466667,0.360952381
NUS3029,dT_sec,0.264272727,0.347272727
NUS3029,dT_samples,46.20833333,44.5
NUS3029,dT_samples,49.34782609,46.65217391
NUS3029,dT_samples,47.34782609,49.56521739
NUS3029,dT_samples,51.16666667,48.55
NUS3029,dT_samples,45.90909091,49.9047619
NUS3029,dT_samples,49.08695652,47.85714286
NUS3029,dT_samples,45.7,46.23529412
NUS3029,dT_samples,45.69565217,51.27272727
NUS3029,dT_samples,47.16666667,43.76190476
NUS3029,dT_samples,48.47826087,42.58333333
NUS3029,dT_samples,48.75,43.34782609
NUS3029,dT_samples,46.39130435,42.5
NUS3029,dT_samples,20.375,45.2
NUS3029,dT_samples,27.90909091,46.91666667
NUS3029,dT_samples,47.73913043,46.43478261
NUS3029,dT_samples,48.04545455,47.52173913
NUS3029,dT_samples,47.125,42
NUS3029,dT_samples,45.14285714,46.95238095
NUS3029,dT_samples,46.08333333,51.10526316
NUS3029,dT_samples,47.42857143,48.04347826
NUS3029,CT_samples,53.91666667,50.20833333
NUS3029,CT_samples,51.60869565,45.22727273
NUS3029,CT_samples,49.86956522,45.1
NUS3029,CT_samples,48.73913043,45.0952381
NUS3029,CT_samples,47.86956522,45.30434783
NUS3029,CT_samples,50.86956522,45.28571429
NUS3029,CT_samples,47.72727273,45.90909091
NUS3029,CT_samples,51.91666667,53.63636364
NUS3029,CT_samples,59.68965517,59.19354839
NUS3029,CT_samples,53.83333333,51.84
NUS3029,CT_samples,49.625,51.60869565
NUS3029,CT_samples,50.47826087,50.45833333
NUS3029,CT_samples,47.91666667,48.26086957
NUS3029,CT_samples,53.19230769,50.72
NUS3029,CT_samples,52.34782609,62.3
NUS3029,CT_samples,44.95,54.5
NUS3029,CT_samples,53.04166667,53.18181818
NUS3029,CT_samples,50.69565217,50.73913043
NUS3029,CT_samples,49.5,49.80952381
NUS3029,CT_samples,44.14285714,52
NUS3029,RI_ratio,0.620261171,0.685683551
NUS3029,RI_ratio,0.673284217,0.685586972
NUS3029,RI_ratio,0.688437036,0.67457198
NUS3029,RI_ratio,0.627706308,0.667975071
NUS3029,RI_ratio,0.640678606,0.686298653
NUS3029,RI_ratio,0.913254491,0.643917917
NUS3029,RI_ratio,0.930614257,0.656843834
NUS3029,RI_ratio,0.666234434,0.718161473
NUS3029,RI_ratio,0.658831983,0.694609782
NUS3029,RI_ratio,0.625850474,0.729931847
NUS3029,RI_ratio,0.635294527,0.69269377
NUS3029,RI_ratio,0.595032587,0.735484663
NUS3029,RI_ratio,0.495333047,0.705858814
NUS3029,RI_ratio,0.632693945,0.705677886
NUS3029,RI_ratio,0.631874388,0.672760315
NUS3029,RI_ratio,0.631944851,0.711762222
NUS3029,RI_ratio,3.287558358,0.74416496
NUS3029,RI_ratio,0.651883164,1.643013868
NUS3029,RI_ratio,0.539056751,0.679094604
NUS3029,RI_ratio,0.73481661,0.902314186
NUS3030,PulseWidth_sec,0.938095238,0.93
NUS3030,PulseWidth_sec,0.956625,0.955555556
NUS3030,PulseWidth_sec,0.94608,0.949230769
NUS3030,PulseWidth_sec,0.943578947,0.944
NUS3030,PulseWidth_sec,0.875608696,0.883703704
NUS3030,PulseWidth_sec,0.894851852,0.893103448
NUS3030,PulseWidth_sec,0.876,0.891428571
NUS3030,PulseWidth_sec,0.903785714,0.902222222
NUS3030,PulseWidth_sec,0.902153846,0.9056
NUS3030,PulseWidth_sec,0.837541667,0.868
NUS3030,PulseWidth_sec,0.938666667,0.925714286
NUS3030,PulseWidth_sec,0.908541667,0.906666667
NUS3030,PulseWidth_sec,0.965545455,0.988571429
NUS3030,PulseWidth_sec,0.948,0.951
NUS3030,PulseWidth_sec,0.943181818,0.945714286
NUS3030,PulseWidth_sec,1.008388889,1.004
NUS3030,PulseWidth_sec,1.129,1.097647059
NUS3030,PulseWidth_sec,1.190333333,1.137647059
NUS3030,PulseWidth_sec,1.16,1.115
NUS3030,PulseWidth_sec,1.099,1.1
NUS3030,CT_sec,0.17552,0.171111111
NUS3030,CT_sec,0.18326087,0.196296296
NUS3030,CT_sec,0.181772727,0.200714286
NUS3030,CT_sec,0.185037037,0.2
NUS3030,CT_sec,0.184478261,0.202222222
NUS3030,CT_sec,0.184538462,0.203703704
NUS3030,CT_sec,0.172416667,0.183
NUS3030,CT_sec,0.177241379,0.18137931
NUS3030,CT_sec,0.177538462,0.1856
NUS3030,CT_sec,0.171478261,0.197777778
NUS3030,CT_sec,0.175666667,0.248695652
NUS3030,CT_sec,0.175368421,0.231764706
NUS3030,CT_sec,0.173818182,0.21
NUS3030,CT_sec,0.172,0.173333333
NUS3030,CT_sec,0.1778,0.2048
NUS3030,CT_sec,0.173333333,0.202352941
NUS3030,CT_sec,0.174,0.19625
NUS3030,CT_sec,0.1805,0.22
NUS3030,CT_sec,0.175428571,0.172727273
NUS3030,CT_sec,0.181666667,0.16
NUS3030,dT_sec,0.344142857,0.353333333
NUS3030,dT_sec,0.331454545,0.308
NUS3030,dT_sec,0.329208333,0.305384615
NUS3030,dT_sec,0.329090909,0.307407407
NUS3030,dT_sec,0.3105,0.289655172
NUS3030,dT_sec,0.306777778,0.293103448
NUS3030,dT_sec,0.315482759,0.317142857
NUS3030,dT_sec,0.2899,0.285517241
NUS3030,dT_sec,0.342285714,0.314285714
NUS3030,dT_sec,0.342866667,0.292857143
NUS3030,dT_sec,0.338947368,0.278461538
NUS3030,dT_sec,0.337769231,0.321176471
NUS3030,dT_sec,0.345,0.319090909
NUS3030,dT_sec,0.337333333,0.333
NUS3030,dT_sec,0.3388,0.328235294
NUS3030,dT_sec,0.337,0.341428571
NUS3030,dT_sec,0.316,0.313913043
NUS3030,dT_sec,0.336533333,0.346666667
NUS3030,dT_sec,0.341052632,0.356923077
NUS3030,dT_sec,0.315222222,6.688967554
NUS3030,dT_samples,69.73333333,61.82142857
NUS3030,dT_samples,68.48,61.17857143
NUS3030,dT_samples,67.72,63.07407407
NUS3030,dT_samples,67.08,62.96153846
NUS3030,dT_samples,70.22222222,63.17857143
NUS3030,dT_samples,69.20689655,64.13333333
NUS3030,dT_samples,69.25,66.07142857
NUS3030,dT_samples,66.88888889,66.35714286
NUS3030,dT_samples,68.05882353,64.47826087
NUS3030,dT_samples,66.92,60.26666667
NUS3030,dT_samples,64.4,51.52941176
NUS3030,dT_samples,68.64705882,63.6
NUS3030,dT_samples,62.84615385,60.61904762
NUS3030,dT_samples,68.47619048,65.5
NUS3030,dT_samples,63.8125,62.25
NUS3030,dT_samples,54,62.64285714
NUS3030,dT_samples,55.75,60.5
NUS3030,dT_samples,63.58823529,55.20833333
NUS3030,dT_samples,59.625,54.875
NUS3030,dT_samples,62.21428571,66.16666667
NUS3030,CT_samples,36.4375,34.88235294
NUS3030,CT_samples,38.26086957,40.22222222
NUS3030,CT_samples,38,41.4
NUS3030,CT_samples,37.90909091,40.81481481
NUS3030,CT_samples,38.48,40.33333333
NUS3030,CT_samples,38.96296296,38.13793103
NUS3030,CT_samples,36.68181818,39.8125
NUS3030,CT_samples,37.78571429,42.8
NUS3030,CT_samples,37.30769231,44.06666667
NUS3030,CT_samples,35.52380952,44.89473684
NUS3030,CT_samples,36.44444444,43.21052632
NUS3030,CT_samples,35.66666667,43.85714286
NUS3030,CT_samples,35.91666667,48.26086957
NUS3030,CT_samples,35.8,44.94117647
NUS3030,CT_samples,36.5,40
NUS3030,CT_samples,38.1875,46.10526316
NUS3030,CT_samples,37,38
NUS3030,CT_samples,31.93333333,51.72727273
NUS3030,CT_samples,33.5,31.16666667
NUS3030,CT_samples,33,32.27272727
NUS3030,RI_ratio,0.437281913,0.867244747
NUS3030,RI_ratio,0.368189873,0.834607712
NUS3030,RI_ratio,0.475907279,0.742444042
NUS3030,RI_ratio,0.436479438,0.733220138
NUS3030,RI_ratio,0.463505732,0.769040734
NUS3030,RI_ratio,0.47141335,0.749803673
NUS3030,RI_ratio,0.474130856,0.801198995
NUS3030,RI_ratio,0.482932615,0.80562812
NUS3030,RI_ratio,0.461122807,0.809085096
NUS3030,RI_ratio,0.48990771,0.710758907
NUS3030,RI_ratio,0.364545243,0.842216674
NUS3030,RI_ratio,0.439729905,0.903004157
NUS3030,RI_ratio,0.414407561,0.717322372
NUS3030,RI_ratio,0.562833168,0.831784518
NUS3030,RI_ratio,0.449936973,0.739743158
NUS3030,RI_ratio,0.439753026,0.736957044
NUS3030,RI_ratio,0.396133718,0.897238092
NUS3030,RI_ratio,0.510834813,0.778983072
NUS3030,RI_ratio,0.46562577,0.859184263
NUS3030,RI_ratio,0.439046822,0.63624509
NUS3031,PulseWidth_sec,0.973444444,0.94
NUS3031,PulseWidth_sec,0.946166667,0.927142857
NUS3031,PulseWidth_sec,0.914615385,0.896470588
NUS3031,PulseWidth_sec,0.933230769,0.934285714
NUS3031,PulseWidth_sec,0.969115385,0.967826087
NUS3031,PulseWidth_sec,0.98,0.980869565
NUS3031,PulseWidth_sec,0.998538462,1
NUS3031,PulseWidth_sec,0.953230769,0.9672
NUS3031,PulseWidth_sec,0.944076923,0.953333333
NUS3031,PulseWidth_sec,0.96344,0.965185185
NUS3031,PulseWidth_sec,0.94125,0.978461538
NUS3031,PulseWidth_sec,0.955535714,0.954074074
NUS3031,PulseWidth_sec,0.966692308,0.965185185
NUS3031,PulseWidth_sec,1.0159,0.962857143
NUS3031,PulseWidth_sec,1.0115,0.941333333
NUS3031,PulseWidth_sec,0.958846154,0.969230769
NUS3031,PulseWidth_sec,0.892551724,0.892
NUS3031,PulseWidth_sec,0.895034483,0.893793103
NUS3031,PulseWidth_sec,0.90672,0.918461538
NUS3031,PulseWidth_sec,0.95056,0.96
NUS3031,CT_sec,0.200290323,0.261428571
NUS3031,CT_sec,0.20875,0.19
NUS3031,CT_sec,0.183714286,0.18
NUS3031,CT_sec,0.189708333,0.182222222
NUS3031,CT_sec,0.193181818,0.1775
NUS3031,CT_sec,0.195925926,0.227142857
NUS3031,CT_sec,0.202692308,0.2192
NUS3031,CT_sec,0.201814815,0.236296296
NUS3031,CT_sec,0.1817,0.1925
NUS3031,CT_sec,0.198913043,0.192307692
NUS3031,CT_sec,0.199714286,0.204444444
NUS3031,CT_sec,0.208954545,0.2168
NUS3031,CT_sec,0.202285714,0.212857143
NUS3031,CT_sec,0.206076923,0.199230769
NUS3031,CT_sec,0.207103448,0.240666667
NUS3031,CT_sec,0.206818182,0.226896552
NUS3031,CT_sec,0.214392857,0.234285714
NUS3031,CT_sec,0.211166667,0.231034483
NUS3031,CT_sec,0.1844,0.228275862
NUS3031,CT_sec,0.217619048,0.231034483
NUS3031,dT_sec,0.326708333,0.318333333
NUS3031,dT_sec,0.320875,0.287407407
NUS3031,dT_sec,0.336894737,0.334285714
NUS3031,dT_sec,0.280304348,0.311428571
NUS3031,dT_sec,0.313857143,0.31826087
NUS3031,dT_sec,0.317666667,0.321904762
NUS3031,dT_sec,0.333925926,0.3392
NUS3031,dT_sec,0.342111111,0.313076923
NUS3031,dT_sec,0.337666667,0.311111111
NUS3031,dT_sec,0.278153846,0.309230769
NUS3031,dT_sec,0.331666667,0.3375
NUS3031,dT_sec,0.3514,0.335555556
NUS3031,dT_sec,0.33292,0.305714286
NUS3031,dT_sec,0.333384615,0.31
NUS3031,dT_sec,0.33036,0.3
NUS3031,dT_sec,0.337607143,0.306206897
NUS3031,dT_sec,0.329607143,0.309655172
NUS3031,dT_sec,0.340793103,0.297142857
NUS3031,dT_sec,0.353789474,0.322608696
NUS3031,dT_sec,0.326,0.294705882
NUS3031,dT_samples,64.81481481,45.23809524
NUS3031,dT_samples,74.74193548,61.59375
NUS3031,dT_samples,56,63.56
NUS3031,dT_samples,72.03703704,64.15384615
NUS3031,dT_samples,69.62962963,70.4
NUS3031,dT_samples,72.21052632,72.54545455
NUS3031,dT_samples,58.31578947,67.9375
NUS3031,dT_samples,67.88888889,67.03703704
NUS3031,dT_samples,66.55,66.63636364
NUS3031,dT_samples,71.2,61.25
NUS3031,dT_samples,57.22222222,62.85185185
NUS3031,dT_samples,46.5,62.2962963
NUS3031,dT_samples,50,63.71428571
NUS3031,dT_samples,46.625,64.10714286
NUS3031,dT_samples,71.39285714,65.96551724
NUS3031,dT_samples,52.5,73.91666667
NUS3031,dT_samples,67.15789474,68.16
NUS3031,dT_samples,69.52380952,62.52380952
NUS3031,dT_samples,70.47368421,64.71428571
NUS3031,dT_samples,72.30434783,59.57142857
NUS3031,CT_samples,47.23333333,58.17241379
NUS3031,CT_samples,39.82608696,35
NUS3031,CT_samples,42.7826087,42.17647059
NUS3031,CT_samples,57.61111111,52.57142857
NUS3031,CT_samples,45.36,38.8
NUS3031,CT_samples,38.3125,36.3
NUS3031,CT_samples,40.57692308,38.09090909
NUS3031,CT_samples,39.74074074,36.40909091
NUS3031,CT_samples,38.32,46.21428571
NUS3031,CT_samples,36.44444444,45.07407407
NUS3031,CT_samples,43,41.88888889
NUS3031,CT_samples,41.84615385,43
NUS3031,CT_samples,45.55172414,49.06896552
NUS3031,CT_samples,43.88461538,46.52173913
NUS3031,CT_samples,42.5862069,45.4137931
NUS3031,CT_samples,45.68181818,49.24137931
NUS3031,CT_samples,44.56521739,47.86206897
NUS3031,CT_samples,41.84,48.42857143
NUS3031,CT_samples,43.32,42.17857143
NUS3031,CT_samples,47.125,47.73529412
NUS3031,RI_ratio,0.660707361,0.804588645
NUS3031,RI_ratio,0.538552098,0.769054948
NUS3031,RI_ratio,0.547611085,0.773128745
NUS3031,RI_ratio,0.654188472,0.64803811
NUS3031,RI_ratio,0.615737009,0.676419011
NUS3031,RI_ratio,0.500382749,0.630124706
NUS3031,RI_ratio,0.500395468,0.648537325
NUS3031,RI_ratio,0.380889453,0.597303862
NUS3031,RI_ratio,0.412729158,0.697481512
NUS3031,RI_ratio,0.961329186,0.682692071
NUS3031,RI_ratio,0.402847441,0.693172756
NUS3031,RI_ratio,0.332259291,0.70411236
NUS3031,RI_ratio,2.797817847,0.64468436
NUS3031,RI_ratio,0.385270569,0.74869963
NUS3031,RI_ratio,0.380775485,0.716952176
NUS3031,RI_ratio,0.352407799,0.682618254
NUS3031,RI_ratio,0.354867082,0.648577338
NUS3031,RI_ratio,0.794443467,0.652060683
NUS3031,RI_ratio,5.902304321,0.6207032
NUS3031,RI_ratio,0.434553887,0.679647981
NUS3032,PulseWidth_sec,1.0915625,1.085
NUS3032,PulseWidth_sec,1.083666667,1.089166667
NUS3032,PulseWidth_sec,1.063695652,1.051764706
NUS3032,PulseWidth_sec,1.0669,1.055294118
NUS3032,PulseWidth_sec,1.062578947,1.051428571
NUS3032,PulseWidth_sec,1.063555556,1.06
NUS3032,PulseWidth_sec,0.974565217,0.983333333
NUS3032,PulseWidth_sec,1.043055556,1.027142857
NUS3032,PulseWidth_sec,1.02596,1.02
NUS3032,PulseWidth_sec,1.063541667,1.030769231
NUS3032,PulseWidth_sec,1.015944444,1.008571429
NUS3032,PulseWidth_sec,1.0492,1.018461538
NUS3032,PulseWidth_sec,1.043166667,1.02
NUS3032,PulseWidth_sec,1.053125,1.034117647
NUS3032,PulseWidth_sec,0.96895,0.968571429
NUS3032,PulseWidth_sec,1.016642857,1.02
NUS3032,PulseWidth_sec,1.046272727,1.042222222
NUS3032,PulseWidth_sec,1.087769231,1.044
NUS3032,PulseWidth_sec,1.05272,1.037
NUS3032,PulseWidth_sec,1.049217391,1.042857143
NUS3032,CT_sec,0.187444444,0.195
NUS3032,CT_sec,0.19465,0.187058824
NUS3032,CT_sec,0.189190476,0.18875
NUS3032,CT_sec,0.1874,0.184285714
NUS3032,CT_sec,0.191875,0.185
NUS3032,CT_sec,0.172,0.189
NUS3032,CT_sec,0.191333333,0.181666667
NUS3032,CT_sec,0.187266667,0.191428571
NUS3032,CT_sec,0.188,0.181818182
NUS3032,CT_sec,0.1692,0.192631579
NUS3032,CT_sec,0.170333333,0.1928
NUS3032,CT_sec,0.184958333,0.178666667
NUS3032,CT_sec,0.187923077,0.189473684
NUS3032,CT_sec,0.18796,0.185333333
NUS3032,CT_sec,0.18908,0.182222222
NUS3032,CT_sec,0.196416667,0.184285714
NUS3032,CT_sec,0.190555556,0.19
NUS3032,CT_sec,0.188545455,0.198181818
NUS3032,CT_sec,0.181384615,0.194782609
NUS3032,CT_sec,0.199,0.177142857
NUS3032,dT_sec,6.419242127,0.298
NUS3032,dT_sec,0.3028,0.315555556
NUS3032,dT_sec,0.308294118,0.3175
NUS3032,dT_sec,0.294666667,0.305
NUS3032,dT_sec,0.308363636,0.295294118
NUS3032,dT_sec,0.323285714,0.322857143
NUS3032,dT_sec,0.321210526,0.32
NUS3032,dT_sec,0.284733333,0.30875
NUS3032,dT_sec,0.27925,0.3
NUS3032,dT_sec,0.3091,0.32125
NUS3032,dT_sec,0.307166667,0.316470588
NUS3032,dT_sec,0.30568,0.317142857
NUS3032,dT_sec,0.304615385,0.32
NUS3032,dT_sec,0.300909091,0.308571429
NUS3032,dT_sec,0.2965,0.314285714
NUS3032,dT_sec,0.301733333,0.296666667
NUS3032,dT_sec,0.299565217,0.305384615
NUS3032,dT_sec,0.2663125,0.282105263
NUS3032,dT_sec,0.28105,0.3
NUS3032,dT_sec,0.288909091,0.295384615
NUS3032,dT_samples,55.93333333,57.2
NUS3032,dT_samples,56.8,61.22222222
NUS3032,dT_samples,58.54166667,54.04545455
NUS3032,dT_samples,58.13333333,57.42857143
NUS3032,dT_samples,56.27272727,58.625
NUS3032,dT_samples,59.125,59.46153846
NUS3032,dT_samples,56.75,61.55
NUS3032,dT_samples,55.28571429,57.5
NUS3032,dT_samples,59.65,58.41666667
NUS3032,dT_samples,58.16666667,60.35714286
NUS3032,dT_samples,58.72222222,60.73333333
NUS3032,dT_samples,57.73333333,60.5
NUS3032,dT_samples,57.58333333,59.375
NUS3032,dT_samples,57.94444444,60.85714286
NUS3032,dT_samples,58.68,58.11764706
NUS3032,dT_samples,56.2,59.4
NUS3032,dT_samples,57.54545455,60
NUS3032,dT_samples,60.69565217,60.57692308
NUS3032,dT_samples,56.33333333,58.21428571
NUS3032,dT_samples,56,61.85714286
NUS3032,CT_samples,33.75,33.5
NUS3032,CT_samples,35.1,32.66666667
NUS3032,CT_samples,37.13636364,41.375
NUS3032,CT_samples,36.04545455,37.17647059
NUS3032,CT_samples,35.9,34.55555556
NUS3032,CT_samples,33.86956522,32.66666667
NUS3032,CT_samples,34.91304348,31.8
NUS3032,CT_samples,34.94444444,34.26666667
NUS3032,CT_samples,35.08333333,35
NUS3032,CT_samples,34.5,33.0625
NUS3032,CT_samples,34.52173913,32.73333333
NUS3032,CT_samples,34.70833333,33.30769231
NUS3032,CT_samples,35.96,34.66666667
NUS3032,CT_samples,37.2,33.5
NUS3032,CT_samples,36.71428571,35.57142857
NUS3032,CT_samples,36.66666667,34.78571429
NUS3032,CT_samples,31,35.91666667
NUS3032,CT_samples,36.31578947,34.18181818
NUS3032,CT_samples,35.375,32.66666667
NUS3032,CT_samples,36.47619048,34.47058824
NUS3032,RI_ratio,0.614270053,0.846926911
NUS3032,RI_ratio,0.568671528,0.825912173
NUS3032,RI_ratio,0.638210941,0.880237002
NUS3032,RI_ratio,0.566406954,0.77141681
NUS3032,RI_ratio,0.575008061,0.711650316
NUS3032,RI_ratio,0.450211935,0.683941873
NUS3032,RI_ratio,0.669477761,0.645027566
NUS3032,RI_ratio,0.69012751,0.650464551
NUS3032,RI_ratio,0.624232378,0.685979376
NUS3032,RI_ratio,0.493399321,0.680226041
NUS3032,RI_ratio,0.760580222,0.637992426
NUS3032,RI_ratio,0.406285044,0.629198121
NUS3032,RI_ratio,0.413447733,0.617126564
NUS3032,RI_ratio,0.430419154,0.63762003
NUS3032,RI_ratio,0.428157648,0.643639989
NUS3032,RI_ratio,0.559436379,0.741570748
NUS3032,RI_ratio,0.666126808,0.722920337
NUS3032,RI_ratio,0.692612629,0.699439988
NUS3032,RI_ratio,0.612037285,0.670579131
NUS3032,RI_ratio,0.658018076,0.751237037
NUS3033,PulseWidth_sec,1.059894737,1.049166667
NUS3033,PulseWidth_sec,1.040375,1.0475
NUS3033,PulseWidth_sec,5.692464759,0.983846154
NUS3033,PulseWidth_sec,1.0152,1.014615385
NUS3033,PulseWidth_sec,1.035352941,1.045
NUS3033,PulseWidth_sec,1.055666667,1.050833333
NUS3033,PulseWidth_sec,1.021722222,1.020769231
NUS3033,PulseWidth_sec,1.026666667,1.0256
NUS3033,PulseWidth_sec,1.018458333,1.020833333
NUS3033,PulseWidth_sec,0.880769231,0.886896552
NUS3033,PulseWidth_sec,0.937454545,0.931428571
NUS3033,PulseWidth_sec,0.988625,0.984347826
NUS3033,PulseWidth_sec,1.056363636,1.055833333
NUS3033,PulseWidth_sec,1.009269231,1.006153846
NUS3033,PulseWidth_sec,1.003923077,1.005384615
NUS3033,PulseWidth_sec,1.0028,1.000769231
NUS3033,PulseWidth_sec,0.948925926,0.95
NUS3033,PulseWidth_sec,0.987038462,0.993076923
NUS3033,PulseWidth_sec,0.834458333,0.824
NUS3033,PulseWidth_sec,1.008421053,1.009230769
NUS3033,CT_sec,0.219705882,0.277647059
NUS3033,CT_sec,0.211789474,0.2744
NUS3033,CT_sec,0.241214286,0.3112
NUS3033,CT_sec,0.232304348,0.3104
NUS3033,CT_sec,0.23364,0.3024
NUS3033,CT_sec,0.202034483,0.275172414
NUS3033,CT_sec,0.224,0.311538462
NUS3033,CT_sec,0.262,0.319259259
NUS3033,CT_sec,0.210583333,0.29037037
NUS3033,CT_sec,0.242407407,0.292307692
NUS3033,CT_sec,0.245692308,0.303076923
NUS3033,CT_sec,0.240961538,0.300740741
NUS3033,CT_sec,0.218105263,0.299259259
NUS3033,CT_sec,0.214291667,0.287586207
NUS3033,CT_sec,0.210869565,0.283703704
NUS3033,CT_sec,0.205,0.300740741
NUS3033,CT_sec,0.227,0.328695652
NUS3033,CT_sec,0.273545455,0.301333333
NUS3033,CT_sec,0.22315,0.303703704
NUS3033,CT_sec,0.22185,0.30137931
NUS3033,dT_sec,0.32015,0.288
NUS3033,dT_sec,0.324388889,0.239166667
NUS3033,dT_sec,0.343666667,0.264
NUS3033,dT_sec,0.2965,0.2536
NUS3033,dT_sec,0.2954,0.224210526
NUS3033,dT_sec,0.3177,0.256
NUS3033,dT_sec,0.348875,0.285454545
NUS3033,dT_sec,0.35725,0.26952381
NUS3033,dT_sec,0.1845,0.234736842
NUS3033,dT_sec,0.338807692,0.27037037
NUS3033,dT_sec,0.32425,0.2552
NUS3033,dT_sec,0.338375,0.2488
NUS3033,dT_sec,0.299772727,0.229473684
NUS3033,dT_sec,0.305678571,0.233333333
NUS3033,dT_sec,0.3413,0.267407407
NUS3033,dT_sec,0.339961538,0.27037037
NUS3033,dT_sec,0.327681818,0.2424
NUS3033,dT_sec,0.3495,0.216923077
NUS3033,dT_sec,0.291823529,0.215833333
NUS3033,dT_sec,0.3278,0.245833333
NUS3033,dT_samples,60.66666667,53.95238095
NUS3033,dT_samples,58.58333333,49.44444444
NUS3033,dT_samples,62.38888889,48.17391304
NUS3033,dT_samples,60.33333333,53.13043478
NUS3033,dT_samples,62.47058824,41.54166667
NUS3033,dT_samples,61,47.44
NUS3033,dT_samples,55.66666667,52.95833333
NUS3033,dT_samples,65.16666667,54.61111111
NUS3033,dT_samples,68.77777778,56.57692308
NUS3033,dT_samples,66.55,51.69565217
NUS3033,dT_samples,74,54.92307692
NUS3033,dT_samples,66.34615385,48.80769231
NUS3033,dT_samples,67.24,51.37037037
NUS3033,dT_samples,68.73076923,50.71428571
NUS3033,dT_samples,68.63157895,52.37931034
NUS3033,dT_samples,59.92307692,45.7826087
NUS3033,dT_samples,51.76470588,37.25
NUS3033,dT_samples,63.38461538,42.56
NUS3033,dT_samples,56.83333333,49.375
NUS3033,dT_samples,64.16666667,51.48387097
NUS3033,CT_samples,38.95454545,47.8
NUS3033,CT_samples,44.26315789,53.45454545
NUS3033,CT_samples,36.875,59.81818182
NUS3033,CT_samples,48.9,61.48148148
NUS3033,CT_samples,51.36363636,58.57692308
NUS3033,CT_samples,44.76923077,57.91304348
NUS3033,CT_samples,51.27272727,59
NUS3033,CT_samples,42.41666667,55.08333333
NUS3033,CT_samples,43.04545455,56.23076923
NUS3033,CT_samples,50.28571429,64.62962963
NUS3033,CT_samples,44.16,60.34615385
NUS3033,CT_samples,43.30434783,58.76
NUS3033,CT_samples,49.07692308,60.25925926
NUS3033,CT_samples,46.64,60.77777778
NUS3033,CT_samples,50.44444444,61.28571429
NUS3033,CT_samples,47.13043478,61.6875
NUS3033,CT_samples,49.41666667,68.8
NUS3033,CT_samples,47.54545455,60
NUS3033,CT_samples,39,56.42857143
NUS3033,CT_samples,51.83333333,58.17391304
NUS3033,RI_ratio,0.654514782,0.855629463
NUS3033,RI_ratio,0.573282384,0.804201331
NUS3033,RI_ratio,0.650408457,0.799197484
NUS3033,RI_ratio,0.675091655,0.909612783
NUS3033,RI_ratio,0.568191716,0.817921312
NUS3033,RI_ratio,0.527639847,0.778214294
NUS3033,RI_ratio,0.642119587,0.84213614
NUS3033,RI_ratio,0.622020767,0.862908985
NUS3033,RI_ratio,0.590868023,0.880298357
NUS3033,RI_ratio,0.579392231,0.871102961
NUS3033,RI_ratio,0.573871821,0.850212754
NUS3033,RI_ratio,0.576620158,0.848306192
NUS3033,RI_ratio,0.610385252,0.88783059
NUS3033,RI_ratio,0.541555171,0.791861365
NUS3033,RI_ratio,0.534520541,0.806633185
NUS3033,RI_ratio,0.569651309,0.829648873
NUS3033,RI_ratio,0.540219798,0.842255739
NUS3033,RI_ratio,0.701395218,0.910054735
NUS3033,RI_ratio,0.697622443,0.901317461
NUS3033,RI_ratio,0.678380339,0.887073389
NUS3034,PulseWidth_sec,0.915384615,0.96
NUS3034,PulseWidth_sec,1.025846154,0.984444444
NUS3034,PulseWidth_sec,0.8665,0.851428571
NUS3034,PulseWidth_sec,0.874566667,0.876
NUS3034,PulseWidth_sec,0.88325,0.877857143
NUS3034,PulseWidth_sec,0.883,0.887333333
NUS3034,PulseWidth_sec,0.87708,0.87862069
NUS3034,PulseWidth_sec,0.866548387,0.867096774
NUS3034,PulseWidth_sec,0.904958333,0.904347826
NUS3034,PulseWidth_sec,0.972181818,0.980869565
NUS3034,PulseWidth_sec,0.9185,0.91862069
NUS3034,PulseWidth_sec,0.98325,0.964347826
NUS3034,PulseWidth_sec,0.874,0.871724138
NUS3034,PulseWidth_sec,0.858275862,0.85862069
NUS3034,PulseWidth_sec,0.8558,0.862857143
NUS3034,PulseWidth_sec,0.859866667,0.860689655
NUS3034,PulseWidth_sec,0.861451613,0.868888889
NUS3034,PulseWidth_sec,0.857096774,0.862857143
NUS3034,PulseWidth_sec,0.846966667,0.852413793
NUS3034,PulseWidth_sec,0.7845,0.769375
NUS3034,CT_sec,0.26275,0.332857143
NUS3034,CT_sec,0.242758621,0.279310345
NUS3034,CT_sec,0.243785714,0.277142857
NUS3034,CT_sec,0.235166667,0.272666667
NUS3034,CT_sec,0.228064516,0.26516129
NUS3034,CT_sec,0.2335,0.27
NUS3034,CT_sec,0.243214286,0.274482759
NUS3034,CT_sec,0.253071429,0.285185185
NUS3034,CT_sec,0.27,0.284
NUS3034,CT_sec,0.245448276,0.268666667
NUS3034,CT_sec,0.251727273,0.273793103
NUS3034,CT_sec,0.238862069,0.260689655
NUS3034,CT_sec,0.238074074,0.267586207
NUS3034,CT_sec,0.2392,0.268148148
NUS3034,CT_sec,0.237066667,0.267857143
NUS3034,CT_sec,0.229846154,0.257931034
NUS3034,CT_sec,0.236533333,0.264827586
NUS3034,CT_sec,0.238392857,0.268
NUS3034,CT_sec,0.220352941,0.259393939
NUS3034,CT_sec,0.253555556,0.278518519
NUS3034,dT_sec,0.256823529,0.206666667
NUS3034,dT_sec,0.240277778,0.247
NUS3034,dT_sec,0.261714286,0.214285714
NUS3034,dT_sec,0.264172414,0.219310345
NUS3034,dT_sec,0.257535714,0.237142857
NUS3034,dT_sec,0.279096774,0.253548387
NUS3034,dT_sec,0.27683871,0.236774194
NUS3034,dT_sec,0.2365,0.229285714
NUS3034,dT_sec,0.24472,0.2152
NUS3034,dT_sec,0.26392,0.216153846
NUS3034,dT_sec,0.253142857,0.2304
NUS3034,dT_sec,0.2699,0.252
NUS3034,dT_sec,0.268571429,0.245517241
NUS3034,dT_sec,0.264444444,0.223125
NUS3034,dT_sec,0.282066667,0.220625
NUS3034,dT_sec,0.249090909,0.2225
NUS3034,dT_sec,0.277571429,0.22516129
NUS3034,dT_sec,0.275357143,0.218064516
NUS3034,dT_sec,0.275857143,0.224615385
NUS3034,dT_sec,0.256064516,0.216969697
NUS3034,dT_samples,56.27777778,46.96428571
NUS3034,dT_samples,58.75862069,47.5862069
NUS3034,dT_samples,45.88888889,44.85185185
NUS3034,dT_samples,58.27586207,46.96551724
NUS3034,dT_samples,60.8,48.6
NUS3034,dT_samples,59.46666667,51.06896552
NUS3034,dT_samples,63.06451613,54.53333333
NUS3034,dT_samples,54.16666667,50.4
NUS3034,dT_samples,63.56666667,53.5
NUS3034,dT_samples,63.90322581,51.96774194
NUS3034,dT_samples,49,43.30434783
NUS3034,dT_samples,53.33333333,48.96
NUS3034,dT_samples,53.33333333,50.40740741
NUS3034,dT_samples,58.68,46.53846154
NUS3034,dT_samples,62.23333333,51.1
NUS3034,dT_samples,60.64516129,53.77419355
NUS3034,dT_samples,63.59375,52.43333333
NUS3034,dT_samples,58.55,47.7
NUS3034,dT_samples,61.81481481,48.22580645
NUS3034,dT_samples,67.1875,60.08333333
NUS3034,CT_samples,54.84,62.13043478
NUS3034,CT_samples,52.57692308,57.96428571
NUS3034,CT_samples,52.9,59.64285714
NUS3034,CT_samples,51.76666667,57.66666667
NUS3034,CT_samples,52.6875,59.65217391
NUS3034,CT_samples,57.59090909,60.58823529
NUS3034,CT_samples,49.6,58.44444444
NUS3034,CT_samples,49.66666667,53.57142857
NUS3034,CT_samples,47,56.68181818
NUS3034,CT_samples,50.67857143,58.03571429
NUS3034,CT_samples,50.47826087,59.03846154
NUS3034,CT_samples,51.8,60.15384615
NUS3034,CT_samples,51.63636364,57.75862069
NUS3034,CT_samples,55.10344828,58.72413793
NUS3034,CT_samples,54.3,61.11111111
NUS3034,CT_samples,55.38709677,59.55172414
NUS3034,CT_samples,51.48,60.33333333
NUS3034,CT_samples,50.36666667,58.58064516
NUS3034,CT_samples,62,64.25
NUS3034,CT_samples,54.1875,64.6
NUS3034,RI_ratio,0.705298628,0.853683686
NUS3034,RI_ratio,0.709152575,0.832514303
NUS3034,RI_ratio,0.696315955,0.844294757
NUS3034,RI_ratio,0.670592769,0.822021802
NUS3034,RI_ratio,0.685969475,0.834569662
NUS3034,RI_ratio,0.706731398,0.854276395
NUS3034,RI_ratio,0.807894337,0.927709578
NUS3034,RI_ratio,0.782548563,0.875513705
NUS3034,RI_ratio,0.762071145,0.844107015
NUS3034,RI_ratio,0.692219633,0.849253631
NUS3034,RI_ratio,0.709205462,0.86849899
NUS3034,RI_ratio,0.631828369,0.883763877
NUS3034,RI_ratio,0.605270392,0.892168225
NUS3034,RI_ratio,0.585220366,0.871741904
NUS3034,RI_ratio,0.645584418,0.862975789
NUS3034,RI_ratio,0.589392013,0.802991893
NUS3034,RI_ratio,0.675990808,0.899390942
NUS3034,RI_ratio,0.740316136,0.88441457
NUS3034,RI_ratio,0.727760674,0.845987265
NUS3034,RI_ratio,0.710538168,0.869451827
NUS3035,PulseWidth_sec,0.984571429,0.99
NUS3035,PulseWidth_sec,0.959529412,0.97037037
NUS3035,PulseWidth_sec,1.021611111,1.003846154
NUS3035,PulseWidth_sec,0.897789474,0.869032258
NUS3035,PulseWidth_sec,1.028647059,1.000769231
NUS3035,PulseWidth_sec,1.0265,1.019230769
NUS3035,PulseWidth_sec,1.01373913,1.0104
NUS3035,PulseWidth_sec,1.009684211,1.008461538
NUS3035,PulseWidth_sec,1.017454545,1.0168
NUS3035,PulseWidth_sec,1.026238095,1.0272
NUS3035,PulseWidth_sec,0.976117647,0.979259259
NUS3035,PulseWidth_sec,0.909956522,0.909655172
NUS3035,PulseWidth_sec,0.889272727,0.909655172
NUS3035,PulseWidth_sec,1.007066667,1
NUS3035,PulseWidth_sec,0.9836,0.973333333
NUS3035,PulseWidth_sec,1.02625,0.981481481
NUS3035,PulseWidth_sec,0.9906,0.995384615
NUS3035,PulseWidth_sec,0.860259259,0.868666667
NUS3035,PulseWidth_sec,0.875409091,0.872666667
NUS3035,PulseWidth_sec,0.977130435,0.969166667
NUS3035,CT_sec,0.196869565,0.297142857
NUS3035,CT_sec,0.205461538,0.324615385
NUS3035,CT_sec,0.270965517,0.302666667
NUS3035,CT_sec,0.26575,0.313333333
NUS3035,CT_sec,0.266,0.315384615
NUS3035,CT_sec,0.225647059,0.314615385
NUS3035,CT_sec,0.205863636,0.314615385
NUS3035,CT_sec,0.230285714,0.3184
NUS3035,CT_sec,0.232833333,0.32
NUS3035,CT_sec,0.220647059,0.3176
NUS3035,CT_sec,0.2328125,0.306666667
NUS3035,CT_sec,0.255,0.311724138
NUS3035,CT_sec,0.261066667,0.299375
NUS3035,CT_sec,0.242695652,0.303448276
NUS3035,CT_sec,0.250285714,0.314814815
NUS3035,CT_sec,0.240105263,0.305517241
NUS3035,CT_sec,0.200038462,0.296363636
NUS3035,CT_sec,0.202416667,0.294444444
NUS3035,CT_sec,0.191130435,0.237647059
NUS3035,CT_sec,0.18704,0.21875
NUS3035,dT_sec,0.156578947,0.216923077
NUS3035,dT_sec,0.303214286,0.224166667
NUS3035,dT_sec,0.142,0.232307692
NUS3035,dT_sec,0.287823529,0.222580645
NUS3035,dT_sec,0.194,0.222580645
NUS3035,dT_sec,0.253071429,0.224444444
NUS3035,dT_sec,0.268434783,0.222307692
NUS3035,dT_sec,0.251,0.222307692
NUS3035,dT_sec,0.287615385,0.224
NUS3035,dT_sec,0.29975,0.216
NUS3035,dT_sec,0.309071429,0.212
NUS3035,dT_sec,0.320454545,0.220769231
NUS3035,dT_sec,0.32252381,0.2192
NUS3035,dT_sec,0.276947368,0.22
NUS3035,dT_sec,0.295705882,0.230769231
NUS3035,dT_sec,0.2685,0.212666667
NUS3035,dT_sec,0.2636,0.239259259
NUS3035,dT_sec,0.270142857,0.215833333
NUS3035,dT_sec,0.20956,0.271034483
NUS3035,dT_sec,0.22792,0.269411765
NUS3035,dT_samples,31.05263158,42
NUS3035,dT_samples,34.76470588,42.19230769
NUS3035,dT_samples,59.60869565,46.14814815
NUS3035,dT_samples,68.4,45.46428571
NUS3035,dT_samples,51.28571429,44.14814815
NUS3035,dT_samples,59.09090909,42.92307692
NUS3035,dT_samples,53.41176471,40.32
NUS3035,dT_samples,65.45,41.32
NUS3035,dT_samples,59,45.11538462
NUS3035,dT_samples,52.72727273,42.80769231
NUS3035,dT_samples,52.375,40.68
NUS3035,dT_samples,59.91666667,44.42857143
NUS3035,dT_samples,47,43.40740741
NUS3035,dT_samples,52.5,42.57142857
NUS3035,dT_samples,70.33333333,44.21428571
NUS3035,dT_samples,69.29032258,46
NUS3035,dT_samples,53.31818182,43.1
NUS3035,dT_samples,49.08,64.51724138
NUS3035,dT_samples,41.08695652,51.15789474
NUS3035,dT_samples,45.58823529,53.65
NUS3035,CT_samples,38.92857143,65.69230769
NUS3035,CT_samples,37.35714286,62.80769231
NUS3035,CT_samples,38.42857143,61.44
NUS3035,CT_samples,44.14285714,61.45833333
NUS3035,CT_samples,42.16666667,61.96296296
NUS3035,CT_samples,38.95454545,60.52
NUS3035,CT_samples,39.66666667,62.38461538
NUS3035,CT_samples,49.05263158,59.65384615
NUS3035,CT_samples,41.23529412,62.22222222
NUS3035,CT_samples,63.33333333,66.93333333
NUS3035,CT_samples,53.95,63.69230769
NUS3035,CT_samples,51.75,64.11111111
NUS3035,CT_samples,51.85714286,63.03703704
NUS3035,CT_samples,44.83333333,62.53846154
NUS3035,CT_samples,44.25,65.93333333
NUS3035,CT_samples,52.77272727,68.67741935
NUS3035,CT_samples,40.4,48.70588235
NUS3035,CT_samples,38.15384615,45.6
NUS3035,CT_samples,38.95652174,49.64285714
NUS3035,CT_samples,41.47368421,50.1
NUS3035,RI_ratio,0.796164938,0.922037052
NUS3035,RI_ratio,2.830559511,0.91375243
NUS3035,RI_ratio,0.940621265,0.895382359
NUS3035,RI_ratio,0.912251004,0.892717489
NUS3035,RI_ratio,0.51087544,0.862551764
NUS3035,RI_ratio,0.627184291,0.811241912
NUS3035,RI_ratio,0.638612553,0.862495015
NUS3035,RI_ratio,0.608805534,0.839745757
NUS3035,RI_ratio,0.629750852,0.861685163
NUS3035,RI_ratio,0.596241966,0.841049552
NUS3035,RI_ratio,0.760727405,0.856040397
NUS3035,RI_ratio,0.861290821,0.787979164
NUS3035,RI_ratio,0.634374752,0.851240211
NUS3035,RI_ratio,0.674850629,0.855828984
NUS3035,RI_ratio,0.747262392,0.864423467
NUS3035,RI_ratio,0.586754654,0.876901565
NUS3035,RI_ratio,0.635677439,0.882745374
NUS3035,RI_ratio,0.769339108,0.785651362
NUS3035,RI_ratio,0.661043073,0.831222813
NUS3035,RI_ratio,0.558760056,0.820183941
NUS3036,PulseWidth_sec,1.085181818,1.055555556
NUS3036,PulseWidth_sec,1.187684211,1.193333333
NUS3036,PulseWidth_sec,1.206809524,1.213333333
NUS3036,PulseWidth_sec,1.18375,1.208
NUS3036,PulseWidth_sec,1.196142857,1.202352941
NUS3036,PulseWidth_sec,1.182952381,1.186315789
NUS3036,PulseWidth_sec,1.210368421,1.2075
NUS3036,PulseWidth_sec,1.1921875,1.222857143
NUS3036,PulseWidth_sec,1.20575,1.228
NUS3036,PulseWidth_sec,1.248277778,1.113333333
NUS3036,PulseWidth_sec,1.244153846,1.25
NUS3036,PulseWidth_sec,1.09,1.095454545
NUS3036,PulseWidth_sec,1.285909091,1.291578947
NUS3036,PulseWidth_sec,1.286,1.285263158
NUS3036,PulseWidth_sec,1.238,1.241818182
NUS3036,PulseWidth_sec,1.16552381,1.174
NUS3036,PulseWidth_sec,1.16375,1.168181818
NUS3036,PulseWidth_sec,1.228352941,1.237142857
NUS3036,PulseWidth_sec,1.227916667,1.33
NUS3036,PulseWidth_sec,1.212625,1.242857143
NUS3036,CT_sec,0.27395,0.384
NUS3036,CT_sec,0.251,0.225
NUS3036,CT_sec,0.24225,0.32
NUS3036,CT_sec,0.27825,0.44375
NUS3036,CT_sec,0.27952381,0.44
NUS3036,CT_sec,0.285333333,0.364
NUS3036,CT_sec,0.296272727,0.393
NUS3036,CT_sec,0.275952381,0.343333333
NUS3036,CT_sec,0.281714286,0.4175
NUS3036,CT_sec,0.2856,0.39
NUS3036,CT_sec,0.281842105,0.365
NUS3036,CT_sec,0.292555556,0.38
NUS3036,CT_sec,0.31425,0.429473684
NUS3036,CT_sec,0.304,0.5
NUS3036,CT_sec,0.276619048,0.332
NUS3036,CT_sec,0.2892,0.4
NUS3036,CT_sec,0.282909091,0.32
NUS3036,CT_sec,0.3,0.45
NUS3036,CT_sec,0.295545455,0.3575
NUS3036,CT_sec,0.2994,0.390588235
NUS3036,dT_sec,0.25355,0.296
NUS3036,dT_sec,0.264428571,0.37
NUS3036,dT_sec,0.27926087,0.336666667
NUS3036,dT_sec,0.275347826,0.291111111
NUS3036,dT_sec,0.280681818,0.252
NUS3036,dT_sec,0.276047619,0.33047619
NUS3036,dT_sec,0.264333333,0.308571429
NUS3036,dT_sec,0.238071429,0.28
NUS3036,dT_sec,0.237227273,0.253333333
NUS3036,dT_sec,0.242684211,9.518433048
NUS3036,dT_sec,0.246,0.3
NUS3036,dT_sec,0.243,0.16
NUS3036,dT_sec,0.283666667,0.32375
NUS3036,dT_sec,0.251470588,0.357894737
NUS3036,dT_sec,0.228933333,0.3
NUS3036,dT_sec,0.261818182,0.28
NUS3036,dT_sec,0.258666667,0.311428571
NUS3036,dT_sec,0.25,0.337777778
NUS3036,dT_sec,0.217285714,8.219648549
NUS3036,dT_sec,0.243333333,0.305
NUS3036,dT_samples,45.45,51.4
NUS3036,dT_samples,41.64285714,45.6875
NUS3036,dT_samples,41.4,65.5
NUS3036,dT_samples,39.45,46.2
NUS3036,dT_samples,38.42857143,39.5
NUS3036,dT_samples,37.44444444,10.9113708
NUS3036,dT_samples,39.33333333,46
NUS3036,dT_samples,47.14285714,52
NUS3036,dT_samples,48.33333333,52.04761905
NUS3036,dT_samples,38.55555556,63.45454545
NUS3036,dT_samples,46,54.72222222
NUS3036,dT_samples,43.66666667,58.875
NUS3036,dT_samples,42.73333333,50.21428571
NUS3036,dT_samples,41.04761905,54.77777778
NUS3036,dT_samples,40.0625,62.14285714
NUS3036,dT_samples,43.05,54.88888889
NUS3036,dT_samples,41.35,59.4375
NUS3036,dT_samples,41.6,51.72222222
NUS3036,dT_samples,35.78947368,43.875
NUS3036,dT_samples,35.95238095,44
NUS3036,CT_samples,43.04545455,51.58333333
NUS3036,CT_samples,46.21052632,69.2
NUS3036,CT_samples,47.35714286,72.94117647
NUS3036,CT_samples,46.33333333,64.58823529
NUS3036,CT_samples,46.38888889,62.1875
NUS3036,CT_samples,47.5,60.8
NUS3036,CT_samples,46.15789474,58.75
NUS3036,CT_samples,48.71428571,69.6
NUS3036,CT_samples,50.2,40
NUS3036,CT_samples,46.52380952,57.6875
NUS3036,CT_samples,47.8125,64.26315789
NUS3036,CT_samples,46.27777778,50.27272727
NUS3036,CT_samples,48.66666667,79
NUS3036,CT_samples,49.66666667,75.36363636
NUS3036,CT_samples,50.40909091,57.23076923
NUS3036,CT_samples,49.57142857,62.44444444
NUS3036,CT_samples,48.29411765,67.15789474
NUS3036,CT_samples,48.42105263,77.25
NUS3036,CT_samples,49.25,73.38461538
NUS3036,CT_samples,49.29411765,75.63636364
NUS3036,RI_ratio,0.932916655,0.624828726
NUS3036,RI_ratio,0.722214272,0.848090795
NUS3036,RI_ratio,0.698379624,0.883381612
NUS3036,RI_ratio,0.722702361,0.867067887
NUS3036,RI_ratio,0.724175576,0.855290467
NUS3036,RI_ratio,0.693348991,0.784961378
NUS3036,RI_ratio,0.726918949,0.655513978
NUS3036,RI_ratio,0.750506819,0.805170296
NUS3036,RI_ratio,0.767891345,0.671125267
NUS3036,RI_ratio,0.787201343,10.9113708
NUS3036,RI_ratio,0.771864189,0.826337183
NUS3036,RI_ratio,0.660367779,0.860214498
NUS3036,RI_ratio,0.6579604,0.822971458
NUS3036,RI_ratio,0.677162495,0.911855048
NUS3036,RI_ratio,0.708106367,0.85737235
NUS3036,RI_ratio,0.725208648,0.882454357
NUS3036,RI_ratio,0.792072352,0.881266664
NUS3036,RI_ratio,0.781790252,0.892822176
NUS3036,RI_ratio,0.756748678,0.751475773
NUS3036,RI_ratio,0.829673935,0.826899979
NUS3037,PulseWidth_sec,1.014208333,1.02
NUS3037,PulseWidth_sec,1.007730769,1.009230769
NUS3037,PulseWidth_sec,1.035541667,1.0376
NUS3037,PulseWidth_sec,0.991047619,0.993076923
NUS3037,PulseWidth_sec,1.014045455,1.013333333
NUS3037,PulseWidth_sec,0.99135,1
NUS3037,PulseWidth_sec,0.881133333,0.883333333
NUS3037,PulseWidth_sec,0.936555556,0.929333333
NUS3037,PulseWidth_sec,0.978086957,0.982307692
NUS3037,PulseWidth_sec,0.920047619,0.919130435
NUS3037,PulseWidth_sec,1.00428,1.006153846
NUS3037,PulseWidth_sec,1.0352,1.036
NUS3037,PulseWidth_sec,1.073695652,1.074166667
NUS3037,PulseWidth_sec,1.041541667,1.046666667
NUS3037,PulseWidth_sec,1.0414,1.035454545
NUS3037,PulseWidth_sec,1.0306,1.031666667
NUS3037,PulseWidth_sec,1.034,1.0376
NUS3037,PulseWidth_sec,1.039125,1.037333333
NUS3037,PulseWidth_sec,1.072153846,1.0504
NUS3037,PulseWidth_sec,0.937111111,0.936428571
NUS3037,CT_sec,0.23436,0.325555556
NUS3037,CT_sec,0.213692308,0.301538462
NUS3037,CT_sec,0.221043478,0.3
NUS3037,CT_sec,0.22276,0.304
NUS3037,CT_sec,0.203727273,0.323076923
NUS3037,CT_sec,0.209037037,0.36
NUS3037,CT_sec,0.20412,0.2992
NUS3037,CT_sec,0.208142857,0.290769231
NUS3037,CT_sec,0.199833333,0.296666667
NUS3037,CT_sec,0.199333333,0.29826087
NUS3037,CT_sec,0.2566,0.312142857
NUS3037,CT_sec,0.2387,0.304285714
NUS3037,CT_sec,0.234125,0.362857143
NUS3037,CT_sec,0.221227273,0.302608696
NUS3037,CT_sec,0.22864,0.3
NUS3037,CT_sec,0.20316,0.2776
NUS3037,CT_sec,0.205086957,0.2775
NUS3037,CT_sec,0.221894737,0.31375
NUS3037,CT_sec,0.226678571,0.294814815
NUS3037,CT_sec,0.23,0.302068966
NUS3037,dT_sec,0.306347826,0.210909091
NUS3037,dT_sec,0.341538462,0.28
NUS3037,dT_sec,0.337538462,0.276
NUS3037,dT_sec,0.33872,0.274615385
NUS3037,dT_sec,0.337380952,0.273076923
NUS3037,dT_sec,0.32688,0.256923077
NUS3037,dT_sec,0.343217391,0.326153846
NUS3037,dT_sec,0.339888889,0.328
NUS3037,dT_sec,0.36276,0.339090909
NUS3037,dT_sec,0.346333333,0.321538462
NUS3037,dT_sec,0.32888,0.241538462
NUS3037,dT_sec,0.332941176,0.26173913
NUS3037,dT_sec,0.307642857,0.237037037
NUS3037,dT_sec,0.327411765,0.307
NUS3037,dT_sec,0.32648,0.316363636
NUS3037,dT_sec,0.3128,0.303157895
NUS3037,dT_sec,0.326869565,0.315
NUS3037,dT_sec,0.33248,0.288695652
NUS3037,dT_sec,0.3295,0.2312
NUS3037,dT_sec,0.322315789,0.287619048
NUS3037,dT_samples,57.47826087,39
NUS3037,dT_samples,68.44,52.76923077
NUS3037,dT_samples,66.96,52.2
NUS3037,dT_samples,65.73913043,57.12
NUS3037,dT_samples,65.61538462,52.26923077
NUS3037,dT_samples,67.66666667,52.34615385
NUS3037,dT_samples,62.47058824,57.92307692
NUS3037,dT_samples,66.65384615,64
NUS3037,dT_samples,73.28125,57.93103448
NUS3037,dT_samples,70.38461538,54.82142857
NUS3037,dT_samples,71.53846154,60.86956522
NUS3037,dT_samples,70.04166667,72.68421053
NUS3037,dT_samples,67.88,46.72727273
NUS3037,dT_samples,62.95,48.14285714
NUS3037,dT_samples,67.16,54.68965517
NUS3037,dT_samples,62.44444444,49.2962963
NUS3037,dT_samples,62.15,56.04166667
NUS3037,dT_samples,62.95833333,59.70833333
NUS3037,dT_samples,64.59090909,54.66666667
NUS3037,dT_samples,68.16,65.52
NUS3037,CT_samples,39.33333333,56.8
NUS3037,CT_samples,43.26923077,59.42307692
NUS3037,CT_samples,41.85714286,59.68
NUS3037,CT_samples,43,57.57692308
NUS3037,CT_samples,43.76190476,59.23076923
NUS3037,CT_samples,42.46153846,60.96
NUS3037,CT_samples,37.53846154,43.6
NUS3037,CT_samples,52.28125,65.72413793
NUS3037,CT_samples,44.40740741,59.86666667
NUS3037,CT_samples,47.95833333,56.46153846
NUS3037,CT_samples,41.8,61.24137931
NUS3037,CT_samples,48.65384615,61.80769231
NUS3037,CT_samples,47.6,62.17241379
NUS3037,CT_samples,41.88235294,60.15
NUS3037,CT_samples,40.95,58.56521739
NUS3037,CT_samples,40.90909091,56.29166667
NUS3037,CT_samples,41.52,56.83333333
NUS3037,CT_samples,40.66666667,61.86363636
NUS3037,CT_samples,48.28571429,61.03703704
NUS3037,CT_samples,44.62962963,59.26923077
NUS3037,RI_ratio,0.591602257,0.754623029
NUS3037,RI_ratio,0.581590316,0.784080498
NUS3037,RI_ratio,0.389172131,0.727724847
NUS3037,RI_ratio,0.38512497,0.771514631
NUS3037,RI_ratio,0.528359883,0.83877274
NUS3037,RI_ratio,0.489104601,0.721103615
NUS3037,RI_ratio,0.540611755,0.699208625
NUS3037,RI_ratio,0.473489846,0.791019926
NUS3037,RI_ratio,0.604829965,0.888391145
NUS3037,RI_ratio,0.657278743,0.823841348
NUS3037,RI_ratio,0.679457329,0.804495854
NUS3037,RI_ratio,0.66399102,0.850898062
NUS3037,RI_ratio,0.639438638,0.83118961
NUS3037,RI_ratio,0.637932615,0.818411907
NUS3037,RI_ratio,0.685710394,0.920383412
NUS3037,RI_ratio,0.563277129,0.91456221
NUS3037,RI_ratio,0.56138488,0.901124024
NUS3037,RI_ratio,0.5962921,0.71561164
NUS3037,RI_ratio,0.630734956,1.577665522
NUS3037,RI_ratio,0.550676058,0.728116705
NUS3038,PulseWidth_sec,1.148142857,1.097777778
NUS3038,PulseWidth_sec,0.9286875,0.9475
NUS3038,PulseWidth_sec,1.066857143,1.038
NUS3038,PulseWidth_sec,1.024230769,0.964444444
NUS3038,PulseWidth_sec,1.005772727,1.016
NUS3038,PulseWidth_sec,0.902074074,0.916521739
NUS3038,PulseWidth_sec,1.018461538,1.030434783
NUS3038,PulseWidth_sec,1.0485,1.04952381
NUS3038,PulseWidth_sec,1.034052632,1.029473684
NUS3038,PulseWidth_sec,0.938,0.926363636
NUS3038,PulseWidth_sec,0.989076923,0.9528
NUS3038,PulseWidth_sec,1.113,1.054285714
NUS3038,PulseWidth_sec,1.0915,1.028181818
NUS3038,PulseWidth_sec,1.04,1.006315789
NUS3038,PulseWidth_sec,1.088666667,1.039166667
NUS3038,PulseWidth_sec,1.12225,1.057777778
NUS3038,PulseWidth_sec,1.0525,1.014285714
NUS3038,PulseWidth_sec,1.153428571,1.098571429
NUS3038,PulseWidth_sec,1.033625,0.996
NUS3038,PulseWidth_sec,1.013,1.003333333
NUS3038,CT_sec,0.187785714,0.207368421
NUS3038,CT_sec,0.18275,0.26375
NUS3038,CT_sec,0.196315789,0.251
NUS3038,CT_sec,0.191722222,0.232631579
NUS3038,CT_sec,0.185333333,0.2525
NUS3038,CT_sec,0.185857143,0.2544
NUS3038,CT_sec,0.177714286,0.192173913
NUS3038,CT_sec,0.201166667,0.225384615
NUS3038,CT_sec,0.200454545,0.235384615
NUS3038,CT_sec,0.178588235,0.208333333
NUS3038,CT_sec,0.176666667,0.223846154
NUS3038,CT_sec,0.175636364,0.235652174
NUS3038,CT_sec,0.1792,0.280869565
NUS3038,CT_sec,0.182857143,0.255454545
NUS3038,CT_sec,0.18,0.261666667
NUS3038,CT_sec,0.184,0.256363636
NUS3038,CT_sec,0.182666667,0.272173913
NUS3038,CT_sec,0.18,0.188571429
NUS3038,CT_sec,0.186888889,0.189230769
NUS3038,CT_sec,0.1775,0.197333333
NUS3038,dT_sec,0.3368125,0.342857143
NUS3038,dT_sec,0.321785714,0.34
NUS3038,dT_sec,0.3165,0.3432
NUS3038,dT_sec,0.311357143,0.318571429
NUS3038,dT_sec,0.324238095,0.270769231
NUS3038,dT_sec,0.338263158,0.333043478
NUS3038,dT_sec,0.31588,0.302222222
NUS3038,dT_sec,0.325545455,0.287058824
NUS3038,dT_sec,0.324705882,0.3375
NUS3038,dT_sec,0.32205,0.317647059
NUS3038,dT_sec,0.328071429,0.333333333
NUS3038,dT_sec,0.332235294,0.303
NUS3038,dT_sec,0.3595,0.38
NUS3038,dT_sec,0.345125,0.274615385
NUS3038,dT_sec,0.356272727,0.288571429
NUS3038,dT_sec,0.344428571,0.248
NUS3038,dT_sec,0.347615385,0.285
NUS3038,dT_sec,0.321333333,0.336363636
NUS3038,dT_sec,0.330666667,0.338
NUS3038,dT_sec,0.332,0.345
NUS3038,dT_samples,61.17647059,59.3
NUS3038,dT_samples,66.64705882,41.35294118
NUS3038,dT_samples,62.28571429,71.95833333
NUS3038,dT_samples,75.07142857,74.95454545
NUS3038,dT_samples,67.69565217,66.18518519
NUS3038,dT_samples,66.35,64.29411765
NUS3038,dT_samples,68.04166667,64.82142857
NUS3038,dT_samples,65.31578947,61.125
NUS3038,dT_samples,65.27272727,55.82352941
NUS3038,dT_samples,62.5,62.65217391
NUS3038,dT_samples,68.71428571,56.28
NUS3038,dT_samples,67.66666667,53.86363636
NUS3038,dT_samples,65.66666667,54.04347826
NUS3038,dT_samples,68.14285714,51.41666667
NUS3038,dT_samples,61.75,57.3125
NUS3038,dT_samples,61.28571429,59.78571429
NUS3038,dT_samples,61.88235294,60.76923077
NUS3038,dT_samples,63.16666667,62.9375
NUS3038,dT_samples,62.45454545,63.82352941
NUS3038,dT_samples,65.75,68.70588235
NUS3038,CT_samples,38.25,48.56
NUS3038,CT_samples,38.19047619,49.57894737
NUS3038,CT_samples,38.33333333,52.72
NUS3038,CT_samples,32.8,51.91666667
NUS3038,CT_samples,35.05555556,37.24
NUS3038,CT_samples,44.63636364,52.16666667
NUS3038,CT_samples,38.61538462,45.16666667
NUS3038,CT_samples,33.875,45.4375
NUS3038,CT_samples,35,46.55
NUS3038,CT_samples,39.54545455,59.30434783
NUS3038,CT_samples,37.69565217,54.57692308
NUS3038,CT_samples,34.72727273,51.5
NUS3038,CT_samples,34.42857143,50.32
NUS3038,CT_samples,31.42857143,35.13333333
NUS3038,CT_samples,32.33333333,33.72727273
NUS3038,CT_samples,34.92307692,35.64285714
NUS3038,CT_samples,34.21428571,33.58333333
NUS3038,CT_samples,35.42857143,33.875
NUS3038,CT_samples,33.83333333,34.14285714
NUS3038,CT_samples,25.33333333,30.33333333
NUS3038,RI_ratio,0.497098808,1.41777057
NUS3038,RI_ratio,2.086574338,9.393973721
NUS3038,RI_ratio,0.53425098,12.20382431
NUS3038,RI_ratio,0.486815154,0.745626542
NUS3038,RI_ratio,0.475079253,0.740068613
NUS3038,RI_ratio,0.368595685,0.859200197
NUS3038,RI_ratio,0.432002413,0.617092123
NUS3038,RI_ratio,0.472214932,0.647219244
NUS3038,RI_ratio,0.415866175,0.600376039
NUS3038,RI_ratio,0.523258313,2.342892988
NUS3038,RI_ratio,0.572654961,0.84025043
NUS3038,RI_ratio,0.502243712,0.790545213
NUS3038,RI_ratio,0.523950474,0.822939937
NUS3038,RI_ratio,0.591513001,0.707826903
NUS3038,RI_ratio,0.39287955,0.833170142
NUS3038,RI_ratio,0.377040756,0.889612994
NUS3038,RI_ratio,0.386718944,0.855496712
NUS3038,RI_ratio,0.412304407,0.690800434
NUS3038,RI_ratio,0.43180107,0.682766897
NUS3038,RI_ratio,0.538388838,0.806484584
NUS3039,PulseWidth_sec,0.965692308,0.961428571
NUS3039,PulseWidth_sec,1.048041667,1.040909091
NUS3039,PulseWidth_sec,1.025826087,1.0216
NUS3039,PulseWidth_sec,1.04125,1.04625
NUS3039,PulseWidth_sec,0.960541667,0.9575
NUS3039,PulseWidth_sec,0.974,0.976363636
NUS3039,PulseWidth_sec,1.013541667,1.021052632
NUS3039,PulseWidth_sec,1.01284,1.012307692
NUS3039,PulseWidth_sec,1.015227273,1.0144
NUS3039,PulseWidth_sec,1.04144,1.045217391
NUS3039,PulseWidth_sec,1.003333333,1.016
NUS3039,PulseWidth_sec,1.093833333,1.08952381
NUS3039,PulseWidth_sec,0.97576,0.973076923
NUS3039,PulseWidth_sec,1.071695652,1.075
NUS3039,PulseWidth_sec,1.0256,1.0256
NUS3039,PulseWidth_sec,1.041,1.050833333
NUS3039,PulseWidth_sec,1.044636364,1.049090909
NUS3039,PulseWidth_sec,1.080727273,1.080909091
NUS3039,PulseWidth_sec,1.093521739,1.086956522
NUS3039,PulseWidth_sec,1.01428,1.021666667
NUS3039,CT_sec,0.244130435,0.3184
NUS3039,CT_sec,0.248761905,0.297391304
NUS3039,CT_sec,0.282125,0.324
NUS3039,CT_sec,0.25975,0.36
NUS3039,CT_sec,0.28224,0.32
NUS3039,CT_sec,0.261826087,0.302
NUS3039,CT_sec,0.2327,0.3168
NUS3039,CT_sec,0.256375,0.310909091
NUS3039,CT_sec,0.250833333,0.298333333
NUS3039,CT_sec,0.25675,0.321666667
NUS3039,CT_sec,0.25308,0.346666667
NUS3039,CT_sec,0.254,0.327619048
NUS3039,CT_sec,0.272727273,0.313333333
NUS3039,CT_sec,0.255166667,0.305
NUS3039,CT_sec,0.274285714,0.310714286
NUS3039,CT_sec,0.278826087,0.324444444
NUS3039,CT_sec,0.2794,0.3144
NUS3039,CT_sec,0.282111111,0.338181818
NUS3039,CT_sec,0.277409091,0.320909091
NUS3039,CT_sec,0.25673913,0.333
NUS3039,dT_sec,0.226814815,0.283157895
NUS3039,dT_sec,0.245041667,0.254814815
NUS3039,dT_sec,0.21608,0.302307692
NUS3039,dT_sec,0.238263158,0.335
NUS3039,dT_sec,0.242130435,0.2928
NUS3039,dT_sec,0.236818182,0.2848
NUS3039,dT_sec,0.238166667,0.260952381
NUS3039,dT_sec,0.233434783,0.272727273
NUS3039,dT_sec,0.273923077,0.198181818
NUS3039,dT_sec,0.233230769,0.280769231
NUS3039,dT_sec,0.217434783,0.279130435
NUS3039,dT_sec,0.224772727,0.2776
NUS3039,dT_sec,0.218538462,0.305384615
NUS3039,dT_sec,0.22584,0.3096
NUS3039,dT_sec,0.211923077,0.312
NUS3039,dT_sec,0.221227273,0.321666667
NUS3039,dT_sec,0.246761905,0.304166667
NUS3039,dT_sec,0.228545455,0.329166667
NUS3039,dT_sec,0.231304348,0.300869565
NUS3039,dT_sec,0.214681818,0.257142857
NUS3039,dT_samples,46.61904762,58.47826087
NUS3039,dT_samples,41.09090909,55.73913043
NUS3039,dT_samples,42.91304348,64.68
NUS3039,dT_samples,41.44444444,41.55555556
NUS3039,dT_samples,45.52173913,36.8
NUS3039,dT_samples,45.69230769,54.51851852
NUS3039,dT_samples,44.2173913,61.20833333
NUS3039,dT_samples,45.4375,62.36363636
NUS3039,dT_samples,43.2,61.04
NUS3039,dT_samples,42.77272727,46.96296296
NUS3039,dT_samples,47.46153846,45.92592593
NUS3039,dT_samples,42.0952381,54.13636364
NUS3039,dT_samples,50.4,55.72222222
NUS3039,dT_samples,51.46153846,56.96428571
NUS3039,dT_samples,44.42857143,58.29166667
NUS3039,dT_samples,42.79166667,51.68
NUS3039,dT_samples,43.70833333,58.91666667
NUS3039,dT_samples,42.53846154,47.64
NUS3039,dT_samples,47.2,45.65217391
NUS3039,dT_samples,46.85714286,42.22727273
NUS3039,CT_samples,49.25,62.5
NUS3039,CT_samples,48.42307692,59.15384615
NUS3039,CT_samples,47.4,63.69230769
NUS3039,CT_samples,54.16666667,60.72
NUS3039,CT_samples,54.6,57.95238095
NUS3039,CT_samples,47.25,61.78571429
NUS3039,CT_samples,54.76,60.96
NUS3039,CT_samples,53.79166667,60.9
NUS3039,CT_samples,50.6,60.5
NUS3039,CT_samples,48.57692308,60.62962963
NUS3039,CT_samples,51.96296296,62.45833333
NUS3039,CT_samples,53.13636364,58.24
NUS3039,CT_samples,56.96153846,59.84
NUS3039,CT_samples,53.84615385,62.69565217
NUS3039,CT_samples,52.43478261,60.375
NUS3039,CT_samples,49.30769231,61.08
NUS3039,CT_samples,48.92307692,58.73076923
NUS3039,CT_samples,60.25,65.74074074
NUS3039,CT_samples,49.55555556,61.54545455
NUS3039,CT_samples,52.24,63.08333333
NUS3039,RI_ratio,0.741100064,0.834198824
NUS3039,RI_ratio,0.771899424,0.806221429
NUS3039,RI_ratio,0.658699165,0.842374306
NUS3039,RI_ratio,0.796676417,0.818386703
NUS3039,RI_ratio,0.84284314,0.91169751
NUS3039,RI_ratio,0.753522229,0.831309145
NUS3039,RI_ratio,0.795767476,0.914051397
NUS3039,RI_ratio,0.765025597,0.902231056
NUS3039,RI_ratio,0.718076941,0.926650946
NUS3039,RI_ratio,0.763128535,0.824428952
NUS3039,RI_ratio,0.759386743,0.79653567
NUS3039,RI_ratio,0.706127756,0.869034646
NUS3039,RI_ratio,0.727713836,0.871801418
NUS3039,RI_ratio,0.707494039,0.806288767
NUS3039,RI_ratio,0.733646356,0.799862115
NUS3039,RI_ratio,0.774929286,0.825090398
NUS3039,RI_ratio,0.746625886,0.807371152
NUS3039,RI_ratio,0.74827848,0.815556942
NUS3039,RI_ratio,0.736972167,0.855920303
NUS3039,RI_ratio,0.756615958,0.861449159
NUS3040,PulseWidth_sec,0.942185185,0.942857143
NUS3040,PulseWidth_sec,0.913052632,0.92
NUS3040,PulseWidth_sec,0.932142857,0.935714286
NUS3040,PulseWidth_sec,0.892384615,0.91375
NUS3040,PulseWidth_sec,0.893931034,0.900666667
NUS3040,PulseWidth_sec,0.84353125,0.853548387
NUS3040,PulseWidth_sec,0.8814,0.884137931
NUS3040,PulseWidth_sec,0.862366667,0.868387097
NUS3040,PulseWidth_sec,0.863935484,0.866
NUS3040,PulseWidth_sec,0.842633333,0.842580645
NUS3040,PulseWidth_sec,0.887,0.886896552
NUS3040,PulseWidth_sec,0.975222222,0.92625
NUS3040,PulseWidth_sec,0.952407407,0.9504
NUS3040,PulseWidth_sec,0.938714286,0.94
NUS3040,PulseWidth_sec,0.932821429,0.935
NUS3040,PulseWidth_sec,0.950346154,0.946666667
NUS3040,PulseWidth_sec,0.944642857,0.944285714
NUS3040,PulseWidth_sec,0.909470588,0.909655172
NUS3040,PulseWidth_sec,1.012833333,1.012
NUS3040,PulseWidth_sec,0.945814815,0.949285714
NUS3040,CT_sec,0.264413793,0.272857143
NUS3040,CT_sec,0.280214286,0.3
NUS3040,CT_sec,0.2635,0.258461538
NUS3040,CT_sec,0.272733333,0.273548387
NUS3040,CT_sec,0.254,0.28
NUS3040,CT_sec,0.263939394,0.263125
NUS3040,CT_sec,0.268,0.264
NUS3040,CT_sec,0.259933333,0.292
NUS3040,CT_sec,0.244074074,0.269230769
NUS3040,CT_sec,0.272814815,0.333846154
NUS3040,CT_sec,0.265666667,0.319230769
NUS3040,CT_sec,0.267888889,0.315555556
NUS3040,CT_sec,0.276294118,0.304137931
NUS3040,CT_sec,0.2486,0.288235294
NUS3040,CT_sec,7.470895021,0.29
NUS3040,CT_sec,0.261857143,0.2984
NUS3040,CT_sec,0.275884615,0.296923077
NUS3040,CT_sec,0.261148148,0.314814815
NUS3040,CT_sec,0.280037037,0.335384615
NUS3040,CT_sec,0.26737037,0.316428571
NUS3040,dT_sec,0.254857143,0.254285714
NUS3040,dT_sec,0.235428571,0.2664
NUS3040,dT_sec,0.23662963,0.261428571
NUS3040,dT_sec,0.259636364,0.225714286
NUS3040,dT_sec,12.12362104,0.241666667
NUS3040,dT_sec,0.246857143,0.277777778
NUS3040,dT_sec,0.252052632,0.263571429
NUS3040,dT_sec,0.245576923,0.277857143
NUS3040,dT_sec,0.244133333,0.265
NUS3040,dT_sec,0.269034483,0.244285714
NUS3040,dT_sec,0.242925926,0.235862069
NUS3040,dT_sec,0.232366667,0.24516129
NUS3040,dT_sec,0.116,0.25
NUS3040,dT_sec,0.288423077,0.248181818
NUS3040,dT_sec,0.293592593,0.241481481
NUS3040,dT_sec,0.264666667,0.237777778
NUS3040,dT_sec,0.247178571,0.238571429
NUS3040,dT_sec,0.231666667,0.272307692
NUS3040,dT_sec,0.24225,0.222068966
NUS3040,dT_sec,0.265178571,0.22375
NUS3040,dT_samples,52.84615385,52
NUS3040,dT_samples,50.05263158,58.69230769
NUS3040,dT_samples,55.16129032,48.625
NUS3040,dT_samples,50,52.63333333
NUS3040,dT_samples,55,51.9
NUS3040,dT_samples,56,58.80645161
NUS3040,dT_samples,58.89655172,51.7
NUS3040,dT_samples,61,49
NUS3040,dT_samples,58,45.5
NUS3040,dT_samples,58.24,51.59090909
NUS3040,dT_samples,54.14814815,47.35714286
NUS3040,dT_samples,56.96428571,49.60714286
NUS3040,dT_samples,66,60.6
NUS3040,dT_samples,58.08695652,47.06896552
NUS3040,dT_samples,60.13333333,49.61290323
NUS3040,dT_samples,60.26923077,51.88461538
NUS3040,dT_samples,56.4,52.34615385
NUS3040,dT_samples,50.05555556,53.66666667
NUS3040,dT_samples,54.30769231,53.61538462
NUS3040,dT_samples,55.84615385,48.03703704
NUS3040,CT_samples,57.56666667,58.93333333
NUS3040,CT_samples,56.53571429,57
NUS3040,CT_samples,12.12362104,63.15384615
NUS3040,CT_samples,57.94117647,58.2962963
NUS3040,CT_samples,57.53846154,52.9375
NUS3040,CT_samples,61.11111111,61.43333333
NUS3040,CT_samples,57.17241379,59.3
NUS3040,CT_samples,57.85714286,59.5862069
NUS3040,CT_samples,49.92307692,57.52
NUS3040,CT_samples,51.53846154,56.52
NUS3040,CT_samples,55.64285714,65.32142857
NUS3040,CT_samples,56.07407407,63.80952381
NUS3040,CT_samples,55.92592593,66.88461538
NUS3040,CT_samples,59.11111111,65.10714286
NUS3040,CT_samples,59.39285714,65.82142857
NUS3040,CT_samples,60.05882353,64.72413793
NUS3040,CT_samples,47.7,52.72727273
NUS3040,CT_samples,46.41176471,55.52
NUS3040,CT_samples,58.46428571,62.35714286
NUS3040,CT_samples,54.06666667,68.15384615
NUS3040,RI_ratio,0.645741463,0.690036479
NUS3040,RI_ratio,0.69763123,0.900938677
NUS3040,RI_ratio,0.661466562,0.797660391
NUS3040,RI_ratio,0.684544241,0.77432927
NUS3040,RI_ratio,0.691338443,0.7147224
NUS3040,RI_ratio,0.713173262,0.77778928
NUS3040,RI_ratio,0.664342918,0.835167818
NUS3040,RI_ratio,0.70036983,0.802940604
NUS3040,RI_ratio,0.540752854,0.739665905
NUS3040,RI_ratio,0.642907155,0.74578068
NUS3040,RI_ratio,0.593598849,0.849547454
NUS3040,RI_ratio,0.593406155,0.809867068
NUS3040,RI_ratio,0.562188072,0.825742962
NUS3040,RI_ratio,0.638785851,0.92469291
NUS3040,RI_ratio,0.706679413,0.897025562
NUS3040,RI_ratio,0.708682537,0.910010745
NUS3040,RI_ratio,0.527663794,0.770114976
NUS3040,RI_ratio,0.510931467,0.706167797
NUS3040,RI_ratio,0.653720855,0.848441324
NUS3040,RI_ratio,0.694365033,0.894723313
NUS3042,PulseWidth_sec,1.0228,1.0224
NUS3042,PulseWidth_sec,1.081666667,1.08173913
NUS3042,PulseWidth_sec,1.04716,1.048333333
NUS3042,PulseWidth_sec,1.2615,1.264615385
NUS3042,PulseWidth_sec,1.24085,1.243157895
NUS3042,PulseWidth_sec,1.2617,1.261176471
NUS3042,PulseWidth_sec,1.167266667,1.167272727
NUS3042,PulseWidth_sec,1.163,1.098823529
NUS3042,PulseWidth_sec,1.218055556,1.211428571
NUS3042,PulseWidth_sec,1.2309,1.228888889
NUS3042,PulseWidth_sec,1.175772727,1.18
NUS3042,PulseWidth_sec,1.230714286,1.235
NUS3042,PulseWidth_sec,1.22305,1.224761905
NUS3042,PulseWidth_sec,1.236888889,1.24
NUS3042,PulseWidth_sec,1.2293,1.234
NUS3042,PulseWidth_sec,1.1551,1.145454545
NUS3042,PulseWidth_sec,1.206222222,1.197142857
NUS3042,PulseWidth_sec,1.263052632,1.269333333
NUS3042,PulseWidth_sec,1.26295,1.268571429
NUS3042,PulseWidth_sec,1.235411765,1.227
NUS3042,CT_sec,0.27016,0.3064
NUS3042,CT_sec,0.227263158,0.30952381
NUS3042,CT_sec,0.255647059,0.316470588
NUS3042,CT_sec,0.261368421,0.328421053
NUS3042,CT_sec,0.262952381,0.321052632
NUS3042,CT_sec,0.272714286,0.316470588
NUS3042,CT_sec,0.271785714,0.288571429
NUS3042,CT_sec,0.259428571,0.302
NUS3042,CT_sec,0.280545455,0.29
NUS3042,CT_sec,0.280933333,0.278
NUS3042,CT_sec,0.312214286,0.325882353
NUS3042,CT_sec,0.26745,0.335
NUS3042,CT_sec,0.215454545,0.342857143
NUS3042,CT_sec,0.295052632,0.343636364
NUS3042,CT_sec,0.287285714,0.33
NUS3042,CT_sec,0.283555556,0.333
NUS3042,CT_sec,0.30345,0.325714286
NUS3042,CT_sec,0.284473684,0.334
NUS3042,CT_sec,0.28155,0.322105263
NUS3042,CT_sec,0.3090625,0.381052632
NUS3042,dT_sec,0.26348,0.256190476
NUS3042,dT_sec,0.27064,0.2512
NUS3042,dT_sec,0.297181818,0.318095238
NUS3042,dT_sec,0.308842105,0.362352941
NUS3042,dT_sec,0.3419,0.307368421
NUS3042,dT_sec,0.273307692,0.330769231
NUS3042,dT_sec,0.250555556,0.362222222
NUS3042,dT_sec,0.2765,0.3
NUS3042,dT_sec,0.28495,0.336190476
NUS3042,dT_sec,0.297473684,0.33
NUS3042,dT_sec,0.3081,0.381052632
NUS3042,dT_sec,0.323238095,0.327368421
NUS3042,dT_sec,0.305714286,0.327142857
NUS3042,dT_sec,0.30647619,0.284761905
NUS3042,dT_sec,0.306190476,0.330909091
NUS3042,dT_sec,0.2732,0.321904762
NUS3042,dT_sec,0.278684211,0.334444444
NUS3042,dT_sec,0.26265,0.323636364
NUS3042,dT_sec,0.269947368,0.3
NUS3042,dT_sec,0.256705882,0.343
NUS3042,dT_samples,53,49.32
NUS3042,dT_samples,58.6,46.76
NUS3042,dT_samples,63.04545455,50.60869565
NUS3042,dT_samples,40.4,60.10526316
NUS3042,dT_samples,50,49.57894737
NUS3042,dT_samples,50.47619048,45.52631579
NUS3042,dT_samples,48.66666667,46.38461538
NUS3042,dT_samples,55.18181818,56.45454545
NUS3042,dT_samples,49.82352941,58.91666667
NUS3042,dT_samples,42.25,58.23529412
NUS3042,dT_samples,47.64285714,50.4375
NUS3042,dT_samples,47.52380952,44.85714286
NUS3042,dT_samples,46.57142857,52.52380952
NUS3042,dT_samples,48.55,44.76190476
NUS3042,dT_samples,45.36842105,49.19047619
NUS3042,dT_samples,42.81818182,55.80952381
NUS3042,dT_samples,43.85,51.85714286
NUS3042,dT_samples,44.82352941,50.95
NUS3042,dT_samples,41,53.25
NUS3042,dT_samples,44.35,50.68181818
NUS3042,CT_samples,54.19230769,59.52
NUS3042,CT_samples,49.20833333,55.17391304
NUS3042,CT_samples,47.64705882,55.45833333
NUS3042,CT_samples,55.84615385,62.16
NUS3042,CT_samples,41.30434783,57.375
NUS3042,CT_samples,51.27777778,58.83333333
NUS3042,CT_samples,45.72727273,57.5
NUS3042,CT_samples,36.33333333,47.58333333
NUS3042,CT_samples,39.95,51.35294118
NUS3042,CT_samples,43.10526316,50.58333333
NUS3042,CT_samples,42.04761905,51.28571429
NUS3042,CT_samples,45.45,49.53846154
NUS3042,CT_samples,44.28571429,46.35714286
NUS3042,CT_samples,44.09090909,50.05263158
NUS3042,CT_samples,42.4,49.9047619
NUS3042,CT_samples,45.58823529,52.94736842
NUS3042,CT_samples,44,54.14285714
NUS3042,CT_samples,44.63636364,53.22727273
NUS3042,CT_samples,46.2,54.68421053
NUS3042,CT_samples,44.15789474,54.66666667
NUS3042,RI_ratio,0.672440752,0.786850807
NUS3042,RI_ratio,0.710583245,0.824377367
NUS3042,RI_ratio,0.718924041,0.83000612
NUS3042,RI_ratio,0.87667976,0.685268591
NUS3042,RI_ratio,0.592109917,0.720695124
NUS3042,RI_ratio,0.83844315,0.742071875
NUS3042,RI_ratio,2.563250765,0.76929227
NUS3042,RI_ratio,0.590503286,0.765475664
NUS3042,RI_ratio,0.593809405,0.766615312
NUS3042,RI_ratio,0.56682362,0.769194389
NUS3042,RI_ratio,3.020969004,0.761931879
NUS3042,RI_ratio,0.620125759,0.776907779
NUS3042,RI_ratio,1.683074656,0.690541086
NUS3042,RI_ratio,0.6131752,0.799703574
NUS3042,RI_ratio,0.585813634,0.719411678
NUS3042,RI_ratio,0.616221614,0.73142754
NUS3042,RI_ratio,8.72244342,0.801676891
NUS3042,RI_ratio,0.688966064,0.834703363
NUS3042,RI_ratio,0.907638723,0.844695308
NUS3042,RI_ratio,3.650940884,0.780408503
NUS3043,PulseWidth_sec,1.242714286,1.136
NUS3043,PulseWidth_sec,1.159,1.14952381
NUS3043,PulseWidth_sec,1.088045455,1.069090909
NUS3043,PulseWidth_sec,1.124875,1.117142857
NUS3043,PulseWidth_sec,1.065583333,1.034666667
NUS3043,PulseWidth_sec,1.03575,1.044347826
NUS3043,PulseWidth_sec,1.087565217,11.97959023
NUS3043,PulseWidth_sec,1.067238095,0.94
NUS3043,PulseWidth_sec,1.024444444,1.016666667
NUS3043,PulseWidth_sec,1.132909091,1.11625
NUS3043,PulseWidth_sec,1.038588235,1.006666667
NUS3043,PulseWidth_sec,1.157636364,1.144444444
NUS3043,PulseWidth_sec,1.131111111,1.022857143
NUS3043,PulseWidth_sec,1.13425,1.154285714
NUS3043,PulseWidth_sec,1.120333333,1.164615385
NUS3043,PulseWidth_sec,1.048565217,1.063333333
NUS3043,PulseWidth_sec,1.108095238,1.113333333
NUS3043,PulseWidth_sec,1.122444444,1.053333333
NUS3043,PulseWidth_sec,1.103916667,1.055
NUS3043,PulseWidth_sec,1.082333333,1.105
NUS3043,CT_sec,0.2272,0.326315789
NUS3043,CT_sec,0.224263158,0.322727273
NUS3043,CT_sec,0.206,0.304347826
NUS3043,CT_sec,0.220375,0.326666667
NUS3043,CT_sec,0.209227273,0.307272727
NUS3043,CT_sec,0.211,0.337142857
NUS3043,CT_sec,0.213105263,0.317391304
NUS3043,CT_sec,0.1955,0.2675
NUS3043,CT_sec,0.230266667,0.258333333
NUS3043,CT_sec,0.2195,0.32625
NUS3043,CT_sec,0.231708333,0.3125
NUS3043,CT_sec,0.239173913,11.97959023
NUS3043,CT_sec,0.213636364,0.29625
NUS3043,CT_sec,0.218333333,0.253333333
NUS3043,CT_sec,0.223473684,0.246666667
NUS3043,CT_sec,0.2365,0.24
NUS3043,CT_sec,0.22645,0.24
NUS3043,CT_sec,0.243434783,0.233333333
NUS3043,CT_sec,0.240380952,0.213333333
NUS3043,CT_sec,0.219,0.185
NUS3043,dT_sec,0.272666667,0.247272727
NUS3043,dT_sec,0.3196,0.263157895
NUS3043,dT_sec,0.324952381,0.239130435
NUS3043,dT_sec,0.335090909,0.256363636
NUS3043,dT_sec,0.248166667,0.262608696
NUS3043,dT_sec,0.328384615,0.277142857
NUS3043,dT_sec,0.299,0.26
NUS3043,dT_sec,0.3235,0.295
NUS3043,dT_sec,0.322,0.279047619
NUS3043,dT_sec,0.317095238,0.31
NUS3043,dT_sec,0.305647059,0.25
NUS3043,dT_sec,0.315384615,10.90220333
NUS3043,dT_sec,0.308368421,0.26
NUS3043,dT_sec,0.295214286,0.29375
NUS3043,dT_sec,0.300076923,0.276666667
NUS3043,dT_sec,0.320863636,0.286666667
NUS3043,dT_sec,0.297866667,0.2725
NUS3043,dT_sec,0.311818182,0.324
NUS3043,dT_sec,0.302916667,0.325
NUS3043,dT_sec,0.328,0.2
NUS3043,dT_samples,54.8,44.05263158
NUS3043,dT_samples,60.47619048,43.60869565
NUS3043,dT_samples,56.8125,50.14285714
NUS3043,dT_samples,59.88235294,39.33333333
NUS3043,dT_samples,57.61538462,47.64285714
NUS3043,dT_samples,59.3125,48.9047619
NUS3043,dT_samples,38.2,44.83333333
NUS3043,dT_samples,54.75,46.61904762
NUS3043,dT_samples,53.27272727,48.16
NUS3043,dT_samples,53.43478261,11.97959023
NUS3043,dT_samples,46.44444444,50.81818182
NUS3043,dT_samples,56.07692308,10.90220333
NUS3043,dT_samples,57.73684211,47.5
NUS3043,dT_samples,63.52941176,52.33333333
NUS3043,dT_samples,56,54.71428571
NUS3043,dT_samples,54.15,47
NUS3043,dT_samples,57.31818182,57.6
NUS3043,dT_samples,53.30434783,51.66666667
NUS3043,dT_samples,52.19047619,55.66666667
NUS3043,dT_samples,52.88888889,56
NUS3043,CT_samples,39.1,55.73684211
NUS3043,CT_samples,37.81818182,54.85714286
NUS3043,CT_samples,38.6875,55.66666667
NUS3043,CT_samples,37.90909091,55.45454545
NUS3043,CT_samples,36.76923077,58.35714286
NUS3043,CT_samples,38.05555556,50.4
NUS3043,CT_samples,36.84210526,53.69565217
NUS3043,CT_samples,39.78947368,50.375
NUS3043,CT_samples,32,53.625
NUS3043,CT_samples,37.25,55.27272727
NUS3043,CT_samples,37,57.125
NUS3043,CT_samples,41.45454545,53.68
NUS3043,CT_samples,43.47826087,11.97959023
NUS3043,CT_samples,39,10.90220333
NUS3043,CT_samples,37.5,40.88888889
NUS3043,CT_samples,41.66666667,40.75
NUS3043,CT_samples,41.25,34.9
NUS3043,CT_samples,45.95652174,42.66666667
NUS3043,CT_samples,41.66666667,38.25
NUS3043,CT_samples,40.33333333,33.25
NUS3043,RI_ratio,0.759658566,0.876489307
NUS3043,RI_ratio,0.659328018,0.907200833
NUS3043,RI_ratio,0.646448969,0.923621971
NUS3043,RI_ratio,0.60335434,0.903708098
NUS3043,RI_ratio,0.619595417,0.889354579
NUS3043,RI_ratio,0.798887256,1.969311713
NUS3043,RI_ratio,0.764560615,0.739724414
NUS3043,RI_ratio,0.647474829,0.924107282
NUS3043,RI_ratio,0.618411058,6.742721032
NUS3043,RI_ratio,0.624834637,2.384123349
NUS3043,RI_ratio,0.658082051,11.97959023
NUS3043,RI_ratio,0.573744636,0.633403416
NUS3043,RI_ratio,0.664523979,0.533547702
NUS3043,RI_ratio,0.501413578,2.038196423
NUS3043,RI_ratio,0.578433151,2.328678858
NUS3043,RI_ratio,0.603673947,0.589936938
NUS3043,RI_ratio,0.658639934,0.524253743
NUS3043,RI_ratio,0.635819514,0.383149095
NUS3043,RI_ratio,0.624614814,0.669348058
NUS3043,RI_ratio,0.621291363,0.46321065
NUS3044,PulseWidth_sec,1.24575,1.215238095
NUS3044,PulseWidth_sec,1.1225,1.123809524
NUS3044,PulseWidth_sec,1.135714286,1.124444444
NUS3044,PulseWidth_sec,1.162733333,1.156363636
NUS3044,PulseWidth_sec,1.138214286,1.12952381
NUS3044,PulseWidth_sec,1.2165,1.178095238
NUS3044,PulseWidth_sec,1.18675,1.15047619
NUS3044,PulseWidth_sec,1.208133333,1.204
NUS3044,PulseWidth_sec,1.0992,1.11125
NUS3044,PulseWidth_sec,1.044666667,1.072222222
NUS3044,PulseWidth_sec,1.09075,1.11
NUS3044,PulseWidth_sec,1.0671875,1.084705882
NUS3044,PulseWidth_sec,1.075333333,1.082105263
NUS3044,PulseWidth_sec,1.073555556,1.092941176
NUS3044,PulseWidth_sec,1.05475,1.084
NUS3044,PulseWidth_sec,1.067545455,1.092222222
NUS3044,PulseWidth_sec,1.0815,1.031428571
NUS3044,PulseWidth_sec,1.116916667,1.117142857
NUS3044,PulseWidth_sec,1.138529412,1.14875
NUS3044,PulseWidth_sec,1.178307692,1.15
NUS3044,CT_sec,0.1966,0.280909091
NUS3044,CT_sec,0.194714286,0.307619048
NUS3044,CT_sec,0.20125,0.306
NUS3044,CT_sec,0.195,0.291578947
NUS3044,CT_sec,0.216117647,0.322608696
NUS3044,CT_sec,0.207307692,0.3225
NUS3044,CT_sec,0.217866667,0.326
NUS3044,CT_sec,0.18575,0.216666667
NUS3044,CT_sec,0.194466667,0.24952381
NUS3044,CT_sec,0.194666667,0.265
NUS3044,CT_sec,0.193,0.258
NUS3044,CT_sec,0.192916667,0.23625
NUS3044,CT_sec,0.194764706,0.24
NUS3044,CT_sec,0.196944444,0.22
NUS3044,CT_sec,0.1886875,0.21875
NUS3044,CT_sec,0.1875,0.208
NUS3044,CT_sec,0.1939375,0.222857143
NUS3044,CT_sec,0.171875,0.271428571
NUS3044,CT_sec,0.200333333,0.26
NUS3044,CT_sec,0.210058824,0.30375
NUS3044,dT_sec,0.301125,0.272380952
NUS3044,dT_sec,0.361142857,0.288571429
NUS3044,dT_sec,0.30275,0.332
NUS3044,dT_sec,0.377166667,0.339047619
NUS3044,dT_sec,0.37725,0.313333333
NUS3044,dT_sec,0.388,0.327368421
NUS3044,dT_sec,0.295076923,0.263333333
NUS3044,dT_sec,0.35025,0.32625
NUS3044,dT_sec,0.351357143,0.34
NUS3044,dT_sec,0.34275,0.365555556
NUS3044,dT_sec,0.350866667,0.32952381
NUS3044,dT_sec,0.342866667,0.318888889
NUS3044,dT_sec,0.350916667,0.35125
NUS3044,dT_sec,0.352647059,0.308888889
NUS3044,dT_sec,0.3546875,0.372941176
NUS3044,dT_sec,0.329,0.398666667
NUS3044,dT_sec,0.335,0.372857143
NUS3044,dT_sec,0.373,0.614285714
NUS3044,dT_sec,0.346,0.258095238
NUS3044,dT_sec,0.339058824,0.24
NUS3044,dT_samples,47.625,43
NUS3044,dT_samples,63.5,43.9047619
NUS3044,dT_samples,53.6,63.54545455
NUS3044,dT_samples,63,49.47619048
NUS3044,dT_samples,49.25,53.15
NUS3044,dT_samples,64,53.66666667
NUS3044,dT_samples,63.83333333,64.84210526
NUS3044,dT_samples,54.05882353,51.34782609
NUS3044,dT_samples,50.72727273,48.21052632
NUS3044,dT_samples,56.33333333,53.7
NUS3044,dT_samples,64.33333333,56.61904762
NUS3044,dT_samples,63.66666667,58.04761905
NUS3044,dT_samples,63.75,61.625
NUS3044,dT_samples,66,62.77777778
NUS3044,dT_samples,64.27777778,63
NUS3044,dT_samples,64.8125,66.875
NUS3044,dT_samples,65.8125,64.05
NUS3044,dT_samples,66.58333333,68.8125
NUS3044,dT_samples,61.41666667,44.61904762
NUS3044,dT_samples,59.17647059,40
NUS3044,CT_samples,32.625,54.04761905
NUS3044,CT_samples,34.5,56.14285714
NUS3044,CT_samples,33.92857143,52.57142857
NUS3044,CT_samples,32.75,49.45
NUS3044,CT_samples,32.5625,51.41176471
NUS3044,CT_samples,32.25,51.71428571
NUS3044,CT_samples,32.5,51.38095238
NUS3044,CT_samples,33,49.68421053
NUS3044,CT_samples,37.29411765,55.43478261
NUS3044,CT_samples,37.54545455,57.89473684
NUS3044,CT_samples,35.66666667,52.5
NUS3044,CT_samples,35.26666667,44.19047619
NUS3044,CT_samples,35.16666667,38.66666667
NUS3044,CT_samples,35.13333333,43.57142857
NUS3044,CT_samples,36.38888889,38.33333333
NUS3044,CT_samples,36.16666667,38.82352941
NUS3044,CT_samples,34.625,38.0625
NUS3044,CT_samples,35.58333333,44.95238095
NUS3044,CT_samples,36.47058824,51.125
NUS3044,CT_samples,34.76923077,34.5
NUS3044,RI_ratio,0.640694999,0.868407669
NUS3044,RI_ratio,0.610415017,0.904311873
NUS3044,RI_ratio,0.525172603,0.891076271
NUS3044,RI_ratio,0.479161514,0.919445249
NUS3044,RI_ratio,0.467182842,0.897842602
NUS3044,RI_ratio,0.42528449,0.878603953
NUS3044,RI_ratio,0.665622286,0.859939172
NUS3044,RI_ratio,0.673309958,0.869028106
NUS3044,RI_ratio,0.514728909,0.857737146
NUS3044,RI_ratio,0.481493836,0.780338243
NUS3044,RI_ratio,0.504409961,0.851610101
NUS3044,RI_ratio,0.462890171,0.853916447
NUS3044,RI_ratio,0.48522021,0.848378047
NUS3044,RI_ratio,0.481132583,0.78018314
NUS3044,RI_ratio,0.488489078,0.771526311
NUS3044,RI_ratio,0.440494514,0.778834189
NUS3044,RI_ratio,0.486310383,0.801365091
NUS3044,RI_ratio,0.490024427,0.774657201
NUS3044,RI_ratio,0.4421065,0.81331656
NUS3044,RI_ratio,0.585023505,0.775495866
NUS3045,PulseWidth_sec,1.3515,1.134545455
NUS3045,PulseWidth_sec,1.089352941,1.064
NUS3045,PulseWidth_sec,0.9699,0.931818182
NUS3045,PulseWidth_sec,1.1066,1.095833333
NUS3045,PulseWidth_sec,1.045666667,1.0384
NUS3045,PulseWidth_sec,0.9768,0.962962963
NUS3045,PulseWidth_sec,1.090095238,1.085
NUS3045,PulseWidth_sec,1.113285714,1.0552
NUS3045,PulseWidth_sec,1.181857143,1.015714286
NUS3045,PulseWidth_sec,1.104578947,1.099166667
NUS3045,PulseWidth_sec,1.0851875,1.0504
NUS3045,PulseWidth_sec,1.149588235,1.135454545
NUS3045,PulseWidth_sec,1.140875,1.158571429
NUS3045,PulseWidth_sec,1.192571429,1.171428571
NUS3045,PulseWidth_sec,1.190666667,1.197894737
NUS3045,PulseWidth_sec,1.179545455,1.184761905
NUS3045,PulseWidth_sec,1.086190476,1.085833333
NUS3045,PulseWidth_sec,1.259714286,1.252
NUS3045,PulseWidth_sec,1.247833333,1.255
NUS3045,PulseWidth_sec,1.116,1.115
NUS3045,CT_sec,0.283769231,0.296666667
NUS3045,CT_sec,0.24325,0.322857143
NUS3045,CT_sec,0.196285714,0.316521739
NUS3045,CT_sec,0.204428571,0.329565217
NUS3045,CT_sec,0.198857143,0.325217391
NUS3045,CT_sec,0.2318,0.330833333
NUS3045,CT_sec,0.206555556,0.323636364
NUS3045,CT_sec,0.199470588,0.323636364
NUS3045,CT_sec,0.192357143,0.2888
NUS3045,CT_sec,0.205285714,0.298571429
NUS3045,CT_sec,0.19015,0.28
NUS3045,CT_sec,0.196761905,0.296666667
NUS3045,CT_sec,0.19575,0.3
NUS3045,CT_sec,0.20025,0.279047619
NUS3045,CT_sec,0.193357143,0.306666667
NUS3045,CT_sec,0.195235294,0.304761905
NUS3045,CT_sec,0.192727273,0.317142857
NUS3045,CT_sec,0.198666667,0.302
NUS3045,CT_sec,0.199533333,0.315
NUS3045,CT_sec,0.2113,0.336470588
NUS3045,dT_sec,0.345,0.307272727
NUS3045,dT_sec,0.2965,0.274074074
NUS3045,dT_sec,0.296583333,0.259166667
NUS3045,dT_sec,0.34715,0.242222222
NUS3045,dT_sec,0.3050625,0.244347826
NUS3045,dT_sec,0.345909091,0.216363636
NUS3045,dT_sec,0.1425,0.270434783
NUS3045,dT_sec,0.351705882,0.243636364
NUS3045,dT_sec,0.350055556,0.216363636
NUS3045,dT_sec,0.34935,0.226363636
NUS3045,dT_sec,0.3488,0.226086957
NUS3045,dT_sec,0.337266667,0.219130435
NUS3045,dT_sec,0.3455,0.269565217
NUS3045,dT_sec,0.362411765,0.266363636
NUS3045,dT_sec,0.333714286,0.248181818
NUS3045,dT_sec,0.34675,0.227272727
NUS3045,dT_sec,0.216,0.246666667
NUS3045,dT_sec,0.256846154,0.225
NUS3045,dT_sec,0.343363636,0.264761905
NUS3045,dT_sec,0.355,0.269090909
NUS3045,dT_samples,52.28571429,42.95652174
NUS3045,dT_samples,63.0952381,43.48
NUS3045,dT_samples,56.5,49.86363636
NUS3045,dT_samples,60.75,38.69565217
NUS3045,dT_samples,52.75,41.86956522
NUS3045,dT_samples,66.94117647,44.95454545
NUS3045,dT_samples,64.0952381,43.625
NUS3045,dT_samples,59.55,34.14285714
NUS3045,dT_samples,69.6,55.91666667
NUS3045,dT_samples,65.47058824,50
NUS3045,dT_samples,58.18181818,41.31818182
NUS3045,dT_samples,55.19047619,43.14285714
NUS3045,dT_samples,56.15,39.57142857
NUS3045,dT_samples,57.5,45.65
NUS3045,dT_samples,44.92307692,39.6
NUS3045,dT_samples,64.75,44.93333333
NUS3045,dT_samples,57.25,36.38095238
NUS3045,dT_samples,55,43.9
NUS3045,dT_samples,53.84210526,36.35
NUS3045,dT_samples,50.45454545,39.35
NUS3045,CT_samples,48.625,65.23809524
NUS3045,CT_samples,38.6,63.36363636
NUS3045,CT_samples,39,60.42307692
NUS3045,CT_samples,36.52380952,57.39130435
NUS3045,CT_samples,34.75,58.17391304
NUS3045,CT_samples,33.69230769,57.81818182
NUS3045,CT_samples,38.8,59.20833333
NUS3045,CT_samples,37.2,56.52173913
NUS3045,CT_samples,33.93333333,55.60869565
NUS3045,CT_samples,34.73333333,55.2173913
NUS3045,CT_samples,31.45454545,52.95454545
NUS3045,CT_samples,32.8,52.61904762
NUS3045,CT_samples,31.61904762,49.57142857
NUS3045,CT_samples,32.75,47.18181818
NUS3045,CT_samples,33.36363636,47.04761905
NUS3045,CT_samples,32.10526316,49.35
NUS3045,CT_samples,31.86363636,48.47619048
NUS3045,CT_samples,31.75,51.78947368
NUS3045,CT_samples,32.08333333,48.95
NUS3045,CT_samples,32.6,50.5
NUS3045,RI_ratio,0.711840005,0.786943306
NUS3045,RI_ratio,0.693200824,0.93285564
NUS3045,RI_ratio,0.695084576,0.885203765
NUS3045,RI_ratio,0.64398245,0.809782983
NUS3045,RI_ratio,0.614352467,0.883553139
NUS3045,RI_ratio,0.619873722,0.925333606
NUS3045,RI_ratio,0.5690723,0.910916529
NUS3045,RI_ratio,0.541175327,0.921451842
NUS3045,RI_ratio,0.556666818,0.871756194
NUS3045,RI_ratio,0.43324185,0.845351479
NUS3045,RI_ratio,0.472358897,0.852375785
NUS3045,RI_ratio,0.447424384,0.856924262
NUS3045,RI_ratio,0.462821501,0.904734262
NUS3045,RI_ratio,0.54219488,0.907449657
NUS3045,RI_ratio,0.471482179,0.898578756
NUS3045,RI_ratio,0.45740551,0.89228108
NUS3045,RI_ratio,0.509627288,0.909458328
NUS3045,RI_ratio,0.444725872,0.909139619
NUS3045,RI_ratio,0.54634397,0.869509449
NUS3045,RI_ratio,0.459266415,0.926719544
NUS3046,PulseWidth_sec,0.76390625,0.756
NUS3046,PulseWidth_sec,0.744722222,0.741714286
NUS3046,PulseWidth_sec,0.732837838,0.733333333
NUS3046,PulseWidth_sec,0.679111111,0.670714286
NUS3046,PulseWidth_sec,0.72205,0.757777778
NUS3046,PulseWidth_sec,0.755555556,0.755
NUS3046,PulseWidth_sec,0.761885714,0.759428571
NUS3046,PulseWidth_sec,0.744888889,0.743888889
NUS3046,PulseWidth_sec,0.884,0.907333333
NUS3046,PulseWidth_sec,0.888464286,0.893793103
NUS3046,PulseWidth_sec,0.871766667,0.87483871
NUS3046,PulseWidth_sec,0.9172,0.954117647
NUS3046,PulseWidth_sec,0.84126087,0.8656
NUS3046,PulseWidth_sec,0.80584375,0.81
NUS3046,PulseWidth_sec,0.779205882,0.783636364
NUS3046,PulseWidth_sec,0.84052381,0.855
NUS3046,PulseWidth_sec,0.761333333,0.761714286
NUS3046,PulseWidth_sec,0.786676471,0.787058824
NUS3046,PulseWidth_sec,0.744647059,0.7336
NUS3046,PulseWidth_sec,0.77330303,0.779411765
NUS3046,CT_sec,0.186810811,0.195555556
NUS3046,CT_sec,0.187216216,0.188888889
NUS3046,CT_sec,0.206058824,0.241764706
NUS3046,CT_sec,0.214333333,0.224444444
NUS3046,CT_sec,0.19,0.226666667
NUS3046,CT_sec,0.194,0.186153846
NUS3046,CT_sec,0.184117647,0.204615385
NUS3046,CT_sec,0.193413793,0.216774194
NUS3046,CT_sec,0.1953,0.219333333
NUS3046,CT_sec,0.215310345,0.198064516
NUS3046,CT_sec,0.217576923,0.209230769
NUS3046,CT_sec,0.2198125,0.205806452
NUS3046,CT_sec,0.225827586,0.21030303
NUS3046,CT_sec,0.230147059,0.217647059
NUS3046,CT_sec,0.2396,0.236774194
NUS3046,CT_sec,0.214954545,0.220740741
NUS3046,CT_sec,0.222666667,0.221
NUS3046,CT_sec,0.235125,0.22625
NUS3046,CT_sec,0.233806452,0.243870968
NUS3046,CT_sec,0.2317,0.231612903
NUS3046,dT_sec,0.169333333,0.235862069
NUS3046,dT_sec,0.30272973,0.295789474
NUS3046,dT_sec,0.295545455,0.297647059
NUS3046,dT_sec,0.283137931,0.296129032
NUS3046,dT_sec,0.256,0.301578947
NUS3046,dT_sec,0.251769231,0.307647059
NUS3046,dT_sec,0.311761905,0.268387097
NUS3046,dT_sec,0.307677419,0.285714286
NUS3046,dT_sec,0.297555556,0.28
NUS3046,dT_sec,0.290297297,0.268333333
NUS3046,dT_sec,0.294166667,0.294166667
NUS3046,dT_sec,0.325592593,0.282758621
NUS3046,dT_sec,0.2836,0.2816
NUS3046,dT_sec,0.290967742,0.293076923
NUS3046,dT_sec,0.285482759,0.288965517
NUS3046,dT_sec,0.285,0.295833333
NUS3046,dT_sec,0.22425,0.298571429
NUS3046,dT_sec,0.298538462,0.283225806
NUS3046,dT_sec,0.299764706,0.288
NUS3046,dT_sec,0.309151515,0.303571429
NUS3046,dT_samples,78.38235294,78.78378378
NUS3046,dT_samples,72.07692308,74.38709677
NUS3046,dT_samples,76.24137931,78.90322581
NUS3046,dT_samples,49.66666667,75.13888889
NUS3046,dT_samples,58.85714286,75.35
NUS3046,dT_samples,56.26666667,75.23529412
NUS3046,dT_samples,37.33333333,66.10344828
NUS3046,dT_samples,58.88,51.89473684
NUS3046,dT_samples,78.66666667,72.47222222
NUS3046,dT_samples,72.85714286,62.66666667
NUS3046,dT_samples,73.77419355,63.86666667
NUS3046,dT_samples,57,65.23076923
NUS3046,dT_samples,73.53571429,64.22580645
NUS3046,dT_samples,67.31818182,65.52
NUS3046,dT_samples,71.27777778,66.73529412
NUS3046,dT_samples,76.52941176,70.47058824
NUS3046,dT_samples,76.61764706,71.88571429
NUS3046,dT_samples,64.48,63.25
NUS3046,dT_samples,60.39285714,55
NUS3046,dT_samples,69.5,61.22580645
NUS3046,CT_samples,50.64864865,50.15789474
NUS3046,CT_samples,50.86486486,49.33333333
NUS3046,CT_samples,50.66666667,48.73684211
NUS3046,CT_samples,48.34482759,49.53125
NUS3046,CT_samples,50.25,48.08108108
NUS3046,CT_samples,50.36111111,49.82857143
NUS3046,CT_samples,51.67567568,50.16666667
NUS3046,CT_samples,50.45945946,49.55555556
NUS3046,CT_samples,52.70588235,49.38709677
NUS3046,CT_samples,54.86842105,49.63157895
NUS3046,CT_samples,40.48148148,50.78378378
NUS3046,CT_samples,49.11764706,51.67647059
NUS3046,CT_samples,50.6,49.94444444
NUS3046,CT_samples,55.91666667,56.77777778
NUS3046,CT_samples,45.81481481,48.23333333
NUS3046,CT_samples,50.67857143,45.7037037
NUS3046,CT_samples,54.05714286,52.85294118
NUS3046,CT_samples,55.18181818,53.55555556
NUS3046,CT_samples,56.59375,52.33333333
NUS3046,CT_samples,53.96666667,52.12903226
NUS3046,RI_ratio,0.421247516,0.60216823
NUS3046,RI_ratio,0.356117736,0.568715278
NUS3046,RI_ratio,0.396728818,0.57768644
NUS3046,RI_ratio,0.675237583,0.605075165
NUS3046,RI_ratio,0.605526788,0.574882393
NUS3046,RI_ratio,0.634923343,0.62746913
NUS3046,RI_ratio,0.5335526,0.75182429
NUS3046,RI_ratio,0.648119052,0.850003292
NUS3046,RI_ratio,0.48268588,0.685079054
NUS3046,RI_ratio,0.515756956,0.711940997
NUS3046,RI_ratio,0.494332204,0.750404831
NUS3046,RI_ratio,0.626448721,0.787656432
NUS3046,RI_ratio,0.545062999,0.723026432
NUS3046,RI_ratio,0.590651448,0.68007202
NUS3046,RI_ratio,0.578929775,0.665532673
NUS3046,RI_ratio,0.557824617,0.668942489
NUS3046,RI_ratio,0.560097304,0.662573126
NUS3046,RI_ratio,0.60815398,0.703782217
NUS3046,RI_ratio,0.512707147,0.672288461
NUS3046,RI_ratio,0.578190572,0.70365295
NUS3047,PulseWidth_sec,0.883125,0.886
NUS3047,PulseWidth_sec,0.866857143,0.868461538
NUS3047,PulseWidth_sec,0.8891,0.889230769
NUS3047,PulseWidth_sec,0.986809524,0.98
NUS3047,PulseWidth_sec,0.991130435,0.984
NUS3047,PulseWidth_sec,1.023875,0.995652174
NUS3047,PulseWidth_sec,1.031,1.018666667
NUS3047,PulseWidth_sec,1.013142857,0.992222222
NUS3047,PulseWidth_sec,0.986954545,0.978571429
NUS3047,PulseWidth_sec,0.98376,0.986153846
NUS3047,PulseWidth_sec,0.973545455,0.982222222
NUS3047,PulseWidth_sec,0.954571429,0.96
NUS3047,PulseWidth_sec,1.046888889,1.016363636
NUS3047,PulseWidth_sec,0.984,0.963076923
NUS3047,PulseWidth_sec,0.959730769,0.965714286
NUS3047,PulseWidth_sec,1.0195,1.005714286
NUS3047,PulseWidth_sec,0.987730769,0.991666667
NUS3047,PulseWidth_sec,0.957740741,0.962727273
NUS3047,PulseWidth_sec,1.002888889,0.998947368
NUS3047,PulseWidth_sec,1.012,0.995555556
NUS3047,CT_sec,0.175666667,0.155
NUS3047,CT_sec,0.160444444,0.156666667
NUS3047,CT_sec,0.158666667,0.170909091
NUS3047,CT_sec,0.169555556,0.14
NUS3047,CT_sec,0.164,0.14
NUS3047,CT_sec,0.1772,0.187
NUS3047,CT_sec,0.175692308,0.184210526
NUS3047,CT_sec,0.1712,0.185
NUS3047,CT_sec,0.175555556,0.184615385
NUS3047,CT_sec,0.169473684,0.18
NUS3047,CT_sec,0.181166667,0.183
NUS3047,CT_sec,0.176888889,0.190909091
NUS3047,CT_sec,0.182,0.192727273
NUS3047,CT_sec,0.179964286,0.176363636
NUS3047,CT_sec,0.184307692,0.173333333
NUS3047,CT_sec,0.181925926,0.168571429
NUS3047,CT_sec,0.190769231,0.185217391
NUS3047,CT_sec,0.188074074,0.182608696
NUS3047,CT_sec,0.191291667,0.2
NUS3047,CT_sec,0.172,0.182222222
NUS3047,dT_sec,0.330666667,0.321818182
NUS3047,dT_sec,0.328545455,0.353333333
NUS3047,dT_sec,0.328,0.33
NUS3047,dT_sec,0.337176471,0.366666667
NUS3047,dT_sec,0.33,0.338571429
NUS3047,dT_sec,0.3205,0.353333333
NUS3047,dT_sec,0.315727273,0.318333333
NUS3047,dT_sec,0.356192308,0.354285714
NUS3047,dT_sec,0.334833333,0.34
NUS3047,dT_sec,0.340923077,0.339
NUS3047,dT_sec,0.355375,0.351428571
NUS3047,dT_sec,0.323321429,0.343636364
NUS3047,dT_sec,0.3424,0.32
NUS3047,dT_sec,0.3455,0.36
NUS3047,dT_sec,6.551062371,0.52
NUS3047,dT_sec,0.342833333,0.324
NUS3047,dT_sec,0.310076923,0.320833333
NUS3047,dT_sec,0.305478261,0.327272727
NUS3047,dT_sec,0.350263158,0.34
NUS3047,dT_sec,0.347411765,0.346666667
NUS3047,dT_samples,68.61111111,69.91666667
NUS3047,dT_samples,67.23076923,69.55555556
NUS3047,dT_samples,72.75,65.5
NUS3047,dT_samples,67.41666667,66.8
NUS3047,dT_samples,65.8125,66.5
NUS3047,dT_samples,65.0952381,64
NUS3047,dT_samples,63.875,62.08333333
NUS3047,dT_samples,72.1875,71.875
NUS3047,dT_samples,65.25,68.81818182
NUS3047,dT_samples,67.22222222,68.77777778
NUS3047,dT_samples,70.7037037,70
NUS3047,dT_samples,70.61538462,71.33333333
NUS3047,dT_samples,61.71428571,60.75
NUS3047,dT_samples,65.2962963,65.68181818
NUS3047,dT_samples,59.75,65.85714286
NUS3047,dT_samples,64,70.73333333
NUS3047,dT_samples,68.03846154,76.90909091
NUS3047,dT_samples,68.25,72.75
NUS3047,dT_samples,57.71428571,62.16666667
NUS3047,dT_samples,67.31818182,65.14285714
NUS3047,CT_samples,33.74074074,34.63636364
NUS3047,CT_samples,32.04347826,33.33333333
NUS3047,CT_samples,35.59259259,35.32
NUS3047,CT_samples,29.5,34.18181818
NUS3047,CT_samples,32.35,34
NUS3047,CT_samples,33.6,35.33333333
NUS3047,CT_samples,34.33333333,34.44444444
NUS3047,CT_samples,33.875,33.55555556
NUS3047,CT_samples,36.40740741,34.92307692
NUS3047,CT_samples,36.26923077,34.82352941
NUS3047,CT_samples,33.6,34.66666667
NUS3047,CT_samples,35.88235294,32
NUS3047,CT_samples,36.47619048,35
NUS3047,CT_samples,33.70833333,31.26666667
NUS3047,CT_samples,6.149487058,28.625
NUS3047,CT_samples,33.8,30
NUS3047,CT_samples,39.19047619,36.08333333
NUS3047,CT_samples,38.84615385,35
NUS3047,CT_samples,31.5,32.86666667
NUS3047,CT_samples,37,37.31818182
NUS3047,RI_ratio,0.30197458,0.69703486
NUS3047,RI_ratio,0.225909973,0.598657241
NUS3047,RI_ratio,0.439515412,0.642900683
NUS3047,RI_ratio,0.418238993,0.61712423
NUS3047,RI_ratio,6.728040554,0.769990737
NUS3047,RI_ratio,0.472821095,0.618306638
NUS3047,RI_ratio,0.600241355,0.624156205
NUS3047,RI_ratio,0.538633634,0.606395423
NUS3047,RI_ratio,0.382937475,0.517549037
NUS3047,RI_ratio,0.37988994,0.57179708
NUS3047,RI_ratio,0.368383711,0.554688429
NUS3047,RI_ratio,0.495929495,0.694518485
NUS3047,RI_ratio,0.305229563,0.335827105
NUS3047,RI_ratio,0.38806985,0.601168464
NUS3047,RI_ratio,6.551062371,0.463744566
NUS3047,RI_ratio,0.461627029,0.560497742
NUS3047,RI_ratio,0.43341169,0.572910874
NUS3047,RI_ratio,0.351162874,0.605036608
NUS3047,RI_ratio,0.338321465,0.65686315
NUS3047,RI_ratio,0.348273554,0.626951276
NUS3048,PulseWidth_sec,0.969481481,0.968148148
NUS3048,PulseWidth_sec,1.00364,1.003333333
NUS3048,PulseWidth_sec,0.994653846,0.994615385
NUS3048,PulseWidth_sec,0.821137931,0.824375
NUS3048,PulseWidth_sec,0.948576923,0.943809524
NUS3048,PulseWidth_sec,0.989555556,0.9576
NUS3048,PulseWidth_sec,0.861935484,0.856666667
NUS3048,PulseWidth_sec,0.91162069,11.8543619
NUS3048,PulseWidth_sec,0.923928571,0.922307692
NUS3048,PulseWidth_sec,0.866166667,0.861
NUS3048,PulseWidth_sec,0.8425,0.8425
NUS3048,PulseWidth_sec,0.852935484,0.85483871
NUS3048,PulseWidth_sec,0.928958333,0.9
NUS3048,PulseWidth_sec,0.922481481,0.9
NUS3048,PulseWidth_sec,0.88616,0.847272727
NUS3048,PulseWidth_sec,0.825923077,0.848
NUS3048,PulseWidth_sec,0.9388,0.928571429
NUS3048,PulseWidth_sec,0.954222222,1
NUS3048,PulseWidth_sec,0.85652381,0.862857143
NUS3048,PulseWidth_sec,0.8924,0.877391304
NUS3048,CT_sec,0.229653846,0.234285714
NUS3048,CT_sec,0.250074074,0.257777778
NUS3048,CT_sec,0.216538462,0.251538462
NUS3048,CT_sec,0.22612,0.252307692
NUS3048,CT_sec,0.2206,0.261904762
NUS3048,CT_sec,0.233269231,0.260769231
NUS3048,CT_sec,0.221586207,0.24137931
NUS3048,CT_sec,0.213133333,0.221818182
NUS3048,CT_sec,0.214857143,0.21
NUS3048,CT_sec,0.207433333,0.186
NUS3048,CT_sec,0.216892857,0.204
NUS3048,CT_sec,0.2222,0.212631579
NUS3048,CT_sec,0.211608696,0.22
NUS3048,CT_sec,0.226518519,0.22
NUS3048,CT_sec,0.202333333,0.2
NUS3048,CT_sec,0.202,10.164172
NUS3048,CT_sec,0.198947368,0.273333333
NUS3048,CT_sec,0.227,0.25037037
NUS3048,CT_sec,0.213818182,0.213333333
NUS3048,CT_sec,0.2338,0.237142857
NUS3048,dT_sec,0.230615385,0.2712
NUS3048,dT_sec,0.334192308,0.319230769
NUS3048,dT_sec,0.322041667,0.278518519
NUS3048,dT_sec,0.27124,0.288
NUS3048,dT_sec,0.24072,0.282307692
NUS3048,dT_sec,0.268291667,0.277931034
NUS3048,dT_sec,0.322851852,0.413333333
NUS3048,dT_sec,0.317774194,0.368571429
NUS3048,dT_sec,0.307192308,0.361428571
NUS3048,dT_sec,0.3124,9.998824533
NUS3048,dT_sec,0.303428571,0.29862069
NUS3048,dT_sec,0.3007,0.330526316
NUS3048,dT_sec,0.295344828,0.405
NUS3048,dT_sec,0.275464286,0.301
NUS3048,dT_sec,0.313555556,0.53
NUS3048,dT_sec,0.322,0.49
NUS3048,dT_sec,0.285964286,0.2624
NUS3048,dT_sec,0.303258065,0.25
NUS3048,dT_sec,0.317363636,0.33
NUS3048,dT_sec,0.303481481,0.289090909
NUS3048,dT_samples,45.68181818,67.34782609
NUS3048,dT_samples,60.31818182,50.4
NUS3048,dT_samples,61,49.95454545
NUS3048,dT_samples,65.2,54.19230769
NUS3048,dT_samples,63.11538462,57.59090909
NUS3048,dT_samples,61.80769231,56.85185185
NUS3048,dT_samples,65.22222222,64.26086957
NUS3048,dT_samples,74.57142857,86.86666667
NUS3048,dT_samples,70.44827586,8.704709373
NUS3048,dT_samples,70.17647059,110
NUS3048,dT_samples,60,49.40740741
NUS3048,dT_samples,67.32142857,82.33333333
NUS3048,dT_samples,68.53571429,87.72727273
NUS3048,dT_samples,78.3125,53.84848485
NUS3048,dT_samples,70.12903226,69.20689655
NUS3048,dT_samples,57.18518519,76
NUS3048,dT_samples,70,10.51186559
NUS3048,dT_samples,49.69230769,67.07407407
NUS3048,dT_samples,46.17857143,62.42307692
NUS3048,dT_samples,60.30769231,65.55
NUS3048,CT_samples,52.92,52.73333333
NUS3048,CT_samples,45.83333333,50.88
NUS3048,CT_samples,48.48275862,49.86206897
NUS3048,CT_samples,49.66666667,50.42857143
NUS3048,CT_samples,50.2962963,52.77777778
NUS3048,CT_samples,47.64516129,47
NUS3048,CT_samples,48.2,50.5
NUS3048,CT_samples,48.64516129,47.125
NUS3048,CT_samples,46.75,43.4
NUS3048,CT_samples,45.30434783,37.16666667
NUS3048,CT_samples,48.2,44.16666667
NUS3048,CT_samples,47.5,43.25
NUS3048,CT_samples,46,69.16666667
NUS3048,CT_samples,47.48148148,46
NUS3048,CT_samples,54.47826087,51
NUS3048,CT_samples,49.58333333,54
NUS3048,CT_samples,43.55555556,52
NUS3048,CT_samples,44.38095238,41.5
NUS3048,CT_samples,51.06060606,55.72727273
NUS3048,CT_samples,43,47.28571429
NUS3048,RI_ratio,0.512956197,0.631479311
NUS3048,RI_ratio,0.529059127,0.70325704
NUS3048,RI_ratio,0.528245815,0.704804462
NUS3048,RI_ratio,0.529141834,0.697819213
NUS3048,RI_ratio,0.557717816,0.686298469
NUS3048,RI_ratio,0.400086136,0.231150669
NUS3048,RI_ratio,0.382965884,0.194878118
NUS3048,RI_ratio,0.394220197,0.978344739
NUS3048,RI_ratio,0.41621756,8.704709373
NUS3048,RI_ratio,0.423732669,0.1671379
NUS3048,RI_ratio,0.445058304,0.210743387
NUS3048,RI_ratio,0.484594906,4.402529784
NUS3048,RI_ratio,0.498123089,0.624035583
NUS3048,RI_ratio,0.602019505,0.531417611
NUS3048,RI_ratio,0.698852071,0.477418438
NUS3048,RI_ratio,0.472352456,0.859928026
NUS3048,RI_ratio,0.548214945,0.256278213
NUS3048,RI_ratio,0.454299046,0.874806098
NUS3048,RI_ratio,0.619061709,10.70867193
NUS3048,RI_ratio,0.541554312,0.4424144
NUS3049,PulseWidth_sec,1.117217391,1.119130435
NUS3049,PulseWidth_sec,1.11,1.114782609
NUS3049,PulseWidth_sec,0.954727273,0.96
NUS3049,PulseWidth_sec,0.965740741,0.965925926
NUS3049,PulseWidth_sec,0.959333333,0.962222222
NUS3049,PulseWidth_sec,0.964962963,0.964444444
NUS3049,PulseWidth_sec,1.058708333,1.065
NUS3049,PulseWidth_sec,1.045681818,1.0544
NUS3049,PulseWidth_sec,1.01464,1.0184
NUS3049,PulseWidth_sec,1.0276,1.032
NUS3049,PulseWidth_sec,1.118545455,1.122727273
NUS3049,PulseWidth_sec,1.0418,1.04
NUS3049,PulseWidth_sec,1.037846154,1.027058824
NUS3049,PulseWidth_sec,1.101083333,1.093636364
NUS3049,PulseWidth_sec,1.02268,1.024166667
NUS3049,PulseWidth_sec,1.017307692,1.012631579
NUS3049,PulseWidth_sec,1.059541667,1.066153846
NUS3049,PulseWidth_sec,1.098727273,1.103478261
NUS3049,PulseWidth_sec,1.172461538,1.203809524
NUS3049,PulseWidth_sec,1.111478261,1.117272727
NUS3049,CT_sec,0.239,0.319130435
NUS3049,CT_sec,0.202714286,0.291111111
NUS3049,CT_sec,0.210111111,0.313333333
NUS3049,CT_sec,0.206875,0.314814815
NUS3049,CT_sec,0.206555556,0.306666667
NUS3049,CT_sec,0.207869565,0.308888889
NUS3049,CT_sec,0.192,0.192941176
NUS3049,CT_sec,0.191294118,0.18125
NUS3049,CT_sec,0.20732,0.2968
NUS3049,CT_sec,0.234956522,0.313636364
NUS3049,CT_sec,0.247454545,0.31826087
NUS3049,CT_sec,0.2235,0.304615385
NUS3049,CT_sec,0.233875,0.3112
NUS3049,CT_sec,0.245210526,0.326956522
NUS3049,CT_sec,0.250545455,0.3232
NUS3049,CT_sec,0.3056875,0.345882353
NUS3049,CT_sec,0.262454545,0.333043478
NUS3049,CT_sec,0.24915,0.3275
NUS3049,CT_sec,0.221,0.334285714
NUS3049,CT_sec,0.212066667,0.281
NUS3049,dT_sec,0.301052632,0.261818182
NUS3049,dT_sec,0.307304348,0.274782609
NUS3049,dT_sec,0.328653846,0.286666667
NUS3049,dT_sec,0.31496,0.235714286
NUS3049,dT_sec,0.312,0.245185185
NUS3049,dT_sec,0.320692308,0.238571429
NUS3049,dT_sec,0.325,0.254074074
NUS3049,dT_sec,0.333333333,0.257037037
NUS3049,dT_sec,0.338923077,0.26
NUS3049,dT_sec,0.3314,0.237777778
NUS3049,dT_sec,0.305304348,0.279090909
NUS3049,dT_sec,0.308590909,0.25047619
NUS3049,dT_sec,0.303545455,0.305217391
NUS3049,dT_sec,0.3153,0.194285714
NUS3049,dT_sec,0.3038,0.223333333
NUS3049,dT_sec,0.30955,0.2775
NUS3049,dT_sec,0.32016,0.2648
NUS3049,dT_sec,0.308125,0.2624
NUS3049,dT_sec,0.306647059,0.300869565
NUS3049,dT_sec,0.349736842,0.267368421
NUS3049,dT_samples,56.69565217,42
NUS3049,dT_samples,57.04347826,46
NUS3049,dT_samples,69.70833333,48
NUS3049,dT_samples,41,55.42307692
NUS3049,dT_samples,67.58333333,49.96296296
NUS3049,dT_samples,68.18518519,49.66666667
NUS3049,dT_samples,68.80769231,47.51851852
NUS3049,dT_samples,67.16666667,46.88888889
NUS3049,dT_samples,68.48148148,44
NUS3049,dT_samples,38.5,53.11764706
NUS3049,dT_samples,64.88235294,53.07142857
NUS3049,dT_samples,51.04347826,44.375
NUS3049,dT_samples,60.5,46.875
NUS3049,dT_samples,52.77777778,42.96
NUS3049,dT_samples,55.81818182,45.13043478
NUS3049,dT_samples,54.68181818,56.57894737
NUS3049,dT_samples,54.09090909,42.52380952
NUS3049,dT_samples,60.95652174,45.79166667
NUS3049,dT_samples,58.32,43.32
NUS3049,dT_samples,55.77777778,47.66666667
NUS3049,CT_samples,42.67857143,60.35714286
NUS3049,CT_samples,42.45,65.07692308
NUS3049,CT_samples,45.18518519,62.25925926
NUS3049,CT_samples,40.88,55.52
NUS3049,CT_samples,40.68,56.56
NUS3049,CT_samples,43.7,55.8
NUS3049,CT_samples,45.08333333,55.41666667
NUS3049,CT_samples,43.39130435,54.82608696
NUS3049,CT_samples,43.7826087,55.56521739
NUS3049,CT_samples,43.73913043,55.39130435
NUS3049,CT_samples,44.34782609,54.84210526
NUS3049,CT_samples,44.7,60.21428571
NUS3049,CT_samples,48.61904762,60.16666667
NUS3049,CT_samples,44.92307692,61.03846154
NUS3049,CT_samples,44.42307692,61.15789474
NUS3049,CT_samples,49.77272727,59.17391304
NUS3049,CT_samples,46.72727273,58.54545455
NUS3049,CT_samples,37.57894737,54.94736842
NUS3049,CT_samples,36,54.27272727
NUS3049,CT_samples,37,52.7826087
NUS3049,RI_ratio,0.544416629,0.799753295
NUS3049,RI_ratio,0.556539418,0.816477533
NUS3049,RI_ratio,0.566303176,0.883646065
NUS3049,RI_ratio,0.496604148,0.735120409
NUS3049,RI_ratio,0.504805043,0.704402107
NUS3049,RI_ratio,0.618830797,0.852995349
NUS3049,RI_ratio,0.581126535,0.879901992
NUS3049,RI_ratio,0.529243922,0.875645972
NUS3049,RI_ratio,0.659487405,0.891331365
NUS3049,RI_ratio,0.594299899,0.875668369
NUS3049,RI_ratio,0.628011857,0.882087544
NUS3049,RI_ratio,0.601063068,0.916374466
NUS3049,RI_ratio,0.624437794,0.902596929
NUS3049,RI_ratio,0.599670876,0.894932117
NUS3049,RI_ratio,0.601794616,0.865516475
NUS3049,RI_ratio,0.597446449,0.888292442
NUS3049,RI_ratio,0.642887269,0.909674878
NUS3049,RI_ratio,0.68761297,0.916163246
NUS3049,RI_ratio,0.526573142,0.823221851
NUS3049,RI_ratio,0.679240175,0.818691512
NUS3051,PulseWidth_sec,1.071846154,1.0448
NUS3051,PulseWidth_sec,0.868571429,0.875714286
NUS3051,PulseWidth_sec,0.932625,0.9568
NUS3051,PulseWidth_sec,0.944590909,0.9464
NUS3051,PulseWidth_sec,0.943647059,0.953846154
NUS3051,PulseWidth_sec,0.83637037,0.844516129
NUS3051,PulseWidth_sec,0.942625,0.924761905
NUS3051,PulseWidth_sec,0.9219375,0.9248
NUS3051,PulseWidth_sec,0.920733333,0.902608696
NUS3051,PulseWidth_sec,0.980714286,0.974814815
NUS3051,PulseWidth_sec,0.929294118,0.937857143
NUS3051,PulseWidth_sec,0.915235294,0.915862069
NUS3051,PulseWidth_sec,0.95696,0.950769231
NUS3051,PulseWidth_sec,0.9476,0.951111111
NUS3051,PulseWidth_sec,0.966695652,0.971111111
NUS3051,PulseWidth_sec,0.94315,0.96
NUS3051,PulseWidth_sec,0.953730769,0.952857143
NUS3051,PulseWidth_sec,0.825346154,0.834193548
NUS3051,PulseWidth_sec,0.878913043,0.86516129
NUS3051,PulseWidth_sec,1.125,1.02
NUS3051,CT_sec,0.242375,0.375294118
NUS3051,CT_sec,0.214933333,0.298518519
NUS3051,CT_sec,0.211769231,0.266923077
NUS3051,CT_sec,0.216583333,0.266153846
NUS3051,CT_sec,0.212173913,0.291851852
NUS3051,CT_sec,0.194823529,0.18
NUS3051,CT_sec,0.21075,0.186363636
NUS3051,CT_sec,0.233,0.180952381
NUS3051,CT_sec,0.205933333,0.188695652
NUS3051,CT_sec,0.2026,0.31037037
NUS3051,CT_sec,0.209933333,0.300740741
NUS3051,CT_sec,0.216125,0.303846154
NUS3051,CT_sec,0.209909091,0.300740741
NUS3051,CT_sec,0.2205,0.301428571
NUS3051,CT_sec,0.207769231,0.303703704
NUS3051,CT_sec,0.2036,0.302962963
NUS3051,CT_sec,0.2055,0.300769231
NUS3051,CT_sec,0.194695652,0.296774194
NUS3051,CT_sec,0.192153846,0.296774194
NUS3051,CT_sec,0.186275862,0.176363636
NUS3051,dT_sec,0.295176471,0.22
NUS3051,dT_sec,0.288571429,0.231764706
NUS3051,dT_sec,0.310470588,0.2296
NUS3051,dT_sec,0.319055556,0.208888889
NUS3051,dT_sec,0.317722222,0.220740741
NUS3051,dT_sec,0.318576923,0.214285714
NUS3051,dT_sec,0.324333333,0.2248
NUS3051,dT_sec,0.320352941,0.237692308
NUS3051,dT_sec,0.284703704,0.193548387
NUS3051,dT_sec,0.293458333,0.306363636
NUS3051,dT_sec,0.311,0.326666667
NUS3051,dT_sec,0.297571429,0.315833333
NUS3051,dT_sec,0.314,0.306956522
NUS3051,dT_sec,0.281,0.319130435
NUS3051,dT_sec,0.233571429,0.314166667
NUS3051,dT_sec,0.28585,0.202222222
NUS3051,dT_sec,0.30245,0.208888889
NUS3051,dT_sec,0.3069375,0.196923077
NUS3051,dT_sec,0.30765,0.206666667
NUS3051,dT_sec,0.2158125,0.300909091
NUS3051,dT_samples,54.58823529,39.66666667
NUS3051,dT_samples,51.85714286,43.17647059
NUS3051,dT_samples,66.38095238,40.92857143
NUS3051,dT_samples,67.29411765,48.15384615
NUS3051,dT_samples,67.15789474,47.12
NUS3051,dT_samples,72.20833333,61.96875
NUS3051,dT_samples,30,69.21428571
NUS3051,dT_samples,66.8,67.71428571
NUS3051,dT_samples,65.73913043,67.25
NUS3051,dT_samples,68,67.18181818
NUS3051,dT_samples,58.54545455,42.59259259
NUS3051,dT_samples,66.125,39.62962963
NUS3051,dT_samples,68.07407407,40.60714286
NUS3051,dT_samples,64.28571429,40
NUS3051,dT_samples,68.5,38.25925926
NUS3051,dT_samples,66.18181818,40.38461538
NUS3051,dT_samples,68.30769231,48.16129032
NUS3051,dT_samples,64.46153846,45.06451613
NUS3051,dT_samples,62.5,65.17391304
NUS3051,dT_samples,49.8125,69.68181818
NUS3051,CT_samples,44.64705882,71.36363636
NUS3051,CT_samples,42.92307692,51.73076923
NUS3051,CT_samples,45.22727273,56.11538462
NUS3051,CT_samples,42.63157895,57.59259259
NUS3051,CT_samples,44.04761905,54.11111111
NUS3051,CT_samples,44.05555556,50.71428571
NUS3051,CT_samples,48.66666667,50.88
NUS3051,CT_samples,45.95454545,39.28571429
NUS3051,CT_samples,50.8125,39.04545455
NUS3051,CT_samples,45,44.66666667
NUS3051,CT_samples,46.05555556,39.92
NUS3051,CT_samples,43,63.46428571
NUS3051,CT_samples,43.73333333,61.40740741
NUS3051,CT_samples,42.25,59.92592593
NUS3051,CT_samples,47.2,62.10714286
NUS3051,CT_samples,42.52631579,60.55555556
NUS3051,CT_samples,45.56521739,60.25925926
NUS3051,CT_samples,43.5,62.46153846
NUS3051,CT_samples,41.15384615,62.55555556
NUS3051,CT_samples,43.69565217,66.22580645
NUS3051,RI_ratio,0.661070676,0.914179276
NUS3051,RI_ratio,0.689028909,0.88995157
NUS3051,RI_ratio,0.694180208,0.888448066
NUS3051,RI_ratio,0.708006503,0.860783314
NUS3051,RI_ratio,0.694626708,0.881467755
NUS3051,RI_ratio,0.694696756,0.872649963
NUS3051,RI_ratio,0.902117908,0.860065294
NUS3051,RI_ratio,0.721843213,0.826645887
NUS3051,RI_ratio,0.693326762,0.747185201
NUS3051,RI_ratio,0.719795666,0.749885226
NUS3051,RI_ratio,0.737834718,0.86052303
NUS3051,RI_ratio,0.732510574,0.790667398
NUS3051,RI_ratio,0.748806916,0.908141324
NUS3051,RI_ratio,0.622794004,0.899945901
NUS3051,RI_ratio,0.658570499,0.898720609
NUS3051,RI_ratio,0.718017938,0.906887315
NUS3051,RI_ratio,0.745332599,0.909533248
NUS3051,RI_ratio,0.697524444,0.90708201
NUS3051,RI_ratio,0.739988387,0.852212262
NUS3051,RI_ratio,0.684473224,0.725544539
NUS3052,PulseWidth_sec,1.0848,1.058
NUS3052,PulseWidth_sec,0.99365,0.996296296
NUS3052,PulseWidth_sec,0.97475,0.975238095
NUS3052,PulseWidth_sec,1.027913043,1.0312
NUS3052,PulseWidth_sec,1.062,1.012307692
NUS3052,PulseWidth_sec,1.192,1.16
NUS3052,PulseWidth_sec,1.2388125,1.214
NUS3052,PulseWidth_sec,1.15805,1.057142857
NUS3052,PulseWidth_sec,1.206444444,1.03
NUS3052,PulseWidth_sec,1.171380952,1.076
NUS3052,PulseWidth_sec,1.179142857,0.94
NUS3052,PulseWidth_sec,1.074705882,1.075833333
NUS3052,PulseWidth_sec,1.193642857,1.064
NUS3052,PulseWidth_sec,1.2235625,1.11
NUS3052,PulseWidth_sec,1.17475,1.19
NUS3052,PulseWidth_sec,1.270333333,1.267368421
NUS3052,PulseWidth_sec,1.213941176,1.153684211
NUS3052,PulseWidth_sec,1.178333333,1.08
NUS3052,PulseWidth_sec,1.149684211,1.166666667
NUS3052,PulseWidth_sec,1.2788,1.106666667
NUS3052,CT_sec,0.19495,0.3
NUS3052,CT_sec,0.1953,0.295384615
NUS3052,CT_sec,0.185,0.1968
NUS3052,CT_sec,0.1815,0.264761905
NUS3052,CT_sec,0.215,0.33
NUS3052,CT_sec,0.213461538,0.322727273
NUS3052,CT_sec,0.208333333,0.3125
NUS3052,CT_sec,0.20825,0.327
NUS3052,CT_sec,0.173411765,0.18
NUS3052,CT_sec,0.172888889,0.17
NUS3052,CT_sec,0.182857143,0.186666667
NUS3052,CT_sec,0.180307692,0.18
NUS3052,CT_sec,0.177333333,0.18
NUS3052,CT_sec,0.183,0.245
NUS3052,CT_sec,0.183235294,0.283809524
NUS3052,CT_sec,0.173222222,0.185
NUS3052,CT_sec,0.217047619,0.301904762
NUS3052,CT_sec,0.217894737,0.293
NUS3052,CT_sec,0.209882353,0.288571429
NUS3052,CT_sec,0.220882353,0.315454545
NUS3052,dT_sec,0.309952381,0.196923077
NUS3052,dT_sec,0.173166667,0.285714286
NUS3052,dT_sec,0.26675,0.213846154
NUS3052,dT_sec,0.336214286,0.308
NUS3052,dT_sec,0.255,0.331428571
NUS3052,dT_sec,0.283470588,0.34
NUS3052,dT_sec,0.297,0.283
NUS3052,dT_sec,0.248666667,0.3075
NUS3052,dT_sec,0.150555556,0.29875
NUS3052,dT_sec,0.19625,0.31
NUS3052,dT_sec,0.312545455,0.276190476
NUS3052,dT_sec,0.306875,0.305
NUS3052,dT_sec,0.316461538,0.296470588
NUS3052,dT_sec,0.292368421,0.281904762
NUS3052,dT_sec,0.301777778,0.32
NUS3052,dT_sec,0.2656,0.296
NUS3052,dT_sec,0.288692308,0.275555556
NUS3052,dT_sec,0.296521739,0.291666667
NUS3052,dT_sec,0.2696,0.328888889
NUS3052,dT_sec,0.234461538,0.331764706
NUS3052,dT_samples,61.19047619,37
NUS3052,dT_samples,60.95,33.5
NUS3052,dT_samples,44.72727273,63.93333333
NUS3052,dT_samples,42.16666667,59.47619048
NUS3052,dT_samples,57.09090909,43.33333333
NUS3052,dT_samples,53.6875,46.2
NUS3052,dT_samples,48.42857143,44.47058824
NUS3052,dT_samples,49,68.90909091
NUS3052,dT_samples,45.5,67
NUS3052,dT_samples,38.33333333,52.5
NUS3052,dT_samples,46.27272727,47.04347826
NUS3052,dT_samples,46,47.76470588
NUS3052,dT_samples,51.8,49.85
NUS3052,dT_samples,52.375,50.05263158
NUS3052,dT_samples,45.55555556,46.92857143
NUS3052,dT_samples,46.25,50.375
NUS3052,dT_samples,43.71428571,54.21052632
NUS3052,dT_samples,43.8,51.7
NUS3052,dT_samples,36.75,49.26666667
NUS3052,dT_samples,30.4,47.35
NUS3052,CT_samples,37.7,57.1
NUS3052,CT_samples,37.05,56.17391304
NUS3052,CT_samples,37,43.42857143
NUS3052,CT_samples,37.95454545,54.55555556
NUS3052,CT_samples,42.13043478,60.34615385
NUS3052,CT_samples,36.75,58.61538462
NUS3052,CT_samples,32.76923077,53.36363636
NUS3052,CT_samples,33.14285714,52.88235294
NUS3052,CT_samples,29.42857143,35.63636364
NUS3052,CT_samples,30.15384615,35.46153846
NUS3052,CT_samples,28.83333333,33
NUS3052,CT_samples,28.38888889,31.5
NUS3052,CT_samples,29.19047619,31.4
NUS3052,CT_samples,26.75,37.83333333
NUS3052,CT_samples,28,47.29411765
NUS3052,CT_samples,36,48.94736842
NUS3052,CT_samples,37,47.21428571
NUS3052,CT_samples,36.47368421,48.75
NUS3052,CT_samples,40.34782609,37.58333333
NUS3052,CT_samples,41.63636364,54.9
NUS3052,RI_ratio,0.691343728,0.929290894
NUS3052,RI_ratio,0.662614831,0.948753109
NUS3052,RI_ratio,0.721244459,0.776266667
NUS3052,RI_ratio,0.751679656,0.807265029
NUS3052,RI_ratio,0.516874927,0.676824796
NUS3052,RI_ratio,0.585597487,0.894440655
NUS3052,RI_ratio,0.613768503,0.905500013
NUS3052,RI_ratio,0.597528287,0.745277625
NUS3052,RI_ratio,0.736144942,0.686215438
NUS3052,RI_ratio,0.59363964,0.89078442
NUS3052,RI_ratio,3.217311137,0.885901025
NUS3052,RI_ratio,0.610674817,0.885620797
NUS3052,RI_ratio,1.277434615,0.893203053
NUS3052,RI_ratio,0.643318,0.917405642
NUS3052,RI_ratio,0.683994598,0.885783441
NUS3052,RI_ratio,0.64450286,0.899477773
NUS3052,RI_ratio,0.652754656,0.895417202
NUS3052,RI_ratio,0.782681472,0.860278402
NUS3052,RI_ratio,0.670437655,0.835477273
NUS3052,RI_ratio,0.718091312,0.853370023
NUS3053,PulseWidth_sec,1.104052632,1.09875
NUS3053,PulseWidth_sec,1.087428571,1.084
NUS3053,PulseWidth_sec,1.091304348,1.092941176
NUS3053,PulseWidth_sec,1.081681818,1.076470588
NUS3053,PulseWidth_sec,0.996857143,1.003636364
NUS3053,PulseWidth_sec,1.00772,1.011666667
NUS3053,PulseWidth_sec,0.949142857,0.948571429
NUS3053,PulseWidth_sec,0.99636,0.993684211
NUS3053,PulseWidth_sec,1.02956,1.0575
NUS3053,PulseWidth_sec,0.984384615,0.994545455
NUS3053,PulseWidth_sec,0.95725,0.9925
NUS3053,PulseWidth_sec,0.96537037,0.968
NUS3053,PulseWidth_sec,0.943296296,0.947058824
NUS3053,PulseWidth_sec,0.968423077,0.974545455
NUS3053,PulseWidth_sec,0.996307692,0.995
NUS3053,PulseWidth_sec,0.963769231,0.962962963
NUS3053,PulseWidth_sec,0.928357143,0.933333333
NUS3053,PulseWidth_sec,0.992608696,0.997777778
NUS3053,PulseWidth_sec,0.999291667,0.993333333
NUS3053,PulseWidth_sec,1.01665,0.996666667
NUS3053,CT_sec,0.20873913,0.304347826
NUS3053,CT_sec,0.199105263,0.205714286
NUS3053,CT_sec,0.204,0.208571429
NUS3053,CT_sec,0.204538462,0.204
NUS3053,CT_sec,0.204304348,0.2075
NUS3053,CT_sec,0.202230769,0.2344
NUS3053,CT_sec,0.200818182,0.23
NUS3053,CT_sec,0.225142857,0.2528
NUS3053,CT_sec,0.214608696,0.26
NUS3053,CT_sec,0.208043478,0.2832
NUS3053,CT_sec,0.218269231,0.268
NUS3053,CT_sec,0.186571429,0.23
NUS3053,CT_sec,0.220923077,0.254166667
NUS3053,CT_sec,0.222730769,0.253913043
NUS3053,CT_sec,0.217962963,0.2464
NUS3053,CT_sec,0.219,0.226315789
NUS3053,CT_sec,0.228692308,0.254615385
NUS3053,CT_sec,0.222222222,0.227826087
NUS3053,CT_sec,0.221652174,0.215454545
NUS3053,CT_sec,0.213962963,0.182857143
NUS3053,dT_sec,0.352478261,0.317777778
NUS3053,dT_sec,0.35426087,0.325
NUS3053,dT_sec,0.355782609,0.322222222
NUS3053,dT_sec,0.349913043,0.293333333
NUS3053,dT_sec,0.325217391,0.290909091
NUS3053,dT_sec,0.332421053,0.375
NUS3053,dT_sec,0.341846154,0.341428571
NUS3053,dT_sec,0.350884615,0.344705882
NUS3053,dT_sec,0.348407407,0.31375
NUS3053,dT_sec,0.348178571,0.313333333
NUS3053,dT_sec,0.345407407,0.3224
NUS3053,dT_sec,0.319571429,0.312631579
NUS3053,dT_sec,0.337791667,0.322222222
NUS3053,dT_sec,0.318708333,0.328
NUS3053,dT_sec,0.327384615,0.299130435
NUS3053,dT_sec,0.31752381,0.314782609
NUS3053,dT_sec,0.329434783,0.311111111
NUS3053,dT_sec,0.329105263,0.335555556
NUS3053,dT_sec,0.324807692,0.304444444
NUS3053,dT_sec,0.323130435,0.311578947
NUS3053,dT_samples,63.07142857,59.07142857
NUS3053,dT_samples,65.07692308,58.4
NUS3053,dT_samples,63.79166667,56.73333333
NUS3053,dT_samples,61.04545455,55.27777778
NUS3053,dT_samples,61.71428571,50.69565217
NUS3053,dT_samples,68.34782609,55.45833333
NUS3053,dT_samples,66.72,58.65217391
NUS3053,dT_samples,60.8,51.14285714
NUS3053,dT_samples,66.84,68
NUS3053,dT_samples,70.23076923,67.23529412
NUS3053,dT_samples,69.96296296,68.64705882
NUS3053,dT_samples,70.46153846,67.66666667
NUS3053,dT_samples,68.42307692,74.92857143
NUS3053,dT_samples,64.26923077,57.77272727
NUS3053,dT_samples,63.53846154,60.83333333
NUS3053,dT_samples,65.31818182,61.14285714
NUS3053,dT_samples,66.625,62.76190476
NUS3053,dT_samples,67.28,61.4
NUS3053,dT_samples,66.13043478,61.76190476
NUS3053,dT_samples,36.625,65.625
NUS3053,CT_samples,38.84615385,54.47826087
NUS3053,CT_samples,42.2,56.16
NUS3053,CT_samples,41.03846154,48.33333333
NUS3053,CT_samples,37.60869565,36.1
NUS3053,CT_samples,37,34.84615385
NUS3053,CT_samples,36.88235294,34.92307692
NUS3053,CT_samples,37.47619048,36.16666667
NUS3053,CT_samples,39.05,47.81818182
NUS3053,CT_samples,39.80769231,44.08333333
NUS3053,CT_samples,39.96,44.04166667
NUS3053,CT_samples,41.65217391,42.52173913
NUS3053,CT_samples,43.65217391,54.36363636
NUS3053,CT_samples,42.08333333,59.42857143
NUS3053,CT_samples,46.68,53.125
NUS3053,CT_samples,44.03846154,48.7
NUS3053,CT_samples,43.57692308,46.25
NUS3053,CT_samples,41.5,43.75
NUS3053,CT_samples,43.83333333,44.20833333
NUS3053,CT_samples,42.36,40.57142857
NUS3053,CT_samples,43.34782609,36.78947368
NUS3053,RI_ratio,0.506096604,0.754597614
NUS3053,RI_ratio,0.5066902,0.712336027
NUS3053,RI_ratio,0.497735978,0.713924263
NUS3053,RI_ratio,0.488283228,0.696211696
NUS3053,RI_ratio,0.648396549,0.821124743
NUS3053,RI_ratio,0.462205798,0.73331821
NUS3053,RI_ratio,0.647568138,0.783526557
NUS3053,RI_ratio,0.521431073,0.780137647
NUS3053,RI_ratio,0.572490372,0.739115804
NUS3053,RI_ratio,0.578679218,0.669745657
NUS3053,RI_ratio,0.526552802,0.707643547
NUS3053,RI_ratio,0.539837757,0.774889489
NUS3053,RI_ratio,0.553866501,0.704475472
NUS3053,RI_ratio,0.484370127,0.700001802
NUS3053,RI_ratio,0.54990296,0.747305433
NUS3053,RI_ratio,0.573562703,0.757876411
NUS3053,RI_ratio,0.510066584,0.578880689
NUS3053,RI_ratio,0.531957415,0.583491197
NUS3053,RI_ratio,0.516154944,0.668880528
NUS3053,RI_ratio,0.650005348,0.636612254
NUS3054,PulseWidth_sec,1.0457,1.036
NUS3054,PulseWidth_sec,1.068772727,1.073333333
NUS3054,PulseWidth_sec,1.006363636,1.0064
NUS3054,PulseWidth_sec,1.128375,1.135555556
NUS3054,PulseWidth_sec,1.0392,1.073333333
NUS3054,PulseWidth_sec,1.112695652,1.1225
NUS3054,PulseWidth_sec,1.1680625,1.156
NUS3054,PulseWidth_sec,1.1489,1.144285714
NUS3054,PulseWidth_sec,1.148944444,1.142222222
NUS3054,PulseWidth_sec,1.183222222,1.162857143
NUS3054,PulseWidth_sec,1.149352941,1.157894737
NUS3054,PulseWidth_sec,1.11,1.117
NUS3054,PulseWidth_sec,1.08475,1.102608696
NUS3054,PulseWidth_sec,1.060478261,1.054166667
NUS3054,PulseWidth_sec,1.1015,9.15833457
NUS3054,PulseWidth_sec,1.094954545,1.088695652
NUS3054,PulseWidth_sec,1.0605,1.050833333
NUS3054,PulseWidth_sec,1.11095,1.111428571
NUS3054,PulseWidth_sec,1.1313,1.136
NUS3054,PulseWidth_sec,1.0715,1.05
NUS3054,CT_sec,0.186909091,0.232307692
NUS3054,CT_sec,0.219785714,0.306086957
NUS3054,CT_sec,0.209727273,0.259090909
NUS3054,CT_sec,0.199,0.192857143
NUS3054,CT_sec,0.194307692,0.205714286
NUS3054,CT_sec,0.193538462,0.207692308
NUS3054,CT_sec,0.200357143,0.21
NUS3054,CT_sec,0.203105263,0.235294118
NUS3054,CT_sec,0.176,0.195
NUS3054,CT_sec,0.201,0.1825
NUS3054,CT_sec,0.237857143,0.238181818
NUS3054,CT_sec,0.241857143,0.239090909
NUS3054,CT_sec,0.234954545,0.227826087
NUS3054,CT_sec,0.217916667,0.222608696
NUS3054,CT_sec,0.239,0.258181818
NUS3054,CT_sec,0.197388889,0.201052632
NUS3054,CT_sec,0.19455,0.217391304
NUS3054,CT_sec,0.209782609,0.207368421
NUS3054,CT_sec,0.191714286,0.186666667
NUS3054,CT_sec,0.179181818,0.196666667
NUS3054,dT_sec,0.3561,0.386666667
NUS3054,dT_sec,0.374555556,0.41
NUS3054,dT_sec,0.370454545,0.404
NUS3054,dT_sec,0.323,0.334
NUS3054,dT_sec,0.3319,0.320909091
NUS3054,dT_sec,0.339705882,0.333
NUS3054,dT_sec,0.351473684,0.348235294
NUS3054,dT_sec,0.36525,0.385
NUS3054,dT_sec,0.333909091,0.35826087
NUS3054,dT_sec,0.333473684,0.344545455
NUS3054,dT_sec,0.31852381,0.279
NUS3054,dT_sec,0.347055556,0.367368421
NUS3054,dT_sec,0.341888889,0.372173913
NUS3054,dT_sec,0.3569375,0.335789474
NUS3054,dT_sec,0.325,0.333333333
NUS3054,dT_sec,0.355714286,0.446086957
NUS3054,dT_sec,0.365666667,0.362857143
NUS3054,dT_sec,0.371347826,0.389333333
NUS3054,dT_sec,0.4,0.46
NUS3054,dT_sec,0.389333333,0.426666667
NUS3054,dT_samples,62.81818182,57.45833333
NUS3054,dT_samples,55.75,62.5
NUS3054,dT_samples,57.52941176,57
NUS3054,dT_samples,63.61111111,60.47368421
NUS3054,dT_samples,60.5,59.66666667
NUS3054,dT_samples,63.30769231,62
NUS3054,dT_samples,59.95454545,64.41666667
NUS3054,dT_samples,65.21052632,67.33333333
NUS3054,dT_samples,66.14285714,72
NUS3054,dT_samples,62.69565217,67.41176471
NUS3054,dT_samples,59.95652174,52.52941176
NUS3054,dT_samples,59.17647059,59.45454545
NUS3054,dT_samples,60.55,66.04347826
NUS3054,dT_samples,59.59090909,64.3
NUS3054,dT_samples,57.5,50.65217391
NUS3054,dT_samples,64.44444444,63.1
NUS3054,dT_samples,61.35,76.59090909
NUS3054,dT_samples,69.52380952,74.08333333
NUS3054,dT_samples,68.44444444,70.8
NUS3054,dT_samples,66.93333333,71.25
NUS3054,CT_samples,35.3,41.84
NUS3054,CT_samples,33.75,39.82608696
NUS3054,CT_samples,38.15,34.77777778
NUS3054,CT_samples,37,52.76190476
NUS3054,CT_samples,35.65,32.64285714
NUS3054,CT_samples,31.82352941,32.4
NUS3054,CT_samples,32.36363636,33.64285714
NUS3054,CT_samples,35.47368421,31.45454545
NUS3054,CT_samples,36.5,32.8
NUS3054,CT_samples,34.5,30.875
NUS3054,CT_samples,34.4,31.44444444
NUS3054,CT_samples,33.6875,30.77777778
NUS3054,CT_samples,41.85714286,40.47826087
NUS3054,CT_samples,44.42105263,42.83333333
NUS3054,CT_samples,39,39.13043478
NUS3054,CT_samples,37,38.29166667
NUS3054,CT_samples,38.73913043,37.72
NUS3054,CT_samples,32,32.625
NUS3054,CT_samples,30,31
NUS3054,CT_samples,35,32.75
NUS3054,RI_ratio,0.449861995,0.770121744
NUS3054,RI_ratio,0.610461854,0.914093317
NUS3054,RI_ratio,0.372677816,0.401443095
NUS3054,RI_ratio,0.453252395,0.658520389
NUS3054,RI_ratio,0.458665105,0.732333383
NUS3054,RI_ratio,0.522505236,0.784423297
NUS3054,RI_ratio,0.422369503,0.504954925
NUS3054,RI_ratio,0.378310995,0.483586432
NUS3054,RI_ratio,0.373715562,0.487329069
NUS3054,RI_ratio,1.034917293,0.690982778
NUS3054,RI_ratio,0.600185721,0.699342838
NUS3054,RI_ratio,0.564122529,0.670503454
NUS3054,RI_ratio,0.539727652,0.759397785
NUS3054,RI_ratio,0.613803426,0.736376364
NUS3054,RI_ratio,0.570320385,0.729326682
NUS3054,RI_ratio,0.449985742,1.511033142
NUS3054,RI_ratio,0.452529746,0.687585705
NUS3054,RI_ratio,0.389763971,0.632590998
NUS3054,RI_ratio,0.30618845,0.637383092
NUS3054,RI_ratio,0.271746202,0.572677728
NUS3055,PulseWidth_sec,1.175578947,1.174
NUS3055,PulseWidth_sec,1.153923077,1.126666667
NUS3055,PulseWidth_sec,1.1462,1.118333333
NUS3055,PulseWidth_sec,1.1068,1.11625
NUS3055,PulseWidth_sec,1.076428571,1.093
NUS3055,PulseWidth_sec,1.094764706,1.097
NUS3055,PulseWidth_sec,1.114727273,1.113913043
NUS3055,PulseWidth_sec,1.233444444,1.215
NUS3055,PulseWidth_sec,1.15565,1.144615385
NUS3055,PulseWidth_sec,1.117285714,1.122105263
NUS3055,PulseWidth_sec,1.095333333,1.108571429
NUS3055,PulseWidth_sec,1.069,1.071428571
NUS3055,PulseWidth_sec,1.093428571,1.097391304
NUS3055,PulseWidth_sec,1.09965,1.098888889
NUS3055,PulseWidth_sec,1.09965,1.116666667
NUS3055,PulseWidth_sec,1.094888889,1.094782609
NUS3055,PulseWidth_sec,1.080434783,1.086363636
NUS3055,PulseWidth_sec,1.096869565,1.103
NUS3055,PulseWidth_sec,1.070458333,1.073333333
NUS3055,PulseWidth_sec,1.100863636,1.133333333
NUS3055,CT_sec,0.226590909,0.319130435
NUS3055,CT_sec,0.222333333,0.317272727
NUS3055,CT_sec,0.210809524,0.280909091
NUS3055,CT_sec,0.201181818,0.205333333
NUS3055,CT_sec,0.200714286,0.210588235
NUS3055,CT_sec,0.198434783,0.202857143
NUS3055,CT_sec,0.198785714,0.208
NUS3055,CT_sec,0.197863636,0.21
NUS3055,CT_sec,0.201,0.226956522
NUS3055,CT_sec,0.196565217,0.214782609
NUS3055,CT_sec,0.194777778,0.182857143
NUS3055,CT_sec,0.204263158,0.189090909
NUS3055,CT_sec,0.203,0.188
NUS3055,CT_sec,0.2,0.182
NUS3055,CT_sec,0.197421053,0.176
NUS3055,CT_sec,0.192923077,0.18
NUS3055,CT_sec,0.204913043,0.218
NUS3055,CT_sec,0.202826087,0.212173913
NUS3055,CT_sec,0.202238095,0.264615385
NUS3055,CT_sec,0.202478261,0.268695652
NUS3055,dT_sec,0.31273913,0.2225
NUS3055,dT_sec,0.320352941,0.304444444
NUS3055,dT_sec,0.341904762,0.337894737
NUS3055,dT_sec,0.299571429,0.327142857
NUS3055,dT_sec,0.307941176,0.318181818
NUS3055,dT_sec,0.313416667,0.305454545
NUS3055,dT_sec,0.310130435,0.309090909
NUS3055,dT_sec,0.306043478,0.309565217
NUS3055,dT_sec,0.270333333,0.34
NUS3055,dT_sec,0.317866667,0.29
NUS3055,dT_sec,0.316277778,0.296
NUS3055,dT_sec,0.31852381,0.273333333
NUS3055,dT_sec,0.301363636,0.335
NUS3055,dT_sec,0.2991,0.323333333
NUS3055,dT_sec,0.325863636,0.26173913
NUS3055,dT_sec,0.324869565,0.270909091
NUS3055,dT_sec,0.309318182,0.378
NUS3055,dT_sec,0.320181818,0.341904762
NUS3055,dT_sec,0.3215,0.332727273
NUS3055,dT_sec,0.315681818,0.294166667
NUS3055,dT_samples,57.72727273,37.13043478
NUS3055,dT_samples,59,56.16666667
NUS3055,dT_samples,55.81818182,51.4
NUS3055,dT_samples,55.57142857,53.07142857
NUS3055,dT_samples,55.47368421,58.3
NUS3055,dT_samples,57.40909091,55.80952381
NUS3055,dT_samples,54.47368421,56.05263158
NUS3055,dT_samples,55,58.85714286
NUS3055,dT_samples,57.47826087,49.83333333
NUS3055,dT_samples,58.86956522,51.52173913
NUS3055,dT_samples,56.61904762,52.59090909
NUS3055,dT_samples,55.60869565,54.69565217
NUS3055,dT_samples,54.71428571,54.28571429
NUS3055,dT_samples,56.06666667,51.1
NUS3055,dT_samples,57.65,41.7
NUS3055,dT_samples,55.57142857,61.07692308
NUS3055,dT_samples,54.7,55.61538462
NUS3055,dT_samples,58,56.61904762
NUS3055,dT_samples,59.70833333,48.26086957
NUS3055,dT_samples,7.58220526,52.375
NUS3055,CT_samples,38.2,42
NUS3055,CT_samples,34.52631579,34.5
NUS3055,CT_samples,35.94444444,36.38461538
NUS3055,CT_samples,35.95,40.95238095
NUS3055,CT_samples,33.95,35.52631579
NUS3055,CT_samples,34.95652174,36.7826087
NUS3055,CT_samples,35.13636364,36.60869565
NUS3055,CT_samples,35.86956522,37.30434783
NUS3055,CT_samples,36.26086957,37.875
NUS3055,CT_samples,33.71428571,32.5625
NUS3055,CT_samples,35.21052632,30.8
NUS3055,CT_samples,35.07692308,31.57142857
NUS3055,CT_samples,35.69565217,31.8
NUS3055,CT_samples,36.52631579,31.85714286
NUS3055,CT_samples,36.77272727,32.33333333
NUS3055,CT_samples,36.66666667,40.375
NUS3055,CT_samples,36.68181818,38.36363636
NUS3055,CT_samples,37.04761905,38.0952381
NUS3055,CT_samples,36.91304348,37.68181818
NUS3055,CT_samples,7.58220526,38.70833333
NUS3055,RI_ratio,0.555049803,0.897522609
NUS3055,RI_ratio,0.562289662,0.852360727
NUS3055,RI_ratio,0.548092153,0.884872308
NUS3055,RI_ratio,0.531755324,0.903630375
NUS3055,RI_ratio,0.464383126,0.834923598
NUS3055,RI_ratio,0.422027244,0.623406628
NUS3055,RI_ratio,0.408515494,0.611732075
NUS3055,RI_ratio,0.598343648,0.575094734
NUS3055,RI_ratio,0.593211787,0.626422331
NUS3055,RI_ratio,0.60380319,0.557858128
NUS3055,RI_ratio,0.599133285,0.579950921
NUS3055,RI_ratio,0.610269536,0.620877823
NUS3055,RI_ratio,0.630854554,0.568467069
NUS3055,RI_ratio,0.611254606,0.543433674
NUS3055,RI_ratio,0.554786569,0.771991845
NUS3055,RI_ratio,0.561751109,0.905294298
NUS3055,RI_ratio,0.562842487,0.765424843
NUS3055,RI_ratio,0.573323053,0.75785322
NUS3055,RI_ratio,0.570043138,0.766039984
NUS3055,RI_ratio,0.595257537,0.831824378
NUS3056,PulseWidth_sec,1.071125,1.094
NUS3056,PulseWidth_sec,1.166285714,1.068888889
NUS3056,PulseWidth_sec,1.136,1.15
NUS3056,PulseWidth_sec,1.191833333,1.196
NUS3056,PulseWidth_sec,1.197538462,1.171111111
NUS3056,PulseWidth_sec,1.245888889,1.227619048
NUS3056,PulseWidth_sec,1.2191,1.225
NUS3056,PulseWidth_sec,1.205777778,1.214
NUS3056,PulseWidth_sec,1.215947368,1.215238095
NUS3056,PulseWidth_sec,1.0705,1.205714286
NUS3056,PulseWidth_sec,1.202666667,1.192222222
NUS3056,PulseWidth_sec,1.2669,1.074
NUS3056,PulseWidth_sec,1.172769231,1.198571429
NUS3056,PulseWidth_sec,1.114166667,1.110909091
NUS3056,PulseWidth_sec,1.120857143,1.138888889
NUS3056,PulseWidth_sec,1.109470588,1.126315789
NUS3056,PulseWidth_sec,1.114666667,1.123333333
NUS3056,PulseWidth_sec,1.273705882,1.228235294
NUS3056,PulseWidth_sec,1.272090909,1.175555556
NUS3056,PulseWidth_sec,1.117142857,1.08
NUS3056,CT_sec,0.322785714,0.331428571
NUS3056,CT_sec,0.2925,0.412
NUS3056,CT_sec,0.272388889,0.38
NUS3056,CT_sec,0.27325,0.404
NUS3056,CT_sec,0.236,0.316190476
NUS3056,CT_sec,0.2368125,0.326315789
NUS3056,CT_sec,0.254428571,0.33125
NUS3056,CT_sec,0.297764706,0.401538462
NUS3056,CT_sec,0.305285714,0.355238095
NUS3056,CT_sec,0.19,0.313846154
NUS3056,CT_sec,0.254769231,0.347142857
NUS3056,CT_sec,0.223526316,0.323333333
NUS3056,CT_sec,0.210705882,0.311428571
NUS3056,CT_sec,0.215538462,0.326666667
NUS3056,CT_sec,0.2195,0.327777778
NUS3056,CT_sec,0.216933333,0.332941176
NUS3056,CT_sec,0.2563,0.35
NUS3056,CT_sec,0.204666667,0.401818182
NUS3056,CT_sec,0.215444444,0.326086957
NUS3056,CT_sec,0.196666667,0.308
NUS3056,dT_sec,0.22752381,0.3
NUS3056,dT_sec,0.278166667,0.321904762
NUS3056,dT_sec,0.263066667,0.26625
NUS3056,dT_sec,0.315875,0.290666667
NUS3056,dT_sec,0.280142857,0.299047619
NUS3056,dT_sec,0.342666667,0.302608696
NUS3056,dT_sec,0.33605,0.296363636
NUS3056,dT_sec,0.263666667,0.282857143
NUS3056,dT_sec,0.344238095,0.295
NUS3056,dT_sec,0.327882353,0.309565217
NUS3056,dT_sec,0.292866667,0.291818182
NUS3056,dT_sec,0.34275,0.302857143
NUS3056,dT_sec,0.301411765,0.277272727
NUS3056,dT_sec,0.2695,0.353333333
NUS3056,dT_sec,0.3404375,0.351111111
NUS3056,dT_sec,0.341727273,0.297777778
NUS3056,dT_sec,0.356,0.323157895
NUS3056,dT_sec,0.28,0.287272727
NUS3056,dT_sec,0.2335,0.34
NUS3056,dT_sec,0.187333333,0.230666667
NUS3056,dT_samples,39.83333333,44.33333333
NUS3056,dT_samples,38,46.47058824
NUS3056,dT_samples,46.45,39.9
NUS3056,dT_samples,54.71428571,57.25
NUS3056,dT_samples,53.82352941,60.1
NUS3056,dT_samples,37.66666667,50.25
NUS3056,dT_samples,46.8,52.44444444
NUS3056,dT_samples,38,58.2
NUS3056,dT_samples,38.625,45.7
NUS3056,dT_samples,61.33333333,50.61538462
NUS3056,dT_samples,21,54.85714286
NUS3056,dT_samples,51.8,49.78571429
NUS3056,dT_samples,59.25,51.68181818
NUS3056,dT_samples,47.08333333,49.28571429
NUS3056,dT_samples,60.5,47.17647059
NUS3056,dT_samples,58.11111111,55.26666667
NUS3056,dT_samples,39.14285714,93
NUS3056,dT_samples,43.6,61
NUS3056,dT_samples,58.16666667,50.65217391
NUS3056,dT_samples,45.45454545,56.38461538
NUS3056,CT_samples,53.11111111,66
NUS3056,CT_samples,50.23076923,71.16666667
NUS3056,CT_samples,53.77777778,65.68421053
NUS3056,CT_samples,53.61904762,63.71428571
NUS3056,CT_samples,44.57142857,70.88888889
NUS3056,CT_samples,41.8,56.52173913
NUS3056,CT_samples,39.82352941,52.3
NUS3056,CT_samples,48.125,55.7
NUS3056,CT_samples,46.28571429,59.71428571
NUS3056,CT_samples,39.69230769,55.38095238
NUS3056,CT_samples,37,51.86956522
NUS3056,CT_samples,35.95,52.47368421
NUS3056,CT_samples,37.27272727,55.17647059
NUS3056,CT_samples,37.14285714,55.27777778
NUS3056,CT_samples,37.47058824,54.80952381
NUS3056,CT_samples,37.4,55.52631579
NUS3056,CT_samples,31.5,75
NUS3056,CT_samples,43.23529412,55.5625
NUS3056,CT_samples,36.8,55.05882353
NUS3056,CT_samples,39.81818182,64.15384615
NUS3056,RI_ratio,0.749408681,0.885419529
NUS3056,RI_ratio,0.634033603,0.860567521
NUS3056,RI_ratio,4.481040929,0.83904837
NUS3056,RI_ratio,0.729484247,0.846355936
NUS3056,RI_ratio,0.677933354,0.797856936
NUS3056,RI_ratio,0.722426866,0.843709889
NUS3056,RI_ratio,0.760642854,0.553760994
NUS3056,RI_ratio,0.516980118,0.7547321
NUS3056,RI_ratio,0.503273344,0.796603931
NUS3056,RI_ratio,0.694092124,0.833630493
NUS3056,RI_ratio,0.564054341,0.853821865
NUS3056,RI_ratio,0.566710271,0.84067919
NUS3056,RI_ratio,0.569239565,0.825032188
NUS3056,RI_ratio,0.648243264,0.802457939
NUS3056,RI_ratio,0.60685832,0.804281379
NUS3056,RI_ratio,0.550823746,0.787887388
NUS3056,RI_ratio,0.596210335,0.828396459
NUS3056,RI_ratio,0.714456972,0.865753935
NUS3056,RI_ratio,0.710352263,0.929081775
NUS3056,RI_ratio,0.720929623,0.856545278
NUS3057,PulseWidth_sec,1.010263158,1.0325
NUS3057,PulseWidth_sec,0.877428571,0.863636364
NUS3057,PulseWidth_sec,0.981833333,0.944
NUS3057,PulseWidth_sec,0.9559,0.929230769
NUS3057,PulseWidth_sec,0.96628,0.966666667
NUS3057,PulseWidth_sec,0.971235294,0.976666667
NUS3057,PulseWidth_sec,0.966952381,0.96
NUS3057,PulseWidth_sec,0.920192308,0.897647059
NUS3057,PulseWidth_sec,0.991,0.993333333
NUS3057,PulseWidth_sec,0.987666667,0.98
NUS3057,PulseWidth_sec,0.999727273,0.978888889
NUS3057,PulseWidth_sec,0.96612,0.984
NUS3057,PulseWidth_sec,0.983238095,0.949411765
NUS3057,PulseWidth_sec,1.00096,0.997
NUS3057,PulseWidth_sec,1.124285714,1.014
NUS3057,PulseWidth_sec,0.99852381,0.997272727
NUS3057,PulseWidth_sec,1.000714286,0.986666667
NUS3057,PulseWidth_sec,1.027571429,1.015454545
NUS3057,PulseWidth_sec,1.047818182,1.013846154
NUS3057,PulseWidth_sec,1.073,1.02
NUS3057,CT_sec,0.179428571,0.279166667
NUS3057,CT_sec,0.181565217,0.259166667
NUS3057,CT_sec,0.184210526,0.256666667
NUS3057,CT_sec,0.181666667,0.212
NUS3057,CT_sec,0.179230769,0.194444444
NUS3057,CT_sec,0.187153846,0.196666667
NUS3057,CT_sec,0.177714286,0.213333333
NUS3057,CT_sec,0.176,0.22
NUS3057,CT_sec,0.1808,0.182608696
NUS3057,CT_sec,0.173333333,0.176923077
NUS3057,CT_sec,0.182,0.1725
NUS3057,CT_sec,0.177,0.181538462
NUS3057,CT_sec,0.1831,0.2096
NUS3057,CT_sec,0.174181818,0.225
NUS3057,CT_sec,0.164,0.183076923
NUS3057,CT_sec,0.188071429,0.181481481
NUS3057,CT_sec,0.178571429,0.181176471
NUS3057,CT_sec,0.1868,0.179
NUS3057,CT_sec,0.182545455,0.185714286
NUS3057,CT_sec,0.1863,0.182
NUS3057,dT_sec,0.285714286,0.256
NUS3057,dT_sec,0.317714286,0.309166667
NUS3057,dT_sec,0.317173913,0.318095238
NUS3057,dT_sec,0.318076923,0.321666667
NUS3057,dT_sec,0.2406,0.31047619
NUS3057,dT_sec,0.308772727,0.32
NUS3057,dT_sec,0.305454545,0.253333333
NUS3057,dT_sec,0.260333333,0.305185185
NUS3057,dT_sec,0.329636364,0.343333333
NUS3057,dT_sec,0.340695652,0.353333333
NUS3057,dT_sec,0.335428571,0.3475
NUS3057,dT_sec,0.328,0.344347826
NUS3057,dT_sec,0.3342,0.341
NUS3057,dT_sec,0.326,0.343333333
NUS3057,dT_sec,0.3288,0.332941176
NUS3057,dT_sec,0.332,0.34
NUS3057,dT_sec,0.330304348,0.347619048
NUS3057,dT_sec,0.332307692,0.353333333
NUS3057,dT_sec,0.329473684,0.345882353
NUS3057,dT_sec,0.33437037,0.350833333
NUS3057,dT_samples,60.45454545,49.64
NUS3057,dT_samples,63.2,54.5
NUS3057,dT_samples,64.4,61.95
NUS3057,dT_samples,61.9,62.84
NUS3057,dT_samples,65.6875,64.90909091
NUS3057,dT_samples,67.6875,66.71428571
NUS3057,dT_samples,59.86666667,64.60869565
NUS3057,dT_samples,68.33333333,60.51851852
NUS3057,dT_samples,66.26923077,66.44
NUS3057,dT_samples,67.625,68.04166667
NUS3057,dT_samples,67.19230769,69.54545455
NUS3057,dT_samples,69.1875,70.64285714
NUS3057,dT_samples,67.23076923,69.58333333
NUS3057,dT_samples,65.84210526,69.53846154
NUS3057,dT_samples,67.5,68.4375
NUS3057,dT_samples,67.40740741,69.65
NUS3057,dT_samples,66.63636364,62
NUS3057,dT_samples,58.875,47.05555556
NUS3057,dT_samples,67.77777778,70.65384615
NUS3057,dT_samples,67.125,67.65
NUS3057,CT_samples,36.58333333,44.76923077
NUS3057,CT_samples,37,46.16666667
NUS3057,CT_samples,39.35294118,42.60714286
NUS3057,CT_samples,40.04761905,43.42857143
NUS3057,CT_samples,40.52173913,42.28
NUS3057,CT_samples,39.34782609,40.03703704
NUS3057,CT_samples,36.66666667,40.92
NUS3057,CT_samples,30.4,44.36363636
NUS3057,CT_samples,38.5,37.34782609
NUS3057,CT_samples,38.21052632,35.91304348
NUS3057,CT_samples,37.29166667,35.58823529
NUS3057,CT_samples,38.47826087,36.77272727
NUS3057,CT_samples,35.625,33.30769231
NUS3057,CT_samples,36.75,42.92857143
NUS3057,CT_samples,37.65384615,34.83333333
NUS3057,CT_samples,37.11538462,33.45454545
NUS3057,CT_samples,37.08,34.47058824
NUS3057,CT_samples,36.83333333,34.39130435
NUS3057,CT_samples,37.74074074,35.29166667
NUS3057,CT_samples,29,34.30769231
NUS3057,RI_ratio,0.530061504,0.923952721
NUS3057,RI_ratio,0.510574777,0.927756284
NUS3057,RI_ratio,0.512651322,0.903528224
NUS3057,RI_ratio,0.509211474,0.639199444
NUS3057,RI_ratio,0.453553723,0.813645816
NUS3057,RI_ratio,0.493862793,0.642673971
NUS3057,RI_ratio,0.485320124,0.577281567
NUS3057,RI_ratio,0.50197054,0.631339589
NUS3057,RI_ratio,0.544904729,0.908271456
NUS3057,RI_ratio,0.496471405,0.822096958
NUS3057,RI_ratio,0.428903525,0.616110151
NUS3057,RI_ratio,0.421574691,0.606878269
NUS3057,RI_ratio,0.424723493,0.568046987
NUS3057,RI_ratio,0.434362138,0.509324824
NUS3057,RI_ratio,0.395423505,0.551570318
NUS3057,RI_ratio,0.467341387,0.566502457
NUS3057,RI_ratio,0.51680103,0.615706108
NUS3057,RI_ratio,0.457063702,0.55862729
NUS3057,RI_ratio,0.48788676,0.560746975
NUS3057,RI_ratio,0.548292922,0.919501507
NUS3058,PulseWidth_sec,1.18215,1.198095238
NUS3058,PulseWidth_sec,1.167333333,1.1125
NUS3058,PulseWidth_sec,1.174047619,1.175454545
NUS3058,PulseWidth_sec,1.178095238,1.176190476
NUS3058,PulseWidth_sec,1.257736842,1.210666667
NUS3058,PulseWidth_sec,1.316,1.323157895
NUS3058,PulseWidth_sec,1.249166667,1.255789474
NUS3058,PulseWidth_sec,1.2184,1.221
NUS3058,PulseWidth_sec,1.179095238,1.18
NUS3058,PulseWidth_sec,1.1726,1.170588235
NUS3058,PulseWidth_sec,1.078166667,1.071111111
NUS3058,PulseWidth_sec,1.2132,1.192631579
NUS3058,PulseWidth_sec,1.232333333,1.235714286
NUS3058,PulseWidth_sec,1.244578947,1.265454545
NUS3058,PulseWidth_sec,1.170375,1.113333333
NUS3058,PulseWidth_sec,1.193142857,1.211428571
NUS3058,PulseWidth_sec,1.066791667,0.965454545
NUS3058,PulseWidth_sec,1.180714286,1.172857143
NUS3058,PulseWidth_sec,1.196809524,1.187142857
NUS3058,PulseWidth_sec,1.165190476,1.1675
NUS3058,CT_sec,0.272636364,0.299090909
NUS3058,CT_sec,0.277409091,0.305454545
NUS3058,CT_sec,0.28955,0.315238095
NUS3058,CT_sec,0.258333333,0.29
NUS3058,CT_sec,0.28905,0.271578947
NUS3058,CT_sec,0.234368421,0.283
NUS3058,CT_sec,0.2462,0.304761905
NUS3058,CT_sec,0.260619048,0.31
NUS3058,CT_sec,0.239904762,0.259047619
NUS3058,CT_sec,0.2764375,0.277142857
NUS3058,CT_sec,0.257647059,0.316363636
NUS3058,CT_sec,0.267047619,0.253
NUS3058,CT_sec,0.2773,0.234
NUS3058,CT_sec,0.276619048,0.288421053
NUS3058,CT_sec,0.275666667,0.298571429
NUS3058,CT_sec,0.293238095,0.291428571
NUS3058,CT_sec,0.274714286,0.233333333
NUS3058,CT_sec,0.245952381,0.218181818
NUS3058,CT_sec,0.265952381,0.266666667
NUS3058,CT_sec,0.242954545,0.258888889
NUS3058,dT_sec,0.264217391,0.267826087
NUS3058,dT_sec,0.304142857,0.376
NUS3058,dT_sec,0.3008,0.355714286
NUS3058,dT_sec,0.292666667,0.29625
NUS3058,dT_sec,0.282294118,0.338947368
NUS3058,dT_sec,0.290052632,0.332
NUS3058,dT_sec,0.318777778,0.334545455
NUS3058,dT_sec,0.3441,0.36
NUS3058,dT_sec,0.31455,0.363333333
NUS3058,dT_sec,0.317952381,0.258181818
NUS3058,dT_sec,0.3316,0.266666667
NUS3058,dT_sec,0.281409091,0.297391304
NUS3058,dT_sec,0.276772727,0.322727273
NUS3058,dT_sec,0.2854,0.333333333
NUS3058,dT_sec,0.2761875,0.335714286
NUS3058,dT_sec,0.312681818,0.365555556
NUS3058,dT_sec,0.2786,0.368333333
NUS3058,dT_sec,0.245857143,0.335
NUS3058,dT_sec,0.32885,0.336363636
NUS3058,dT_sec,0.298761905,0.356
NUS3058,dT_samples,48.13636364,52.90909091
NUS3058,dT_samples,47.5,54.95454545
NUS3058,dT_samples,49.2,58.19047619
NUS3058,dT_samples,49.4,55.15789474
NUS3058,dT_samples,53.52380952,70.22222222
NUS3058,dT_samples,50.57894737,52.75
NUS3058,dT_samples,45.47619048,54.58823529
NUS3058,dT_samples,42.75,45.71428571
NUS3058,dT_samples,47.14285714,55
NUS3058,dT_samples,44.75,43.6
NUS3058,dT_samples,42.55,7.415346703
NUS3058,dT_samples,46.52631579,60.88888889
NUS3058,dT_samples,45.71428571,53.52941176
NUS3058,dT_samples,45.15789474,52.88888889
NUS3058,dT_samples,43.44444444,63.76923077
NUS3058,dT_samples,46.21052632,60.76923077
NUS3058,dT_samples,51.27272727,56.13333333
NUS3058,dT_samples,48,52.4
NUS3058,dT_samples,51.85714286,57.84615385
NUS3058,dT_samples,52.23809524,58.63636364
NUS3058,CT_samples,49.36363636,55.30434783
NUS3058,CT_samples,48.82352941,45.42857143
NUS3058,CT_samples,51.63636364,52.5
NUS3058,CT_samples,45.85,52.38095238
NUS3058,CT_samples,41.47619048,48.35
NUS3058,CT_samples,41.66666667,47.3
NUS3058,CT_samples,39.55,45.71428571
NUS3058,CT_samples,39.04761905,43.47368421
NUS3058,CT_samples,45.5,44.82352941
NUS3058,CT_samples,46.77272727,46.63157895
NUS3058,CT_samples,45.84210526,54.5
NUS3058,CT_samples,47.0952381,45.07142857
NUS3058,CT_samples,46.70588235,40.14285714
NUS3058,CT_samples,44.63636364,38.86666667
NUS3058,CT_samples,42.35,35.71428571
NUS3058,CT_samples,44.5,42.75
NUS3058,CT_samples,43.19047619,38.38461538
NUS3058,CT_samples,41.9375,36.94117647
NUS3058,CT_samples,42.33333333,36.4
NUS3058,CT_samples,41.94444444,39
NUS3058,RI_ratio,0.610872659,0.787261933
NUS3058,RI_ratio,0.56440509,1.34892313
NUS3058,RI_ratio,0.542256903,0.467607813
NUS3058,RI_ratio,0.565986393,0.7628606
NUS3058,RI_ratio,6.268792048,0.779757354
NUS3058,RI_ratio,0.459675434,3.230189388
NUS3058,RI_ratio,13.52285596,0.729689606
NUS3058,RI_ratio,0.658983496,0.815240072
NUS3058,RI_ratio,0.676610452,0.606961063
NUS3058,RI_ratio,0.672155457,0.652983165
NUS3058,RI_ratio,0.586303846,0.470096259
NUS3058,RI_ratio,0.465171065,0.656604439
NUS3058,RI_ratio,0.499909097,0.58156974
NUS3058,RI_ratio,0.602941587,0.103072063
NUS3058,RI_ratio,0.583861451,0.251022693
NUS3058,RI_ratio,0.605864871,1.263251572
NUS3058,RI_ratio,0.519408511,1.597099474
NUS3058,RI_ratio,0.575883629,0.520492332
NUS3058,RI_ratio,0.605468045,0.461594362
NUS3058,RI_ratio,0.630645944,1.355803436
NUS3059,PulseWidth_sec,1.053375,1.048888889
NUS3059,PulseWidth_sec,1.060291667,1.058333333
NUS3059,PulseWidth_sec,1.051666667,1.04
NUS3059,PulseWidth_sec,1.05248,1.057333333
NUS3059,PulseWidth_sec,1.02324,1.014666667
NUS3059,PulseWidth_sec,1.060904762,1.1
NUS3059,PulseWidth_sec,1.062083333,1.071304348
NUS3059,PulseWidth_sec,1.063083333,0.98
NUS3059,PulseWidth_sec,1.0445,1.048333333
NUS3059,PulseWidth_sec,1.06373913,1.067368421
NUS3059,PulseWidth_sec,1.108217391,1.112173913
NUS3059,PulseWidth_sec,1.083416667,1.085833333
NUS3059,PulseWidth_sec,1.125636364,1.128695652
NUS3059,PulseWidth_sec,1.117666667,1.12
NUS3059,PulseWidth_sec,1.120227273,1.120909091
NUS3059,PulseWidth_sec,1.11626087,1.119130435
NUS3059,PulseWidth_sec,1.151117647,1.15
NUS3059,PulseWidth_sec,1.020086957,1.023
NUS3059,PulseWidth_sec,0.982884615,0.9776
NUS3059,PulseWidth_sec,1.025304348,1.024166667
NUS3059,CT_sec,0.25624,0.24
NUS3059,CT_sec,0.28756,0.241176471
NUS3059,CT_sec,0.289909091,0.22
NUS3059,CT_sec,0.288166667,0.224
NUS3059,CT_sec,0.28784,0.2
NUS3059,CT_sec,0.30036,0.285263158
NUS3059,CT_sec,0.2115,0.325555556
NUS3059,CT_sec,0.214818182,0.326666667
NUS3059,CT_sec,0.268736842,0.305833333
NUS3059,CT_sec,0.26825,0.303333333
NUS3059,CT_sec,0.228041667,0.289411765
NUS3059,CT_sec,0.235166667,0.3
NUS3059,CT_sec,0.238375,0.305555556
NUS3059,CT_sec,0.226809524,0.328
NUS3059,CT_sec,0.238,0.326666667
NUS3059,CT_sec,0.278869565,0.305454545
NUS3059,CT_sec,0.275157895,0.304761905
NUS3059,CT_sec,0.281125,0.290434783
NUS3059,CT_sec,0.274952381,0.305833333
NUS3059,CT_sec,0.27888,0.3048
NUS3059,dT_sec,0.269375,0.2992
NUS3059,dT_sec,0.260416667,0.4225
NUS3059,dT_sec,0.250307692,0.322608696
NUS3059,dT_sec,0.348384615,0.266153846
NUS3059,dT_sec,0.29472,0.306666667
NUS3059,dT_sec,0.280958333,0.432727273
NUS3059,dT_sec,0.299136364,0.250833333
NUS3059,dT_sec,0.26324,0.270833333
NUS3059,dT_sec,0.2685,0.26
NUS3059,dT_sec,0.3455,0.238888889
NUS3059,dT_sec,0.245347826,0.307142857
NUS3059,dT_sec,0.321666667,0.218333333
NUS3059,dT_sec,0.318869565,0.310909091
NUS3059,dT_sec,0.308952381,0.4
NUS3059,dT_sec,0.334956522,0.275
NUS3059,dT_sec,0.305086957,0.315454545
NUS3059,dT_sec,0.307347826,0.313043478
NUS3059,dT_sec,0.293545455,0.24173913
NUS3059,dT_sec,0.288304348,0.233636364
NUS3059,dT_sec,0.290565217,0.256666667
NUS3059,dT_samples,49.12,79
NUS3059,dT_samples,50.34782609,58.52380952
NUS3059,dT_samples,51,72.63636364
NUS3059,dT_samples,64.4,47.625
NUS3059,dT_samples,67.12,42.85
NUS3059,dT_samples,53.45833333,102.3333333
NUS3059,dT_samples,53.125,68.8
NUS3059,dT_samples,51.16,98.33333333
NUS3059,dT_samples,50,46
NUS3059,dT_samples,49.69230769,50.12
NUS3059,dT_samples,47.8,55.625
NUS3059,dT_samples,60.66666667,39.88888889
NUS3059,dT_samples,57.22727273,46.44444444
NUS3059,dT_samples,59.17391304,46.58333333
NUS3059,dT_samples,54,43.26086957
NUS3059,dT_samples,46.86363636,47.86956522
NUS3059,dT_samples,46.61904762,49.82352941
NUS3059,dT_samples,48.95833333,46.92857143
NUS3059,dT_samples,50.30434783,52.9
NUS3059,dT_samples,48.88,46.28
NUS3059,CT_samples,55,43.83333333
NUS3059,CT_samples,56.75,34.31818182
NUS3059,CT_samples,40.24,56.58823529
NUS3059,CT_samples,40.58333333,40.5
NUS3059,CT_samples,41.48,36
NUS3059,CT_samples,47.52,40
NUS3059,CT_samples,42.04545455,64.11111111
NUS3059,CT_samples,47.66666667,54.56
NUS3059,CT_samples,50.70833333,47.96
NUS3059,CT_samples,51.75,58.6
NUS3059,CT_samples,54.44,57.8
NUS3059,CT_samples,41.95652174,52.73684211
NUS3059,CT_samples,44.91304348,54.52173913
NUS3059,CT_samples,49.69565217,54.22727273
NUS3059,CT_samples,51.59090909,51.15
NUS3059,CT_samples,49.1,52.8
NUS3059,CT_samples,51.04545455,53.7826087
NUS3059,CT_samples,50.875,54.8
NUS3059,CT_samples,51.20833333,57.24
NUS3059,CT_samples,54.34615385,55.375
NUS3059,RI_ratio,0.645988215,-0.028058361
NUS3059,RI_ratio,0.650889291,-0.084465152
NUS3059,RI_ratio,0.664978097,3.241276449
NUS3059,RI_ratio,0.432549187,0.779210385
NUS3059,RI_ratio,0.466381474,0.784927702
NUS3059,RI_ratio,0.636945954,0.634207271
NUS3059,RI_ratio,0.63248461,0.298706604
NUS3059,RI_ratio,0.654874635,0.840623675
NUS3059,RI_ratio,0.668987525,0.801659297
NUS3059,RI_ratio,0.683610111,0.797763002
NUS3059,RI_ratio,0.510002814,0.733768645
NUS3059,RI_ratio,0.505154829,0.789263219
NUS3059,RI_ratio,0.497567434,0.823001379
NUS3059,RI_ratio,0.47136288,0.818035787
NUS3059,RI_ratio,0.555105086,0.839466984
NUS3059,RI_ratio,0.607860273,0.810855911
NUS3059,RI_ratio,0.68756217,0.805510294
NUS3059,RI_ratio,0.712047317,0.779771919
NUS3059,RI_ratio,0.678980569,0.755383085
NUS3059,RI_ratio,0.682134446,0.76553971
NUS3060,PulseWidth_sec,1.07725,1.060833333
NUS3060,PulseWidth_sec,1.029941176,1.0368
NUS3060,PulseWidth_sec,1.0434,1.046666667
NUS3060,PulseWidth_sec,1.0308,1.0336
NUS3060,PulseWidth_sec,1.001333333,1.007826087
NUS3060,PulseWidth_sec,1.00732,1.009411765
NUS3060,PulseWidth_sec,1.017058824,1.0336
NUS3060,PulseWidth_sec,1.164,0.915
NUS3060,PulseWidth_sec,1.001269231,1.025454545
NUS3060,PulseWidth_sec,1.021304348,1.031818182
NUS3060,PulseWidth_sec,1.066521739,1.067777778
NUS3060,PulseWidth_sec,0.924913043,0.93
NUS3060,PulseWidth_sec,0.920892857,0.922758621
NUS3060,PulseWidth_sec,0.932210526,0.955
NUS3060,PulseWidth_sec,0.966269231,0.91
NUS3060,PulseWidth_sec,1.038857143,1.028421053
NUS3060,PulseWidth_sec,0.941217391,0.915555556
NUS3060,PulseWidth_sec,1.076043478,1.076521739
NUS3060,PulseWidth_sec,1.116277778,1.103529412
NUS3060,PulseWidth_sec,1.066086957,1.0675
NUS3060,CT_sec,0.283875,0.302857143
NUS3060,CT_sec,0.267333333,0.315555556
NUS3060,CT_sec,0.299681818,0.326666667
NUS3060,CT_sec,0.2758125,0.332
NUS3060,CT_sec,0.308142857,0.313333333
NUS3060,CT_sec,0.27295,0.320769231
NUS3060,CT_sec,0.259961538,0.319259259
NUS3060,CT_sec,0.258615385,0.320769231
NUS3060,CT_sec,0.278884615,0.322962963
NUS3060,CT_sec,0.285125,0.3272
NUS3060,CT_sec,0.295,0.266666667
NUS3060,CT_sec,0.297913043,0.32
NUS3060,CT_sec,0.285310345,0.322
NUS3060,CT_sec,0.289714286,0.296666667
NUS3060,CT_sec,0.283241379,0.31
NUS3060,CT_sec,0.29012,0.317391304
NUS3060,CT_sec,0.29092,0.309
NUS3060,CT_sec,0.293,0.323
NUS3060,CT_sec,0.297727273,0.379130435
NUS3060,CT_sec,0.29684,0.425555556
NUS3060,dT_sec,0.245666667,0.226666667
NUS3060,dT_sec,0.239625,0.2225
NUS3060,dT_sec,0.264307692,0.235789474
NUS3060,dT_sec,0.2768,0.213043478
NUS3060,dT_sec,0.25256,0.208695652
NUS3060,dT_sec,0.24208,0.203
NUS3060,dT_sec,0.258411765,0.207692308
NUS3060,dT_sec,0.25975,0.215454545
NUS3060,dT_sec,0.241653846,0.217037037
NUS3060,dT_sec,0.275692308,0.218461538
NUS3060,dT_sec,0.249384615,0.214814815
NUS3060,dT_sec,0.211,0.259166667
NUS3060,dT_sec,0.235269231,0.287777778
NUS3060,dT_sec,0.268363636,0.212
NUS3060,dT_sec,0.233416667,0.226666667
NUS3060,dT_sec,0.241076923,0.275652174
NUS3060,dT_sec,0.212777778,0.23
NUS3060,dT_sec,0.23592,0.181333333
NUS3060,dT_sec,0.234958333,0.234166667
NUS3060,dT_sec,0.231173913,0.248333333
NUS3060,dT_samples,45.25,39.04166667
NUS3060,dT_samples,47.95,45.69230769
NUS3060,dT_samples,53.17391304,43.52631579
NUS3060,dT_samples,48.54166667,40.3125
NUS3060,dT_samples,51.76,38.8
NUS3060,dT_samples,46.32,37.2
NUS3060,dT_samples,46.33333333,40.2
NUS3060,dT_samples,55.5,42.34615385
NUS3060,dT_samples,46,42.89473684
NUS3060,dT_samples,42.625,42.80769231
NUS3060,dT_samples,16,42
NUS3060,dT_samples,48,41.18181818
NUS3060,dT_samples,46.55555556,40.07692308
NUS3060,dT_samples,47.78571429,47.22727273
NUS3060,dT_samples,51.61290323,50.57894737
NUS3060,dT_samples,47.85714286,55.9375
NUS3060,dT_samples,48.61538462,54.04347826
NUS3060,dT_samples,44.68,47.47619048
NUS3060,dT_samples,44.4,46.06666667
NUS3060,dT_samples,41,64.56521739
NUS3060,CT_samples,53.28571429,58.05882353
NUS3060,CT_samples,51.09090909,58.4375
NUS3060,CT_samples,57.11764706,59.96
NUS3060,CT_samples,59.57894737,61.84615385
NUS3060,CT_samples,53.45833333,55.68181818
NUS3060,CT_samples,55.64,54.2173913
NUS3060,CT_samples,50,59.48
NUS3060,CT_samples,51.15,60.84615385
NUS3060,CT_samples,54.66666667,49.66666667
NUS3060,CT_samples,55.63636364,67.83333333
NUS3060,CT_samples,51.92307692,63.15384615
NUS3060,CT_samples,55.2,62.76923077
NUS3060,CT_samples,54.64705882,75.91666667
NUS3060,CT_samples,57,67.46666667
NUS3060,CT_samples,60.89285714,68.0625
NUS3060,CT_samples,54.92307692,68.5
NUS3060,CT_samples,55.91666667,60.73684211
NUS3060,CT_samples,57.11111111,78.14814815
NUS3060,CT_samples,58.85185185,76.5
NUS3060,CT_samples,50.57142857,54.20833333
NUS3060,RI_ratio,0.766127666,1.917567799
NUS3060,RI_ratio,0.685591285,0.728595388
NUS3060,RI_ratio,0.692155226,0.744674876
NUS3060,RI_ratio,0.694410491,3.066889169
NUS3060,RI_ratio,0.775941888,2.175753176
NUS3060,RI_ratio,0.665777481,0.852737295
NUS3060,RI_ratio,0.671709396,0.835136206
NUS3060,RI_ratio,0.763717437,0.848356004
NUS3060,RI_ratio,0.71821836,0.805984489
NUS3060,RI_ratio,0.704304318,0.854234305
NUS3060,RI_ratio,0.693937362,0.801796884
NUS3060,RI_ratio,0.684643215,0.799889868
NUS3060,RI_ratio,0.717009109,0.76360945
NUS3060,RI_ratio,0.762496949,0.920321058
NUS3060,RI_ratio,0.795830826,0.808049919
NUS3060,RI_ratio,0.706162173,3.757186214
NUS3060,RI_ratio,0.708866165,0.852785865
NUS3060,RI_ratio,0.712735338,0.911325353
NUS3060,RI_ratio,0.729923035,0.814631943
NUS3060,RI_ratio,0.753619123,0.87262443
NUS3062,PulseWidth_sec,1.050083333,1.054285714
NUS3062,PulseWidth_sec,1.212857143,0.68
NUS3062,PulseWidth_sec,1.1238,1.122222222
NUS3062,PulseWidth_sec,1.2011,8.187448604
NUS3062,PulseWidth_sec,1.154111111,1.165882353
NUS3062,PulseWidth_sec,1.150285714,1.154
NUS3062,PulseWidth_sec,1.128391304,1.053333333
NUS3062,PulseWidth_sec,1.120608696,1.092
NUS3062,PulseWidth_sec,1.076083333,1.088333333
NUS3062,PulseWidth_sec,1.078411765,1.073333333
NUS3062,PulseWidth_sec,1.096869565,1.23
NUS3062,PulseWidth_sec,1.08252381,1.045714286
NUS3062,PulseWidth_sec,1.096652174,1.074285714
NUS3062,PulseWidth_sec,1.074727273,1.079
NUS3062,PulseWidth_sec,1.084333333,8.003348844
NUS3062,PulseWidth_sec,1.066875,1.072
NUS3062,PulseWidth_sec,1.033956522,1.048888889
NUS3062,PulseWidth_sec,1.098391304,1.099
NUS3062,PulseWidth_sec,1.05725,1.092307692
NUS3062,PulseWidth_sec,1.116272727,1.124285714
NUS3062,CT_sec,0.296368421,8.552831525
NUS3062,CT_sec,0.294263158,0.36
NUS3062,CT_sec,0.301,0.5
NUS3062,CT_sec,0.303136364,0.426666667
NUS3062,CT_sec,0.296666667,0.381428571
NUS3062,CT_sec,0.294391304,0.42
NUS3062,CT_sec,0.290571429,0.32
NUS3062,CT_sec,0.29025,10.53380652
NUS3062,CT_sec,0.304111111,0.385882353
NUS3062,CT_sec,0.271,0.381538462
NUS3062,CT_sec,0.25526087,0.42
NUS3062,CT_sec,0.2505,0.42
NUS3062,CT_sec,0.249764706,0.473333333
NUS3062,CT_sec,0.265590909,0.325
NUS3062,CT_sec,0.207,0.29
NUS3062,CT_sec,0.192375,8.087601062
NUS3062,CT_sec,0.210333333,8.003348844
NUS3062,CT_sec,0.24195,0.272
NUS3062,CT_sec,0.213,0.313846154
NUS3062,CT_sec,0.214888889,0.28
NUS3062,dT_sec,0.367,0.38
NUS3062,dT_sec,0.236368421,8.552831525
NUS3062,dT_sec,0.223666667,0.435
NUS3062,dT_sec,0.235444444,0.32
NUS3062,dT_sec,0.2368,10.53380652
NUS3062,dT_sec,0.243,0.58
NUS3062,dT_sec,0.249111111,0.46
NUS3062,dT_sec,0.277625,0.563333333
NUS3062,dT_sec,0.251777778,0.26
NUS3062,dT_sec,0.307555556,0.36
NUS3062,dT_sec,0.2185,0.305454545
NUS3062,dT_sec,0.141619048,0.291578947
NUS3062,dT_sec,0.1375,0.346666667
NUS3062,dT_sec,0.201708333,0.595555556
NUS3062,dT_sec,0.1424375,0.7
NUS3062,dT_sec,0.166391304,0.3
NUS3062,dT_sec,0.287043478,0.396
NUS3062,dT_sec,0.268391304,0.441666667
NUS3062,dT_sec,0.301380952,0.51
NUS3062,dT_sec,0.29604,0.37
NUS3062,dT_samples,57.875,73.78571429
NUS3062,dT_samples,50,58
NUS3062,dT_samples,36.63157895,8.552831525
NUS3062,dT_samples,32.58333333,9.161934413
NUS3062,dT_samples,38.8125,69
NUS3062,dT_samples,40.54545455,59.75
NUS3062,dT_samples,39.36363636,63.5
NUS3062,dT_samples,46.22727273,89
NUS3062,dT_samples,45.77777778,84
NUS3062,dT_samples,23.65,50.22727273
NUS3062,dT_samples,52.77777778,59
NUS3062,dT_samples,25.54166667,59.92307692
NUS3062,dT_samples,25.45833333,125
NUS3062,dT_samples,40.90909091,58.55
NUS3062,dT_samples,52.52173913,58.66666667
NUS3062,dT_samples,52.69565217,72
NUS3062,dT_samples,48.69565217,80.08333333
NUS3062,dT_samples,51.08333333,98.38461538
NUS3062,dT_samples,53.54545455,79.85714286
NUS3062,dT_samples,61.23076923,86.73913043
NUS3062,CT_samples,47.95,49
NUS3062,CT_samples,47.33333333,64
NUS3062,CT_samples,46.26315789,58
NUS3062,CT_samples,46.82352941,55
NUS3062,CT_samples,53.25,67.14285714
NUS3062,CT_samples,49.4,53.11111111
NUS3062,CT_samples,49.57142857,73.5
NUS3062,CT_samples,46.86363636,74.5
NUS3062,CT_samples,43.13043478,64
NUS3062,CT_samples,47.16666667,70.33333333
NUS3062,CT_samples,48.59090909,60.25
NUS3062,CT_samples,39.22727273,57
NUS3062,CT_samples,39.16666667,53.54545455
NUS3062,CT_samples,38.91304348,52.33333333
NUS3062,CT_samples,38.29166667,8.003348844
NUS3062,CT_samples,45.08695652,52.4
NUS3062,CT_samples,42.52,51.73684211
NUS3062,CT_samples,39.58333333,51.57142857
NUS3062,CT_samples,39.79166667,55.76923077
NUS3062,CT_samples,46.38461538,60.3
NUS3062,RI_ratio,0.653099764,0.402975037
NUS3062,RI_ratio,0.639179863,8.552831525
NUS3062,RI_ratio,0.705799168,0.85954187
NUS3062,RI_ratio,0.680961057,1.199451429
NUS3062,RI_ratio,0.715612738,3.072955458
NUS3062,RI_ratio,0.617790182,0.915174576
NUS3062,RI_ratio,0.636948725,0.733114628
NUS3062,RI_ratio,0.647237361,0.509411013
NUS3062,RI_ratio,0.629588005,0.724507571
NUS3062,RI_ratio,0.617060583,0.760572896
NUS3062,RI_ratio,0.649436132,0.897025494
NUS3062,RI_ratio,0.646870646,4.5524357
NUS3062,RI_ratio,1.572188245,0.646089128
NUS3062,RI_ratio,0.932847058,0.90765903
NUS3062,RI_ratio,0.916054297,8.087601062
NUS3062,RI_ratio,0.645211756,2.455526031
NUS3062,RI_ratio,0.601568937,1.558792697
NUS3062,RI_ratio,0.622763362,0.914300679
NUS3062,RI_ratio,0.596914733,0.852737749
NUS3062,RI_ratio,0.604856279,0.769095661
NUS3063,PulseWidth_sec,0.9336,0.842
NUS3063,PulseWidth_sec,1.103,0.848
NUS3063,PulseWidth_sec,1.248666667,0.867692308
NUS3063,PulseWidth_sec,1.069571429,0.878888889
NUS3063,PulseWidth_sec,1.047,0.835238095
NUS3063,PulseWidth_sec,1.184,0.93625
NUS3063,PulseWidth_sec,1.2575,0.885333333
NUS3063,PulseWidth_sec,1.13275,0.847
NUS3063,PulseWidth_sec,1.09575,0.833846154
NUS3063,PulseWidth_sec,1.258,0.806666667
NUS3063,PulseWidth_sec,1.24425,0.77
NUS3063,PulseWidth_sec,1.040125,0.8475
NUS3063,PulseWidth_sec,1.056857143,0.91625
NUS3063,PulseWidth_sec,1.2416,0.97375
NUS3063,PulseWidth_sec,6.328243034,0.8875
NUS3063,PulseWidth_sec,1.228125,0.941818182
NUS3063,PulseWidth_sec,1.322,1.036
NUS3063,PulseWidth_sec,7.725280808,0.854285714
NUS3063,PulseWidth_sec,1.203,0.981333333
NUS3063,PulseWidth_sec,1.324,0.892
NUS3063,CT_sec,0.20825,0.24
NUS3063,CT_sec,7.199536898,0.343809524
NUS3063,CT_sec,0.224,0.269333333
NUS3063,CT_sec,5.786617495,0.277142857
NUS3063,CT_sec,10.03013904,0.263157895
NUS3063,CT_sec,0.219,0.20375
NUS3063,CT_sec,0.201666667,0.18
NUS3063,CT_sec,0.2288,0.247
NUS3063,CT_sec,6.295569581,0.21
NUS3063,CT_sec,0.205,0.27
NUS3063,CT_sec,0.23,0.266666667
NUS3063,CT_sec,0.211666667,0.248235294
NUS3063,CT_sec,0.21025,0.251111111
NUS3063,CT_sec,0.212444444,0.270588235
NUS3063,CT_sec,0.1445,0.245
NUS3063,CT_sec,0.21675,0.254285714
NUS3063,CT_sec,0.211,0.266
NUS3063,CT_sec,6.822717254,0.274117647
NUS3063,CT_sec,7.725280808,0.288571429
NUS3063,CT_sec,0.208333333,0.21
NUS3063,dT_sec,0.305,0.254545455
NUS3063,dT_sec,0.249,0.2
NUS3063,dT_sec,0.25,0.286666667
NUS3063,dT_sec,0.25,0.2675
NUS3063,dT_sec,0.2715,0.283529412
NUS3063,dT_sec,0.297,0.2975
NUS3063,dT_sec,7.233104466,0.292
NUS3063,dT_sec,0.267333333,0.288571429
NUS3063,dT_sec,7.560921531,0.266666667
NUS3063,dT_sec,0.273,0.3
NUS3063,dT_sec,0.278333333,0.273684211
NUS3063,dT_sec,0.2796,0.27125
NUS3063,dT_sec,0.289,0.31
NUS3063,dT_sec,0.303,0.306666667
NUS3063,dT_sec,0.258,0.2725
NUS3063,dT_sec,0.273,0.234
NUS3063,dT_sec,8.920748625,0.186666667
NUS3063,dT_sec,0.293,0.261666667
NUS3063,dT_sec,0.2782,0.256
NUS3063,dT_sec,0.278666667,0.295
NUS3063,dT_samples,52.33333333,59.21428571
NUS3063,dT_samples,7.199536898,58.16666667
NUS3063,dT_samples,47.75,56.3
NUS3063,dT_samples,37,56.41666667
NUS3063,dT_samples,36,52.8125
NUS3063,dT_samples,42,61
NUS3063,dT_samples,47.75,63.88235294
NUS3063,dT_samples,56,73.08333333
NUS3063,dT_samples,52.5,60.14285714
NUS3063,dT_samples,45.6,80
NUS3063,dT_samples,51,71
NUS3063,dT_samples,50.66666667,73.08333333
NUS3063,dT_samples,6.303772008,59.4
NUS3063,dT_samples,41,64.57142857
NUS3063,dT_samples,39.66666667,64.33333333
NUS3063,dT_samples,9.748966865,59.65217391
NUS3063,dT_samples,6.602088211,54.71428571
NUS3063,dT_samples,43.25,54.14285714
NUS3063,dT_samples,42.5,49.68421053
NUS3063,dT_samples,55,62
NUS3063,CT_samples,38.33333333,68.64285714
NUS3063,CT_samples,33.66666667,58.03571429
NUS3063,CT_samples,39.4,83.875
NUS3063,CT_samples,34.5,63.86666667
NUS3063,CT_samples,8.967253965,50.28571429
NUS3063,CT_samples,36.75,55.5
NUS3063,CT_samples,6.838431711,58
NUS3063,CT_samples,39.5,61.72222222
NUS3063,CT_samples,40.33333333,54.89473684
NUS3063,CT_samples,36,54.75
NUS3063,CT_samples,34,56.16666667
NUS3063,CT_samples,33,61.86666667
NUS3063,CT_samples,37.5,68.77777778
NUS3063,CT_samples,34,54.66666667
NUS3063,CT_samples,6.602088211,58.64285714
NUS3063,CT_samples,36.5,59.42857143
NUS3063,CT_samples,30,53.66666667
NUS3063,CT_samples,7.725280808,65.71428571
NUS3063,CT_samples,33,44.7
NUS3063,CT_samples,34,45
NUS3063,RI_ratio,8.245020517,0.645109431
NUS3063,RI_ratio,6.436491221,0.630767025
NUS3063,RI_ratio,0.562223011,0.97804272
NUS3063,RI_ratio,0.406661249,0.814514939
NUS3063,RI_ratio,7.199536898,0.926885525
NUS3063,RI_ratio,0.677889814,0.915091429
NUS3063,RI_ratio,0.782548928,0.936284683
NUS3063,RI_ratio,0.722294201,0.841822069
NUS3063,RI_ratio,0.695100053,1.905878439
NUS3063,RI_ratio,6.914302808,0.618573002
NUS3063,RI_ratio,0.517607621,0.774996634
NUS3063,RI_ratio,6.422548593,0.783674735
NUS3063,RI_ratio,0.581510964,0.794635904
NUS3063,RI_ratio,0.57098373,0.822224986
NUS3063,RI_ratio,0.670778563,0.908299947
NUS3063,RI_ratio,0.58495002,0.855171787
NUS3063,RI_ratio,0.660235384,0.912439352
NUS3063,RI_ratio,7.725280808,0.87559219
NUS3063,RI_ratio,0.510841362,0.713450742
NUS3063,RI_ratio,0.487995809,0.705563993
NUS3064,PulseWidth_sec,1.177473684,1.173333333
NUS3064,PulseWidth_sec,1.146333333,1.137272727
NUS3064,PulseWidth_sec,1.140473684,1.140909091
NUS3064,PulseWidth_sec,1.097058824,1.12
NUS3064,PulseWidth_sec,1.047692308,1.068333333
NUS3064,PulseWidth_sec,1.096041667,1.103478261
NUS3064,PulseWidth_sec,1.094695652,1.093043478
NUS3064,PulseWidth_sec,1.078541667,1.082608696
NUS3064,PulseWidth_sec,1.086428571,1.094166667
NUS3064,PulseWidth_sec,1.075153846,1.040909091
NUS3064,PulseWidth_sec,1.081625,1.090833333
NUS3064,PulseWidth_sec,1.203777778,1.22
NUS3064,PulseWidth_sec,1.1413125,1.152727273
NUS3064,PulseWidth_sec,0.956916667,0.958518519
NUS3064,PulseWidth_sec,1.235454545,1.211578947
NUS3064,PulseWidth_sec,1.168294118,1.180909091
NUS3064,PulseWidth_sec,1.169578947,1.168181818
NUS3064,PulseWidth_sec,1.185133333,1.164
NUS3064,PulseWidth_sec,1.161368421,1.166363636
NUS3064,PulseWidth_sec,1.211578947,1.215384615
NUS3064,CT_sec,0.25816,0.3072
NUS3064,CT_sec,0.219173913,0.293913043
NUS3064,CT_sec,0.217086957,0.297391304
NUS3064,CT_sec,0.22,0.293333333
NUS3064,CT_sec,0.239,0.323333333
NUS3064,CT_sec,0.239571429,0.351428571
NUS3064,CT_sec,0.229636364,0.333636364
NUS3064,CT_sec,0.2505,0.342608696
NUS3064,CT_sec,0.228875,0.3175
NUS3064,CT_sec,0.272172414,0.304827586
NUS3064,CT_sec,0.262857143,0.343157895
NUS3064,CT_sec,0.247,0.395555556
NUS3064,CT_sec,0.280857143,0.392222222
NUS3064,CT_sec,0.2865,0.347826087
NUS3064,CT_sec,0.257384615,0.399
NUS3064,CT_sec,0.274625,0.356190476
NUS3064,CT_sec,0.2256,0.329473684
NUS3064,CT_sec,0.231157895,0.326
NUS3064,CT_sec,0.219466667,0.322857143
NUS3064,CT_sec,0.22255,0.32
NUS3064,dT_sec,0.27355,0.327619048
NUS3064,dT_sec,0.341913043,0.28173913
NUS3064,dT_sec,0.260714286,0.290769231
NUS3064,dT_sec,0.353652174,0.284347826
NUS3064,dT_sec,0.339277778,0.2775
NUS3064,dT_sec,0.3145,0.268695652
NUS3064,dT_sec,0.318444444,0.276521739
NUS3064,dT_sec,0.331190476,0.272380952
NUS3064,dT_sec,0.319761905,0.277272727
NUS3064,dT_sec,0.269684211,0.263636364
NUS3064,dT_sec,0.34,0.274117647
NUS3064,dT_sec,0.30235,0.275454545
NUS3064,dT_sec,0.2999,0.274545455
NUS3064,dT_sec,0.297454545,0.285217391
NUS3064,dT_sec,0.2876,0.236190476
NUS3064,dT_sec,0.275454545,0.253043478
NUS3064,dT_sec,0.2802,0.243636364
NUS3064,dT_sec,0.292133333,0.29047619
NUS3064,dT_sec,0.3002,0.286666667
NUS3064,dT_sec,0.245333333,0.328888889
NUS3064,dT_samples,36.33333333,42.66666667
NUS3064,dT_samples,42.68421053,50.73913043
NUS3064,dT_samples,45.04761905,49.31818182
NUS3064,dT_samples,49.76923077,41.10526316
NUS3064,dT_samples,59,53.76190476
NUS3064,dT_samples,59.45,50.82608696
NUS3064,dT_samples,53.06666667,49.46153846
NUS3064,dT_samples,44.71428571,50.45
NUS3064,dT_samples,63.45454545,48.08333333
NUS3064,dT_samples,59.04347826,48.39130435
NUS3064,dT_samples,57.43478261,49.73913043
NUS3064,dT_samples,48.93333333,44.66666667
NUS3064,dT_samples,48.89473684,43.42857143
NUS3064,dT_samples,54.6,44.91304348
NUS3064,dT_samples,48.6,41.60869565
NUS3064,dT_samples,49.5,44.5
NUS3064,dT_samples,47.93333333,42
NUS3064,dT_samples,46.25,47.94117647
NUS3064,dT_samples,55.44444444,47.3
NUS3064,dT_samples,54.91666667,46.84210526
NUS3064,CT_samples,42.7826087,52.17391304
NUS3064,CT_samples,40.68181818,53
NUS3064,CT_samples,42.34782609,56.79166667
NUS3064,CT_samples,50.22222222,59.14814815
NUS3064,CT_samples,42.88235294,58.80952381
NUS3064,CT_samples,39.6875,58.33333333
NUS3064,CT_samples,39.14285714,58.19047619
NUS3064,CT_samples,41.2,57.09090909
NUS3064,CT_samples,42.63636364,58.04347826
NUS3064,CT_samples,45.04347826,58.91304348
NUS3064,CT_samples,43.45833333,57.625
NUS3064,CT_samples,44.14285714,56.18181818
NUS3064,CT_samples,56.66666667,61.81481481
NUS3064,CT_samples,58.16,62.11111111
NUS3064,CT_samples,50.90909091,60.47826087
NUS3064,CT_samples,44.15789474,57.04545455
NUS3064,CT_samples,48.1,61.22727273
NUS3064,CT_samples,49.42105263,59.13636364
NUS3064,CT_samples,49.19047619,58.63636364
NUS3064,CT_samples,37.81818182,59.4375
NUS3064,RI_ratio,0.72891766,0.911570713
NUS3064,RI_ratio,0.56344866,0.883589395
NUS3064,RI_ratio,0.530845039,0.851184326
NUS3064,RI_ratio,0.762539761,0.915829562
NUS3064,RI_ratio,0.542408842,0.839553902
NUS3064,RI_ratio,0.579983682,0.783812754
NUS3064,RI_ratio,0.587936433,0.834508394
NUS3064,RI_ratio,2.293788144,0.891472131
NUS3064,RI_ratio,0.65379242,0.85763178
NUS3064,RI_ratio,0.601258902,0.871985415
NUS3064,RI_ratio,0.617458465,0.862538014
NUS3064,RI_ratio,0.627933038,0.910360725
NUS3064,RI_ratio,0.604858113,0.896379219
NUS3064,RI_ratio,0.639117154,0.911146058
NUS3064,RI_ratio,0.642516115,0.89333464
NUS3064,RI_ratio,0.74240336,0.934759727
NUS3064,RI_ratio,0.625669315,0.929338541
NUS3064,RI_ratio,0.684932625,0.932599379
NUS3064,RI_ratio,0.643986698,0.908871222
NUS3064,RI_ratio,0.616205673,0.85690891
NUS3065,PulseWidth_sec,1.137,1.141666667
NUS3065,PulseWidth_sec,1.201736842,1.199090909
NUS3065,PulseWidth_sec,1.0848125,1.080869565
NUS3065,PulseWidth_sec,1.082,1.092173913
NUS3065,PulseWidth_sec,1.138173913,1.141428571
NUS3065,PulseWidth_sec,1.099863636,1.102727273
NUS3065,PulseWidth_sec,1.035,1.063076923
NUS3065,PulseWidth_sec,1.2065,1.21047619
NUS3065,PulseWidth_sec,1.03044,1.04
NUS3065,PulseWidth_sec,1.308578947,1.312631579
NUS3065,PulseWidth_sec,1.309631579,1.313684211
NUS3065,PulseWidth_sec,1.25255,1.261052632
NUS3065,PulseWidth_sec,1.2641,1.27
NUS3065,PulseWidth_sec,1.2148,1.207
NUS3065,PulseWidth_sec,1.2205,1.222222222
NUS3065,PulseWidth_sec,1.0396,1.08
NUS3065,PulseWidth_sec,1.040583333,1.027272727
NUS3065,PulseWidth_sec,1.081727273,1.087272727
NUS3065,PulseWidth_sec,1.111043478,1.113043478
NUS3065,PulseWidth_sec,0.986115385,1.025714286
NUS3065,CT_sec,0.306263158,0.385882353
NUS3065,CT_sec,0.303,0.425882353
NUS3065,CT_sec,0.29852381,0.433333333
NUS3065,CT_sec,0.309238095,0.479047619
NUS3065,CT_sec,0.297857143,0.331304348
NUS3065,CT_sec,0.307181818,0.360909091
NUS3065,CT_sec,0.3061875,0.489411765
NUS3065,CT_sec,0.304157895,0.5
NUS3065,CT_sec,0.300789474,0.514
NUS3065,CT_sec,0.301888889,0.506666667
NUS3065,CT_sec,0.303263158,0.496
NUS3065,CT_sec,0.30895,0.483809524
NUS3065,CT_sec,0.30425,0.42
NUS3065,CT_sec,0.309571429,0.443636364
NUS3065,CT_sec,0.313944444,0.488421053
NUS3065,CT_sec,0.282083333,0.41
NUS3065,CT_sec,0.27225,0.335
NUS3065,CT_sec,0.27832,0.304
NUS3065,CT_sec,0.29444,0.324
NUS3065,CT_sec,0.286076923,0.402857143
NUS3065,dT_sec,0.212882353,0.352222222
NUS3065,dT_sec,0.209823529,0.245
NUS3065,dT_sec,0.213095238,0.264761905
NUS3065,dT_sec,0.215181818,0.337272727
NUS3065,dT_sec,0.229043478,0.276363636
NUS3065,dT_sec,0.215952381,0.266666667
NUS3065,dT_sec,0.217285714,0.26
NUS3065,dT_sec,0.223846154,0.225454545
NUS3065,dT_sec,0.219,0.28
NUS3065,dT_sec,0.229666667,0.254
NUS3065,dT_sec,0.225863636,0.23
NUS3065,dT_sec,0.21747619,0.287777778
NUS3065,dT_sec,0.219421053,0.288421053
NUS3065,dT_sec,0.209444444,0.288421053
NUS3065,dT_sec,0.227090909,0.270909091
NUS3065,dT_sec,0.23036,0.2825
NUS3065,dT_sec,0.231333333,0.304
NUS3065,dT_sec,0.228291667,0.277391304
NUS3065,dT_sec,0.224458333,0.26952381
NUS3065,dT_sec,0.223304348,0.292173913
NUS3065,dT_samples,33,52.41176471
NUS3065,dT_samples,32.70588235,45.8
NUS3065,dT_samples,37.42857143,56.41666667
NUS3065,dT_samples,37.58333333,53.61538462
NUS3065,dT_samples,39.36363636,57
NUS3065,dT_samples,40,45.66666667
NUS3065,dT_samples,41.09090909,48.08333333
NUS3065,dT_samples,42.5,44.1
NUS3065,dT_samples,40.71428571,43.95454545
NUS3065,dT_samples,36.86666667,46.85
NUS3065,dT_samples,34.6,35.5
NUS3065,dT_samples,34.52631579,44.47058824
NUS3065,dT_samples,35.41666667,45.7
NUS3065,dT_samples,32.28571429,39.5
NUS3065,dT_samples,43.57142857,57.75
NUS3065,dT_samples,43.08695652,49.54166667
NUS3065,dT_samples,47.75,41.05882353
NUS3065,dT_samples,39.09090909,64.23809524
NUS3065,dT_samples,40.19047619,60.25
NUS3065,dT_samples,41.95,45.22222222
NUS3065,CT_samples,53,81.8
NUS3065,CT_samples,53.09090909,62.86956522
NUS3065,CT_samples,54.78947368,66.57692308
NUS3065,CT_samples,52.5,60.27272727
NUS3065,CT_samples,52.14285714,89
NUS3065,CT_samples,52.77272727,74.83333333
NUS3065,CT_samples,55.81818182,54.76190476
NUS3065,CT_samples,48.55555556,77.13636364
NUS3065,CT_samples,47.22222222,74.3
NUS3065,CT_samples,46.61111111,74.35294118
NUS3065,CT_samples,48.70588235,65.21428571
NUS3065,CT_samples,51.84615385,71.4
NUS3065,CT_samples,48.82352941,74.73684211
NUS3065,CT_samples,47.89473684,72.42105263
NUS3065,CT_samples,49.05555556,65.72222222
NUS3065,CT_samples,51,58.23809524
NUS3065,CT_samples,52.66666667,59.70588235
NUS3065,CT_samples,53.86363636,55.13043478
NUS3065,CT_samples,52.95833333,57.61904762
NUS3065,CT_samples,57.53846154,76.57142857
NUS3065,RI_ratio,0.82431997,0.855989067
NUS3065,RI_ratio,0.739359722,0.885748237
NUS3065,RI_ratio,0.781777371,0.856246629
NUS3065,RI_ratio,0.769596941,0.762782939
NUS3065,RI_ratio,0.767806702,0.851276828
NUS3065,RI_ratio,0.765930351,0.755117779
NUS3065,RI_ratio,0.708656771,0.920126851
NUS3065,RI_ratio,0.769566629,0.896049091
NUS3065,RI_ratio,0.736805734,0.912302826
NUS3065,RI_ratio,0.824171113,0.874917312
NUS3065,RI_ratio,0.77733875,0.861505891
NUS3065,RI_ratio,0.752611521,0.87696119
NUS3065,RI_ratio,0.728325337,0.879958045
NUS3065,RI_ratio,0.732713299,0.800916922
NUS3065,RI_ratio,0.723754008,0.878414261
NUS3065,RI_ratio,0.742718365,0.878506303
NUS3065,RI_ratio,0.706898224,0.775189663
NUS3065,RI_ratio,0.731847311,0.757865971
NUS3065,RI_ratio,0.743080675,0.885210243
NUS3065,RI_ratio,0.73928578,0.887860214
NUS3066,PulseWidth_sec,0.849533333,0.858181818
NUS3066,PulseWidth_sec,0.847967742,0.846956522
NUS3066,PulseWidth_sec,0.883633333,0.876470588
NUS3066,PulseWidth_sec,0.8752,0.878888889
NUS3066,PulseWidth_sec,0.898285714,0.810909091
NUS3066,PulseWidth_sec,0.90475,0.9
NUS3066,PulseWidth_sec,1.154,0.905714286
NUS3066,PulseWidth_sec,0.958148148,0.933
NUS3066,PulseWidth_sec,1.012217391,0.975555556
NUS3066,PulseWidth_sec,1.04105,1.022
NUS3066,PulseWidth_sec,1.023166667,0.983478261
NUS3066,PulseWidth_sec,1.036,0.99
NUS3066,PulseWidth_sec,0.733482759,0.728125
NUS3066,PulseWidth_sec,0.909173913,0.8952
NUS3066,PulseWidth_sec,0.954210526,0.930714286
NUS3066,PulseWidth_sec,0.9493,0.93625
NUS3066,PulseWidth_sec,0.961761905,0.95
NUS3066,PulseWidth_sec,0.952238095,0.919310345
NUS3066,PulseWidth_sec,1.0519,0.976666667
NUS3066,PulseWidth_sec,0.982,0.952
NUS3066,CT_sec,0.167428571,0.222962963
NUS3066,CT_sec,0.166,0.205454545
NUS3066,CT_sec,0.175483871,0.188
NUS3066,CT_sec,0.176413793,0.191764706
NUS3066,CT_sec,0.176516129,0.192380952
NUS3066,CT_sec,0.17716129,0.191
NUS3066,CT_sec,0.176129032,0.19047619
NUS3066,CT_sec,0.175857143,0.174
NUS3066,CT_sec,0.186964286,0.178333333
NUS3066,CT_sec,0.1864,0.1675
NUS3066,CT_sec,0.179448276,0.204137931
NUS3066,CT_sec,0.176421053,0.190909091
NUS3066,CT_sec,0.18852381,0.182307692
NUS3066,CT_sec,0.20076,0.192
NUS3066,CT_sec,0.201117647,0.18375
NUS3066,CT_sec,0.18304,0.228888889
NUS3066,CT_sec,0.185045455,0.2256
NUS3066,CT_sec,0.18432,0.222727273
NUS3066,CT_sec,0.182181818,0.210909091
NUS3066,CT_sec,0.185,0.228235294
NUS3066,dT_sec,0.331230769,0.319
NUS3066,dT_sec,0.3475,0.321904762
NUS3066,dT_sec,0.349433333,0.32
NUS3066,dT_sec,0.34504,0.319047619
NUS3066,dT_sec,0.316764706,0.304285714
NUS3066,dT_sec,0.303,0.314
NUS3066,dT_sec,0.323678571,0.294074074
NUS3066,dT_sec,0.3273,0.291851852
NUS3066,dT_sec,0.324352941,0.3375
NUS3066,dT_sec,0.319157895,0.316363636
NUS3066,dT_sec,0.3055,0.266
NUS3066,dT_sec,0.245416667,0.255
NUS3066,dT_sec,0.143,0.217575758
NUS3066,dT_sec,0.306454545,0.290666667
NUS3066,dT_sec,0.336,0.279047619
NUS3066,dT_sec,0.340615385,0.288571429
NUS3066,dT_sec,0.335058824,0.304761905
NUS3066,dT_sec,0.321909091,0.296
NUS3066,dT_sec,0.350111111,0.348888889
NUS3066,dT_sec,0.3312,0.313333333
NUS3066,dT_samples,67.7826087,66.71428571
NUS3066,dT_samples,77.60714286,69.95238095
NUS3066,dT_samples,82.48275862,72.60869565
NUS3066,dT_samples,80.5,71.0625
NUS3066,dT_samples,77.10344828,67.72222222
NUS3066,dT_samples,75.93548387,77
NUS3066,dT_samples,61.53571429,76.08333333
NUS3066,dT_samples,73.34615385,72.81818182
NUS3066,dT_samples,74.73076923,69.54545455
NUS3066,dT_samples,67.88,61.81481481
NUS3066,dT_samples,70.81481481,63.2
NUS3066,dT_samples,67.05555556,67.42857143
NUS3066,dT_samples,80.74193548,79.88888889
NUS3066,dT_samples,58.57894737,66.96296296
NUS3066,dT_samples,63.60869565,62.625
NUS3066,dT_samples,63.5,63.23529412
NUS3066,dT_samples,64.46153846,63.44
NUS3066,dT_samples,61.66666667,67.66666667
NUS3066,dT_samples,59.94444444,60.23809524
NUS3066,dT_samples,48,58.25
NUS3066,CT_samples,39.60869565,42.46428571
NUS3066,CT_samples,40.66666667,43.19230769
NUS3066,CT_samples,39.07142857,40.5
NUS3066,CT_samples,40.8,42.77272727
NUS3066,CT_samples,40.06666667,42
NUS3066,CT_samples,34.88888889,40.25
NUS3066,CT_samples,40.93333333,35.75
NUS3066,CT_samples,41.73076923,38.33333333
NUS3066,CT_samples,38.75,41.11111111
NUS3066,CT_samples,36.94117647,38.38888889
NUS3066,CT_samples,40.05882353,43.72727273
NUS3066,CT_samples,43.80645161,42.35714286
NUS3066,CT_samples,35.07142857,37.5
NUS3066,CT_samples,40.5,53.1875
NUS3066,CT_samples,33.66666667,53
NUS3066,CT_samples,38.27777778,44.77272727
NUS3066,CT_samples,39.05263158,46.1
NUS3066,CT_samples,38.6,57.96296296
NUS3066,CT_samples,36.46666667,57.77777778
NUS3066,CT_samples,34.05263158,36.95652174
NUS3066,RI_ratio,0.407791371,0.714099574
NUS3066,RI_ratio,0.331262872,0.651078803
NUS3066,RI_ratio,0.272002625,0.614152821
NUS3066,RI_ratio,0.331404462,0.690208383
NUS3066,RI_ratio,0.457983708,0.62024196
NUS3066,RI_ratio,0.402269482,0.732252643
NUS3066,RI_ratio,0.370907679,0.714492808
NUS3066,RI_ratio,0.394870791,0.754828859
NUS3066,RI_ratio,0.443621272,0.549671539
NUS3066,RI_ratio,0.434319048,0.899377633
NUS3066,RI_ratio,0.404832351,0.7947794
NUS3066,RI_ratio,0.580877062,0.58857302
NUS3066,RI_ratio,0.518284915,2.466324544
NUS3066,RI_ratio,0.549706887,0.72037965
NUS3066,RI_ratio,0.536531408,0.891874969
NUS3066,RI_ratio,0.473917185,0.837382763
NUS3066,RI_ratio,0.382745221,0.723096523
NUS3066,RI_ratio,0.38513059,0.816455587
NUS3066,RI_ratio,0.400076415,0.652466959
NUS3066,RI_ratio,0.452458762,0.762250835
NUS3067,PulseWidth_sec,1.073434783,1.064545455
NUS3067,PulseWidth_sec,1.09573913,1.099166667
NUS3067,PulseWidth_sec,1.091666667,1.096521739
NUS3067,PulseWidth_sec,1.093125,1.091304348
NUS3067,PulseWidth_sec,1.118473684,1.122105263
NUS3067,PulseWidth_sec,1.135285714,1.136842105
NUS3067,PulseWidth_sec,1.102,1.1
NUS3067,PulseWidth_sec,1.059086957,1.058181818
NUS3067,PulseWidth_sec,1.007227273,1.000769231
NUS3067,PulseWidth_sec,1.0495,1.0432
NUS3067,PulseWidth_sec,1.076736842,1.077391304
NUS3067,PulseWidth_sec,1.02196,1.02
NUS3067,PulseWidth_sec,1.036111111,1.015789474
NUS3067,PulseWidth_sec,1.029043478,1.021333333
NUS3067,PulseWidth_sec,0.990866667,0.993333333
NUS3067,PulseWidth_sec,1.020555556,1.011578947
NUS3067,PulseWidth_sec,1.078904762,1.088
NUS3067,PulseWidth_sec,1.000375,1.0008
NUS3067,PulseWidth_sec,1.053190476,1.058
NUS3067,PulseWidth_sec,1.031913043,1.045
NUS3067,CT_sec,0.27788,0.3408
NUS3067,CT_sec,0.268285714,0.344545455
NUS3067,CT_sec,0.2205625,0.33
NUS3067,CT_sec,0.245466667,0.336363636
NUS3067,CT_sec,0.233583333,0.34
NUS3067,CT_sec,0.2558,0.353
NUS3067,CT_sec,0.212772727,0.3168
NUS3067,CT_sec,0.202615385,0.314782609
NUS3067,CT_sec,0.225086957,0.3232
NUS3067,CT_sec,0.218352941,0.322
NUS3067,CT_sec,0.215714286,0.315384615
NUS3067,CT_sec,0.240166667,0.325
NUS3067,CT_sec,0.266470588,0.322857143
NUS3067,CT_sec,0.255346154,0.313571429
NUS3067,CT_sec,0.23015,0.3225
NUS3067,CT_sec,0.215,0.3176
NUS3067,CT_sec,0.22432,0.324166667
NUS3067,CT_sec,0.226416667,0.352
NUS3067,CT_sec,0.21948,0.3275
NUS3067,CT_sec,0.236416667,0.45
NUS3067,dT_sec,0.27228,0.242222222
NUS3067,dT_sec,0.290714286,0.33826087
NUS3067,dT_sec,0.251095238,0.312173913
NUS3067,dT_sec,0.297615385,0.301333333
NUS3067,dT_sec,0.314722222,0.284444444
NUS3067,dT_sec,0.266111111,0.22
NUS3067,dT_sec,0.078571429,0.214666667
NUS3067,dT_sec,0.176083333,0.283076923
NUS3067,dT_sec,0.21608,0.300833333
NUS3067,dT_sec,0.205291667,0.275
NUS3067,dT_sec,0.254826087,0.28173913
NUS3067,dT_sec,0.300157895,0.276521739
NUS3067,dT_sec,0.139807692,0.24
NUS3067,dT_sec,0.253608696,0.253043478
NUS3067,dT_sec,0.25747619,0.253043478
NUS3067,dT_sec,0.178958333,0.25
NUS3067,dT_sec,0.12615,0.284
NUS3067,dT_sec,0.236090909,0.256
NUS3067,dT_sec,0.223333333,0.353333333
NUS3067,dT_sec,0.28532,0.43
NUS3067,dT_samples,53.27777778,49.36363636
NUS3067,dT_samples,56.47826087,53.36363636
NUS3067,dT_samples,57.47826087,55.79166667
NUS3067,dT_samples,56.24,48.59090909
NUS3067,dT_samples,59.30434783,56.8
NUS3067,dT_samples,31.26086957,48.63157895
NUS3067,dT_samples,82.61111111,45.90909091
NUS3067,dT_samples,35.16666667,47.82352941
NUS3067,dT_samples,22.41176471,44.80769231
NUS3067,dT_samples,64.61538462,45.65384615
NUS3067,dT_samples,45.38461538,47.11111111
NUS3067,dT_samples,46.36,50.12
NUS3067,dT_samples,28.76,49.79166667
NUS3067,dT_samples,32.92,46.15789474
NUS3067,dT_samples,39.20833333,45
NUS3067,dT_samples,41.36,49.58333333
NUS3067,dT_samples,55.52380952,55.48
NUS3067,dT_samples,53.56521739,53.2
NUS3067,dT_samples,62.26923077,65.1
NUS3067,dT_samples,34.6,57.45454545
NUS3067,CT_samples,50.30434783,61.8
NUS3067,CT_samples,46.91304348,60.58333333
NUS3067,CT_samples,45.4,58.54545455
NUS3067,CT_samples,32,61.08333333
NUS3067,CT_samples,44.05,59.08695652
NUS3067,CT_samples,40.95652174,59
NUS3067,CT_samples,39.875,58.2
NUS3067,CT_samples,42.72,61.28
NUS3067,CT_samples,44.7826087,60.65384615
NUS3067,CT_samples,43.375,58.5
NUS3067,CT_samples,45.52631579,58
NUS3067,CT_samples,42.8,57.625
NUS3067,CT_samples,44.68181818,56.86956522
NUS3067,CT_samples,49.55,60.58333333
NUS3067,CT_samples,43.61111111,61
NUS3067,CT_samples,44.88461538,60.26923077
NUS3067,CT_samples,40.4,58.14285714
NUS3067,CT_samples,40.96,59.2
NUS3067,CT_samples,43.12,62.5
NUS3067,CT_samples,47.05263158,27.3706207
NUS3067,RI_ratio,0.591588818,0.837740821
NUS3067,RI_ratio,0.524651302,0.792045105
NUS3067,RI_ratio,0.500839703,0.791291615
NUS3067,RI_ratio,0.48770317,0.761259045
NUS3067,RI_ratio,0.77947549,0.797951483
NUS3067,RI_ratio,0.480048665,0.800598387
NUS3067,RI_ratio,0.577193695,0.752718448
NUS3067,RI_ratio,0.576057083,0.798774924
NUS3067,RI_ratio,0.52064591,0.838840583
NUS3067,RI_ratio,0.568218986,0.821898593
NUS3067,RI_ratio,0.698521062,0.83085043
NUS3067,RI_ratio,0.693236973,0.820469278
NUS3067,RI_ratio,0.609116857,0.826963127
NUS3067,RI_ratio,0.529973176,0.726567795
NUS3067,RI_ratio,0.710100574,0.796403501
NUS3067,RI_ratio,0.674718553,0.779004828
NUS3067,RI_ratio,0.503146778,3.345396067
NUS3067,RI_ratio,0.605981073,0.822019227
NUS3067,RI_ratio,0.552682975,0.746749591
NUS3067,RI_ratio,0.53759797,0.64870662
NUS3068,PulseWidth_sec,0.951464286,0.959259259
NUS3068,PulseWidth_sec,0.948458333,0.94173913
NUS3068,PulseWidth_sec,0.953291667,0.9568
NUS3068,PulseWidth_sec,0.977,0.980769231
NUS3068,PulseWidth_sec,0.973857143,0.934285714
NUS3068,PulseWidth_sec,0.992772727,0.9888
NUS3068,PulseWidth_sec,0.950666667,0.946666667
NUS3068,PulseWidth_sec,0.9864,0.987272727
NUS3068,PulseWidth_sec,0.900172414,0.905185185
NUS3068,PulseWidth_sec,0.954653846,0.96
NUS3068,PulseWidth_sec,0.954111111,0.962962963
NUS3068,PulseWidth_sec,0.99036,0.99
NUS3068,PulseWidth_sec,0.9915,1.007826087
NUS3068,PulseWidth_sec,0.96808,0.977692308
NUS3068,PulseWidth_sec,1.01828,1.013846154
NUS3068,PulseWidth_sec,1.086695652,1.088888889
NUS3068,PulseWidth_sec,1.020833333,1.030666667
NUS3068,PulseWidth_sec,0.92875,0.932
NUS3068,PulseWidth_sec,0.958,0.9168
NUS3068,PulseWidth_sec,1.0665,1.073333333
NUS3068,CT_sec,0.222233333,0.236551724
NUS3068,CT_sec,0.229517241,0.236
NUS3068,CT_sec,0.240652174,0.257894737
NUS3068,CT_sec,0.237037037,0.2528
NUS3068,CT_sec,0.238535714,0.256666667
NUS3068,CT_sec,0.241545455,0.256
NUS3068,CT_sec,0.1995,0.241818182
NUS3068,CT_sec,0.211107143,0.242222222
NUS3068,CT_sec,0.2166,0.258461538
NUS3068,CT_sec,0.203714286,0.209166667
NUS3068,CT_sec,0.227681818,0.263333333
NUS3068,CT_sec,0.227962963,0.253333333
NUS3068,CT_sec,0.227148148,0.247407407
NUS3068,CT_sec,0.21828,0.241818182
NUS3068,CT_sec,0.202851852,0.201666667
NUS3068,CT_sec,0.201916667,0.208
NUS3068,CT_sec,0.213318182,0.246315789
NUS3068,CT_sec,0.261090909,0.283
NUS3068,CT_sec,0.291409091,0.306666667
NUS3068,CT_sec,0.281047619,0.3024
NUS3068,dT_sec,0.275714286,0.230714286
NUS3068,dT_sec,0.282,0.241428571
NUS3068,dT_sec,0.2681,0.241
NUS3068,dT_sec,0.269727273,0.2432
NUS3068,dT_sec,0.263266667,0.24125
NUS3068,dT_sec,0.2516,0.242857143
NUS3068,dT_sec,0.263785714,0.240952381
NUS3068,dT_sec,0.261064516,0.222962963
NUS3068,dT_sec,0.280518519,0.228
NUS3068,dT_sec,0.30172,0.296363636
NUS3068,dT_sec,0.313071429,0.244285714
NUS3068,dT_sec,0.274285714,0.246086957
NUS3068,dT_sec,0.283947368,0.235384615
NUS3068,dT_sec,0.274772727,0.258461538
NUS3068,dT_sec,0.302173913,0.298888889
NUS3068,dT_sec,0.295136364,0.256470588
NUS3068,dT_sec,0.300454545,0.196666667
NUS3068,dT_sec,0.289913043,0.212727273
NUS3068,dT_sec,0.30026087,0.222727273
NUS3068,dT_sec,0.226272727,0.259166667
NUS3068,dT_samples,57.57692308,46.0625
NUS3068,dT_samples,54.875,49.75
NUS3068,dT_samples,60.09090909,49.81818182
NUS3068,dT_samples,57.43478261,48.2173913
NUS3068,dT_samples,59.2962963,44.69565217
NUS3068,dT_samples,55.93333333,45.48275862
NUS3068,dT_samples,63.92857143,47.32142857
NUS3068,dT_samples,56.28,45.25
NUS3068,dT_samples,57.60714286,47.17857143
NUS3068,dT_samples,56.92592593,44.51851852
NUS3068,dT_samples,58.16,48.06666667
NUS3068,dT_samples,60.51724138,50.2962963
NUS3068,dT_samples,59.07692308,47.34615385
NUS3068,dT_samples,60.91666667,55
NUS3068,dT_samples,60.04347826,54.375
NUS3068,dT_samples,57.25,54.4
NUS3068,dT_samples,60.92,54.25
NUS3068,dT_samples,51.25925926,44.72
NUS3068,dT_samples,52.86363636,37.43478261
NUS3068,dT_samples,48.66666667,40.82608696
NUS3068,CT_samples,49.57692308,52.125
NUS3068,CT_samples,43.71428571,52.85714286
NUS3068,CT_samples,48.42307692,51.39130435
NUS3068,CT_samples,48.31034483,50.21052632
NUS3068,CT_samples,43,49.28571429
NUS3068,CT_samples,41.625,51.58333333
NUS3068,CT_samples,42.44444444,50.53846154
NUS3068,CT_samples,45.88888889,51.14285714
NUS3068,CT_samples,42.88888889,41.44
NUS3068,CT_samples,48.36,51.55555556
NUS3068,CT_samples,48.84615385,51.23076923
NUS3068,CT_samples,49.65517241,51.22222222
NUS3068,CT_samples,46.63636364,51.46666667
NUS3068,CT_samples,45.18518519,48.70833333
NUS3068,CT_samples,47.8,46.41176471
NUS3068,CT_samples,38.68,37.69230769
NUS3068,CT_samples,41.69565217,50.68181818
NUS3068,CT_samples,45.27272727,48.2
NUS3068,CT_samples,51.15,53.33333333
NUS3068,CT_samples,55.5,64.33333333
NUS3068,RI_ratio,0.599182236,0.749775229
NUS3068,RI_ratio,0.677801813,0.756218707
NUS3068,RI_ratio,0.632192486,0.736798623
NUS3068,RI_ratio,0.675874892,0.754442856
NUS3068,RI_ratio,0.641245209,0.72769152
NUS3068,RI_ratio,0.669549282,0.732776249
NUS3068,RI_ratio,0.701167986,0.745584497
NUS3068,RI_ratio,0.709127285,0.745001949
NUS3068,RI_ratio,0.688906504,0.766649692
NUS3068,RI_ratio,0.568153735,0.78659381
NUS3068,RI_ratio,0.69130459,0.752245344
NUS3068,RI_ratio,0.641329221,0.788535319
NUS3068,RI_ratio,0.629379893,0.857834346
NUS3068,RI_ratio,0.622955787,0.734111489
NUS3068,RI_ratio,0.614279948,0.710431116
NUS3068,RI_ratio,0.62164405,0.694539212
NUS3068,RI_ratio,0.62570948,0.734270928
NUS3068,RI_ratio,0.700677571,0.843612321
NUS3068,RI_ratio,0.699362415,0.837389715
NUS3068,RI_ratio,0.687994049,0.821088447